Timestamp,CarRoll,CarPitch,CarYaw,RollGrad,ax,ay,az,ForwardAccel,LateralAccel,HeaveAccel,PitchRate,RollRate,YawRate,qw,qx,qy,qz,ShockPot1,ShockPot2,BrakePressure
1970-01-01 00:00:04.766,0.00,0.00,0.00,0.00,0.00,0.00,0.00,0.00,0.00,0.00,0.00,0.00,0.00,0.00,0.00,0.00,0.00,61.23,0.67,155
1970-01-01 00:00:04.823,0.00,0.00,0.00,0.00,-1.97,0.86,-9.32,0.00,0.86,0.00,0.00,0.00,0.00,0.00,0.00,0.00,0.00,61.29,0.61,155
1970-01-01 00:00:04.858,0.00,0.00,0.00,0.00,-1.97,0.86,-9.32,0.00,0.86,0.00,0.00,0.00,0.00,0.00,0.00,0.00,0.00,61.36,0.67,159
1970-01-01 00:00:04.914,0.00,0.00,0.00,0.00,-1.97,0.86,-9.32,0.00,0.86,0.00,-1.34,-9.96,2.91,0.00,0.00,0.00,0.00,61.29,0.49,141
1970-01-01 00:00:05.007,0.00,0.00,0.00,0.00,-1.05,0.25,-12.69,1.12,0.25,2.41,-1.23,-10.41,1.23,0.00,0.00,0.00,0.00,61.36,0.61,153
1970-01-01 00:00:05.106,165.44,-76.00,-172.05,88.44,-2.89,-0.86,-8.82,-0.30,-0.86,1.55,0.34,-2.24,3.47,0.66,-0.74,-0.10,0.07,61.23,0.67,157
1970-01-01 00:00:05.176,168.85,-76.07,-176.15,-231.83,0.18,0.33,-8.82,-0.30,0.33,1.55,1.01,5.60,4.36,0.66,-0.75,-0.10,0.07,61.29,0.61,155
1970-01-01 00:00:05.257,170.17,-76.12,-177.40,191.05,-0.63,-0.40,-8.75,-0.25,-0.40,4.33,-1.68,-11.86,3.92,0.66,-0.74,-0.09,0.08,61.17,0.61,156
1970-01-01 00:00:05.327,170.81,-76.12,-178.04,-354.30,-1.05,0.21,-10.66,-0.25,0.21,4.33,-1.23,-7.16,4.48,0.66,-0.74,-0.09,0.08,61.36,0.61,152
1970-01-01 00:00:05.387,170.81,-76.12,-178.04,65.17,-2.32,-1.17,-9.78,-0.25,-1.17,4.33,-0.22,-1.34,6.83,0.66,-0.74,-0.09,0.08,61.23,0.67,160
1970-01-01 00:00:05.468,171.69,-76.07,-178.70,113.88,-1.86,-0.67,-6.37,0.51,-0.67,2.95,0.56,-5.60,-4.03,0.66,-0.74,-0.09,0.08,61.29,0.67,154
1970-01-01 00:00:05.536,171.87,-76.10,-178.79,-52.94,-1.62,1.44,-7.83,0.51,1.44,2.95,-0.56,1.57,4.59,0.66,-0.74,-0.09,0.08,61.23,0.73,155
1970-01-01 00:00:05.608,172.08,-76.11,-179.11,-64.95,-1.93,1.17,-10.78,0.51,1.17,2.95,0.00,4.03,-3.02,0.66,-0.74,-0.09,0.08,61.17,0.67,151
1970-01-01 00:00:05.677,172.32,-76.08,-179.23,-74.91,-1.20,1.02,-8.78,0.51,1.02,2.95,0.56,10.52,-5.71,0.66,-0.74,-0.09,0.08,61.29,0.73,157
1970-01-01 00:00:05.747,172.29,-76.09,-179.44,234.70,0.14,-0.32,-12.85,0.51,-0.32,2.95,0.45,10.41,-6.94,0.66,-0.74,-0.09,0.08,61.17,0.67,153
1970-01-01 00:00:05.817,172.78,-76.10,-179.99,59.39,-1.93,-1.28,-8.71,0.51,-1.28,2.95,-0.45,-1.79,2.69,0.66,-0.74,-0.09,0.08,61.54,0.67,160
1970-01-01 00:00:05.878,173.06,-76.13,179.70,-74.96,-0.82,1.02,-8.21,0.51,1.02,2.95,0.34,1.45,7.16,0.66,-0.74,-0.09,0.08,61.36,0.61,156
1970-01-01 00:00:05.947,173.22,-76.08,179.39,-88.13,0.44,0.86,-9.79,0.51,0.86,2.95,-0.56,-1.12,4.81,0.66,-0.75,-0.09,0.08,61.36,0.67,153
1970-01-01 00:00:06.018,173.45,-76.12,179.39,-36.42,-2.16,2.09,-9.90,1.19,2.09,2.12,-1.68,-13.99,3.58,0.66,-0.74,-0.09,0.08,61.36,0.55,166
1970-01-01 00:00:06.098,173.67,-76.08,179.19,-1298.43,-1.55,0.06,-12.20,0.70,0.06,2.08,-0.11,-11.64,-2.35,0.66,-0.74,-0.09,0.08,61.36,0.67,160
1970-01-01 00:00:06.178,173.93,-76.12,179.08,-46.73,-1.43,1.63,-9.93,-0.13,1.63,3.37,-0.34,-4.59,3.47,0.66,-0.74,-0.09,0.08,61.23,0.67,156
1970-01-01 00:00:06.248,173.93,-76.12,179.08,-158.42,-1.55,0.48,-9.78,-0.13,0.48,3.37,0.22,-3.58,-2.24,0.66,-0.74,-0.09,0.08,61.42,0.61,154
1970-01-01 00:00:06.316,173.93,-76.12,179.08,-433.01,-0.59,0.18,-11.50,-0.13,0.18,3.37,-0.22,-5.82,5.71,0.66,-0.74,-0.09,0.08,61.11,0.67,158
1970-01-01 00:00:06.376,173.93,-76.12,179.08,78.26,-2.16,-0.97,-10.29,-0.13,-0.97,3.37,-0.67,3.80,4.48,0.66,-0.74,-0.09,0.08,61.17,0.67,159
1970-01-01 00:00:06.448,174.75,-76.01,178.25,810.80,-0.29,-0.09,-12.89,-0.13,-0.09,3.37,-0.78,-2.01,-0.90,0.66,-0.74,-0.09,0.08,61.42,0.67,153
1970-01-01 00:00:06.518,175.06,-76.08,178.03,-304.32,-1.78,0.25,-6.83,1.16,0.25,-3.34,-0.56,-2.91,8.50,0.66,-0.74,-0.09,0.08,61.42,0.67,157
1970-01-01 00:00:06.596,175.45,-76.08,177.73,811.51,-1.28,-0.09,-8.63,-0.70,-0.09,3.15,-0.34,-4.03,4.70,0.66,-0.74,-0.09,0.08,61.23,0.67,160
1970-01-01 00:00:06.657,175.45,-76.08,177.73,499.39,-1.28,-0.09,-8.63,-0.81,-0.15,1.59,-0.78,-2.69,5.15,0.66,-0.74,-0.09,0.08,61.42,0.61,158
1970-01-01 00:00:06.727,175.81,-76.06,177.40,-304.23,-1.74,0.25,-10.77,-0.81,0.25,1.59,0.45,-0.45,-6.15,0.66,-0.74,-0.09,0.08,61.36,0.67,159
1970-01-01 00:00:06.828,175.92,-76.04,177.14,137.09,-1.82,-0.55,-9.67,0.40,-0.55,0.87,-0.45,-6.71,-1.12,0.66,-0.74,-0.09,0.09,61.17,0.67,156
1970-01-01 00:00:06.906,176.00,-76.07,177.10,-31.77,-1.82,2.39,-10.73,-1.12,2.39,-0.73,-0.22,1.01,4.25,0.66,-0.74,-0.09,0.09,61.29,0.73,141
1970-01-01 00:00:06.978,176.19,-76.04,177.08,120.90,-0.86,-0.63,-8.75,-0.56,-0.63,-0.11,-0.56,-12.65,-6.27,0.66,-0.74,-0.09,0.09,61.29,0.67,160
1970-01-01 00:00:07.048,176.42,-76.03,176.70,-158.23,-0.71,0.48,-12.12,-0.56,0.48,-0.11,0.67,-1.79,-1.68,0.66,-0.74,-0.09,0.09,61.23,0.67,154
1970-01-01 00:00:07.118,176.54,-76.02,176.58,190.81,-2.81,-0.40,-9.40,0.12,-0.40,0.50,0.67,-3.80,-2.35,0.66,-0.74,-0.09,0.09,61.36,0.61,159
1970-01-01 00:00:07.189,176.81,-76.02,176.28,-158.21,-1.01,0.48,-7.06,-0.81,0.48,-1.21,-0.34,1.45,4.81,0.66,-0.74,-0.09,0.09,61.36,0.61,152
1970-01-01 00:00:07.258,177.27,-76.01,176.09,-35.70,-1.43,2.13,-9.71,0.09,2.13,2.00,-1.01,2.35,3.69,0.66,-0.74,-0.09,0.09,60.99,0.55,155
1970-01-01 00:00:07.319,177.56,-75.97,175.94,-432.20,-1.59,0.18,-8.90,0.09,0.18,2.00,-0.22,-0.67,-2.69,0.66,-0.74,-0.09,0.09,61.29,0.67,153
1970-01-01 00:00:07.407,177.92,-75.97,175.85,107.45,-1.17,-0.71,-12.12,0.09,-0.71,2.00,0.00,4.70,1.23,0.66,-0.74,-0.08,0.09,61.36,0.61,157
1970-01-01 00:00:07.468,177.98,-76.01,175.62,120.86,-0.67,-0.63,-7.33,0.09,-0.63,2.00,0.45,7.05,6.49,0.66,-0.74,-0.08,0.09,61.36,0.61,154
1970-01-01 00:00:07.538,178.07,-75.98,175.57,75.10,-2.62,-1.01,-7.25,0.09,-1.01,2.00,-0.22,-7.05,2.80,0.66,-0.74,-0.08,0.09,61.29,0.67,159
1970-01-01 00:00:07.609,178.08,-76.02,175.40,-69.50,0.48,1.09,-10.05,-0.65,1.09,-0.10,-1.23,-10.52,4.25,0.66,-0.74,-0.08,0.09,61.29,0.73,153
1970-01-01 00:00:07.678,178.24,-75.96,175.37,-43.50,-2.58,1.75,-9.06,-0.65,1.75,-0.10,-1.12,-13.99,4.03,0.66,-0.74,-0.08,0.09,61.23,0.67,155
1970-01-01 00:00:07.757,178.35,-75.99,174.99,810.55,-1.17,-0.09,-12.16,-1.16,-0.09,0.02,0.78,-0.90,-2.46,0.66,-0.74,-0.08,0.09,61.29,0.67,160
1970-01-01 00:00:07.819,178.38,-76.00,174.81,72.33,-1.70,-1.05,-7.79,-1.16,-1.05,0.02,0.67,-2.01,2.80,0.66,-0.74,-0.08,0.09,61.29,0.67,154
1970-01-01 00:00:07.889,178.76,-75.93,174.72,101.77,-2.89,-0.75,-9.55,-1.16,-0.75,0.02,-0.11,-11.97,-0.78,0.66,-0.74,-0.08,0.09,61.42,0.61,156
1970-01-01 00:00:07.958,178.67,-75.94,174.58,1388.61,-0.75,-0.05,-6.83,-0.57,-0.05,-2.58,-0.56,-1.90,6.83,0.66,-0.74,-0.08,0.09,61.36,0.67,159
1970-01-01 00:00:08.028,179.09,-75.95,174.39,-45.53,-1.55,1.67,-9.59,-0.57,1.67,-2.58,-0.90,0.90,5.93,0.66,-0.74,-0.08,0.09,61.17,0.67,153
1970-01-01 00:00:08.099,179.00,-75.92,174.27,-186.89,-1.70,0.41,-9.13,0.40,0.41,0.53,-0.11,7.50,-0.67,0.66,-0.74,-0.08,0.09,61.29,0.61,155
1970-01-01 00:00:08.169,179.31,-75.96,174.25,-206.86,-0.09,0.37,-12.00,0.40,0.37,0.53,0.34,10.07,-6.71,0.66,-0.74,-0.08,0.09,61.29,0.61,160
1970-01-01 00:00:08.249,179.19,-75.91,174.02,-74.74,0.75,1.02,-10.29,-0.27,1.02,-0.57,0.34,7.05,-4.92,0.66,-0.74,-0.08,0.09,61.29,0.73,157
1970-01-01 00:00:08.319,179.25,-75.96,173.99,-33.88,-2.66,2.24,-9.59,1.45,2.24,0.96,-1.01,-10.74,2.69,0.66,-0.74,-0.08,0.09,61.11,0.55,154
1970-01-01 00:00:08.389,179.33,-75.98,173.86,88.41,-1.28,-0.86,-8.21,1.45,-0.86,0.96,0.22,-9.85,-5.26,0.66,-0.74,-0.08,0.09,61.29,0.67,157
1970-01-01 00:00:08.459,179.34,-75.94,173.68,59.27,-0.29,-1.28,-12.20,1.45,-1.28,0.96,1.79,1.01,-5.71,0.66,-0.74,-0.08,0.09,61.23,0.67,156
1970-01-01 00:00:08.520,179.30,-75.95,173.64,-57.36,-0.75,1.32,-10.29,1.45,1.32,0.96,-1.45,-15.11,5.15,0.66,-0.74,-0.08,0.09,61.42,0.55,156
1970-01-01 00:00:08.589,179.60,-75.93,173.38,-43.48,-3.77,1.75,-10.24,1.45,1.75,0.96,0.22,-7.05,3.47,0.66,-0.74,-0.08,0.09,61.36,0.67,156
1970-01-01 00:00:08.669,179.49,-75.95,173.21,-113.05,-1.47,0.67,-9.51,1.10,0.67,0.45,0.56,14.44,0.67,0.66,-0.75,-0.08,0.09,61.42,0.61,160
1970-01-01 00:00:08.739,179.71,-75.94,173.03,-303.77,-1.24,0.25,-7.06,1.10,0.25,0.45,0.45,-0.34,-0.78,0.66,-0.74,-0.08,0.09,61.23,0.67,156
1970-01-01 00:00:08.819,179.97,-75.90,172.59,78.04,0.21,-0.97,-9.66,-2.53,-0.97,1.08,-0.11,-20.14,-3.36,0.65,-0.75,-0.08,0.09,61.29,0.61,157
1970-01-01 00:00:08.889,179.99,-75.89,172.29,52.94,-3.27,-1.43,-4.95,-2.53,-1.43,1.08,-0.34,3.58,2.01,0.65,-0.75,-0.08,0.09,61.17,0.73,156
1970-01-01 00:00:08.949,-179.81,-75.95,171.98,55.87,-3.96,-1.36,-7.94,-2.53,-1.36,1.08,2.69,-9.06,-2.69,0.65,-0.75,-0.08,0.09,61.17,0.73,150
1970-01-01 00:00:09.019,-179.54,-75.93,172.38,61.12,-0.98,-1.24,-9.79,-0.29,-1.24,0.79,3.02,9.51,-9.62,0.66,-0.74,-0.08,0.09,61.36,0.61,159
1970-01-01 00:00:09.099,-179.88,-75.86,172.05,21.41,-1.55,-3.54,-4.96,-3.85,-3.54,0.96,0.34,6.27,6.27,0.65,-0.75,-0.08,0.09,61.23,0.73,153
1970-01-01 00:00:09.190,-179.48,-75.90,172.21,-55.68,-1.59,1.36,-10.29,2.37,1.36,-1.54,0.67,12.42,-8.17,0.66,-0.74,-0.08,0.09,61.36,0.61,159
1970-01-01 00:00:09.269,-179.40,-75.91,171.88,-33.86,-4.54,2.24,-9.93,2.37,2.24,-1.54,1.68,1.01,-9.51,0.65,-0.75,-0.08,0.09,61.29,0.61,157
1970-01-01 00:00:09.339,-179.66,-75.82,171.66,570.90,0.18,-0.13,-13.00,2.37,-0.13,-1.54,0.00,3.58,-5.60,0.65,-0.75,-0.08,0.09,61.23,0.67,156
1970-01-01 00:00:09.410,-179.47,-76.05,170.91,-21.00,-5.00,3.62,-9.09,2.37,3.62,-1.54,-2.24,-16.56,6.38,0.65,-0.75,-0.08,0.09,61.11,0.61,155
1970-01-01 00:00:09.480,-179.62,-76.29,170.20,34.69,-7.75,-2.20,-8.48,2.37,-2.20,-1.54,5.60,11.19,-12.31,0.64,-0.76,-0.08,0.09,61.29,0.67,156
1970-01-01 00:00:09.549,-179.89,-76.64,170.25,-28.35,-9.13,2.70,-4.04,-7.45,2.70,2.39,-3.13,11.64,18.13,0.64,-0.76,-0.07,0.09,61.23,0.67,156
1970-01-01 00:00:09.649,179.51,-78.42,170.23,37.60,-12.23,-2.09,-4.84,7.35,-2.09,-2.98,5.26,4.36,-9.29,0.64,-0.76,-0.07,0.08,61.29,0.61,152
1970-01-01 00:00:09.729,179.33,-79.24,169.72,61.84,-4.46,-1.28,-16.87,-7.49,-1.28,5.63,3.80,-8.50,-31.33,0.63,-0.77,-0.06,0.07,61.29,0.61,160
1970-01-01 00:00:09.790,178.89,-79.96,169.63,32.91,0.60,-2.43,-12.27,-7.49,-2.43,5.63,-1.68,-14.21,25.85,0.63,-0.77,-0.06,0.07,61.23,0.61,157
1970-01-01 00:00:09.859,-177.93,-80.91,166.70,-15.93,-3.62,5.08,-6.14,-6.54,5.08,-3.44,4.25,-57.97,53.16,0.63,-0.77,-0.05,0.06,61.36,0.67,153
1970-01-01 00:00:09.939,-175.24,-82.54,164.03,110.63,-6.50,-0.75,-3.31,-6.54,-0.75,-3.44,4.14,6.83,5.15,0.63,-0.77,-0.04,0.05,61.23,0.67,158
1970-01-01 00:00:10.020,-172.10,-83.59,161.11,-19.92,-2.62,4.20,-7.41,-2.42,4.20,2.24,1.34,-7.27,31.11,0.64,-0.77,-0.03,0.05,61.23,0.67,158
1970-01-01 00:00:10.081,-172.10,-83.59,161.11,-55.15,-2.24,1.52,-9.82,-2.42,1.52,2.24,3.92,-5.48,-4.59,0.64,-0.77,-0.03,0.05,61.29,0.61,157
1970-01-01 00:00:10.159,-167.86,-84.33,156.92,-125.51,-2.24,0.67,-11.24,-0.04,0.67,0.55,0.90,-15.00,11.30,0.64,-0.77,-0.02,0.04,61.36,0.61,158
1970-01-01 00:00:10.221,-167.53,-84.78,157.24,49.78,-1.51,-1.70,-10.55,-0.04,-1.70,0.55,-1.57,-3.13,3.13,0.64,-0.77,-0.02,0.04,61.48,0.61,155
1970-01-01 00:00:10.290,-168.72,-85.47,158.36,-193.62,-3.46,0.44,-9.05,-6.46,0.44,-0.09,-3.92,23.95,6.27,0.64,-0.77,-0.02,0.03,61.23,0.67,163
1970-01-01 00:00:10.370,-169.33,-86.15,158.92,-30.98,1.25,2.78,-8.21,4.20,2.78,-0.08,-4.25,-4.59,18.02,0.64,-0.77,-0.02,0.03,61.42,0.61,192
1970-01-01 00:00:10.430,-170.58,-86.73,160.82,-76.56,0.25,1.13,-12.16,4.20,1.13,-0.08,-3.25,3.80,-3.36,0.64,-0.76,-0.01,0.02,61.17,0.67,204
1970-01-01 00:00:10.500,-171.77,-86.76,161.60,39.45,1.32,-2.20,-9.36,8.07,-2.20,1.77,-3.36,-1.45,10.52,0.64,-0.77,-0.01,0.02,61.29,0.61,198
1970-01-01 00:00:10.580,-163.02,-87.06,153.27,353.77,-0.29,-0.25,-10.28,0.84,-0.25,-2.13,3.47,-12.53,24.06,0.64,-0.76,-0.01,0.02,61.11,0.67,202
1970-01-01 00:00:10.650,-159.14,-87.35,149.36,130.77,-0.48,-0.67,-10.66,0.84,-0.67,-2.13,0.90,-7.50,13.99,0.64,-0.76,-0.01,0.02,61.36,0.67,212
1970-01-01 00:00:10.710,-153.83,-87.51,143.61,-238.32,0.37,0.37,-12.16,0.84,0.37,-2.13,2.80,1.79,12.31,0.64,-0.77,-0.01,0.02,61.29,0.67,210
1970-01-01 00:00:10.781,-150.57,-87.43,140.66,130.89,1.44,-0.67,-11.81,2.48,-0.67,3.60,-1.45,26.19,-3.58,0.64,-0.77,-0.00,0.02,61.23,0.67,215
1970-01-01 00:00:10.861,-150.51,-87.58,140.50,-4484.19,1.29,0.02,-11.70,1.63,0.02,1.59,0.90,12.31,-13.54,0.64,-0.77,-0.00,0.02,61.29,0.73,213
1970-01-01 00:00:10.920,-155.05,-87.37,144.87,199.70,1.32,-0.44,-9.90,1.63,-0.44,1.59,-2.80,7.39,-2.69,0.64,-0.77,-0.01,0.02,61.23,0.73,215
1970-01-01 00:00:10.990,-152.00,-87.81,142.51,-86.46,-2.93,1.02,-6.60,1.63,1.02,1.59,1.57,-2.24,1.57,0.65,-0.76,-0.00,0.02,61.17,0.67,213
1970-01-01 00:00:11.061,-152.99,-87.90,142.74,-216.36,2.43,0.41,-9.40,5.71,0.41,-4.36,0.45,-9.18,12.42,0.64,-0.77,-0.00,0.02,61.29,0.67,218
1970-01-01 00:00:11.130,-149.71,-88.00,139.83,102.41,-0.17,-0.86,-10.63,5.71,-0.86,-4.36,-0.22,-8.62,12.65,0.64,-0.77,-0.00,0.02,61.29,0.67,211
1970-01-01 00:00:11.201,-149.46,-87.89,139.33,97.83,-2.01,-0.90,-7.87,5.71,-0.90,-4.36,-1.68,4.36,11.30,0.64,-0.77,-0.00,0.02,61.36,0.73,207
1970-01-01 00:00:11.271,-150.81,-87.89,140.79,75.25,-4.35,-1.17,-7.10,5.71,-1.17,-4.36,-1.23,3.47,9.96,0.64,-0.77,-0.00,0.02,61.36,0.61,206
1970-01-01 00:00:11.361,-151.24,-87.93,140.56,73.08,-1.66,-1.20,-13.73,-2.32,-1.20,2.29,-1.79,20.70,15.33,0.64,-0.77,-0.00,0.02,61.29,0.67,206
1970-01-01 00:00:11.421,-151.24,-87.93,140.56,47.39,-2.62,-1.86,-8.94,-2.32,-1.86,2.29,-2.57,-18.13,9.18,0.64,-0.77,-0.00,0.02,61.29,0.67,206
1970-01-01 00:00:11.490,-151.68,-87.89,140.44,-66.37,-1.39,1.32,-9.70,-2.32,1.32,2.29,1.79,1.34,-12.87,0.63,-0.77,-0.00,0.02,61.23,0.73,206
1970-01-01 00:00:11.570,-152.79,-87.77,141.66,117.64,-0.67,-0.75,-7.91,0.85,-0.75,1.44,-1.68,-22.72,-20.03,0.64,-0.77,-0.00,0.02,61.29,0.55,215
1970-01-01 00:00:11.630,-152.79,-87.77,141.66,107.00,1.63,-0.82,-13.77,0.85,-0.82,1.44,0.00,-1.68,11.97,0.64,-0.77,-0.00,0.02,61.23,0.67,203
1970-01-01 00:00:11.700,-151.50,-87.88,140.40,271.04,-2.16,-0.32,-6.87,0.03,-0.32,-1.03,1.23,-0.22,-6.60,0.64,-0.77,-0.00,0.02,61.36,0.73,204
1970-01-01 00:00:11.771,-151.17,-87.92,140.16,107.18,-2.36,-0.82,-8.74,1.52,-0.82,-2.56,1.79,-2.80,-6.60,0.64,-0.77,-0.00,0.02,61.23,0.67,202
1970-01-01 00:00:11.841,-151.35,-87.83,140.37,270.89,-1.66,-0.32,-13.65,-0.24,-0.32,0.81,0.56,-5.04,0.90,0.64,-0.77,-0.00,0.02,61.23,0.73,192
1970-01-01 00:00:11.911,-150.80,-87.88,140.18,241.92,-3.12,-0.36,-8.56,-0.24,-0.36,0.81,-0.78,-11.19,6.83,0.64,-0.77,-0.00,0.02,61.23,0.73,204
1970-01-01 00:00:11.981,-150.29,-87.99,139.37,-111.52,-0.71,0.79,-7.21,-0.30,0.79,-1.91,-0.67,0.90,8.17,0.64,-0.77,-0.00,0.02,61.17,0.73,208
1970-01-01 00:00:12.061,-149.96,-87.79,139.14,-182.71,-1.05,0.48,-9.90,-0.00,0.48,0.39,0.00,6.27,6.38,0.64,-0.77,-0.00,0.02,61.36,0.67,203
1970-01-01 00:00:12.132,-149.42,-87.91,138.58,-304.11,-1.66,0.29,-9.97,-0.00,0.29,0.39,1.01,17.79,-9.96,0.64,-0.77,-0.00,0.02,61.29,0.73,202
1970-01-01 00:00:12.202,-147.64,-87.74,137.26,97.66,-0.52,-0.90,-13.53,-0.00,-0.90,0.39,-0.34,-1.90,-4.03,0.64,-0.77,-0.00,0.02,61.29,0.67,201
1970-01-01 00:00:12.272,-146.24,-87.73,136.31,75.11,-1.93,-1.17,-7.53,-0.00,-1.17,0.39,0.34,7.39,5.26,0.64,-0.77,-0.00,0.02,61.36,0.61,196
1970-01-01 00:00:12.341,-146.00,-87.77,136.22,-83.22,0.48,1.05,-10.97,-0.00,1.05,0.39,-0.34,-6.71,9.18,0.64,-0.76,-0.00,0.02,61.36,0.67,201
1970-01-01 00:00:12.411,-145.05,-87.71,135.41,-50.23,-3.12,1.75,-9.25,-0.00,1.75,0.39,0.56,-4.81,2.57,0.65,-0.76,-0.00,0.02,61.36,0.67,195
1970-01-01 00:00:12.471,-145.01,-87.67,135.68,-1496.21,-1.43,0.06,-9.40,-0.00,0.06,0.39,-0.34,-10.52,-5.37,0.65,-0.76,-0.00,0.02,61.36,0.67,205
1970-01-01 00:00:12.541,-144.98,-87.68,135.71,-897.82,-1.39,0.10,-8.67,0.58,0.10,-0.48,0.34,-4.81,0.00,0.65,-0.76,-0.00,0.02,61.36,0.67,203
1970-01-01 00:00:12.611,-144.51,-87.66,135.56,-4487.96,-1.70,0.02,-8.86,0.58,0.02,-0.48,0.22,-6.83,-6.27,0.65,-0.76,-0.00,0.02,61.29,0.67,202
1970-01-01 00:00:12.690,-144.79,-87.67,135.83,200.39,-1.17,-0.44,-7.68,0.49,-0.44,0.82,0.90,0.67,-4.81,0.65,-0.76,-0.00,0.02,61.23,0.67,206
1970-01-01 00:00:12.761,-144.34,-87.69,135.38,-45.26,-0.94,1.94,-8.48,-0.66,1.94,1.37,-0.11,4.81,6.04,0.65,-0.76,-0.00,0.02,61.29,0.85,193
1970-01-01 00:00:12.831,-144.17,-87.72,135.26,-80.20,-2.43,1.09,-8.94,-0.66,1.09,1.37,0.00,6.71,-1.45,0.65,-0.76,-0.00,0.02,61.36,0.67,201
1970-01-01 00:00:12.892,-145.20,-87.64,136.52,-168.70,-2.43,0.52,-7.02,-0.66,0.52,1.37,-0.22,14.44,-7.39,0.65,-0.76,-0.00,0.02,61.23,0.73,189
1970-01-01 00:00:12.972,-145.05,-87.76,136.12,97.68,-0.98,-0.90,-12.58,-0.98,-0.90,-0.86,-0.45,7.05,0.00,0.65,-0.76,-0.00,0.02,61.36,0.73,181
1970-01-01 00:00:13.042,-145.47,-87.69,136.70,1603.39,-1.43,-0.05,-7.45,-0.98,-0.05,-0.86,0.34,5.93,4.70,0.65,-0.76,-0.00,0.02,61.36,0.73,144
1970-01-01 00:00:13.112,-145.08,-87.63,136.33,-42.73,-1.51,2.05,-9.71,-0.98,2.05,-0.86,-1.12,-8.73,5.15,0.65,-0.76,-0.00,0.02,61.23,0.67,184
1970-01-01 00:00:13.191,-144.90,-87.75,136.31,-111.21,-1.86,0.79,-10.13,1.28,0.79,-1.09,1.23,-4.03,-1.01,0.65,-0.76,-0.00,0.02,61.23,0.67,205
1970-01-01 00:00:13.251,-144.90,-87.75,136.31,64.55,-2.81,-1.36,-7.94,1.28,-1.36,-1.09,-1.34,-10.74,7.50,0.65,-0.76,-0.00,0.02,61.29,0.73,183
1970-01-01 00:00:13.321,-145.33,-87.68,136.83,93.52,-2.47,-0.94,-11.50,1.28,-0.94,-1.09,0.34,-2.24,-4.03,0.65,-0.76,-0.00,0.02,61.29,0.79,174
1970-01-01 00:00:13.391,-145.81,-87.67,137.45,660.14,-1.39,-0.13,-6.99,1.28,-0.13,-1.09,0.00,3.36,5.82,0.65,-0.76,-0.00,0.02,61.29,0.73,175
1970-01-01 00:00:13.462,-145.34,-87.69,136.98,-74.83,-1.93,1.17,-9.10,1.28,1.17,-1.09,-0.45,3.92,6.15,0.65,-0.76,-0.00,0.02,61.42,0.67,174
1970-01-01 00:00:13.532,-144.96,-87.75,136.30,200.58,-1.62,-0.44,-9.21,1.28,-0.44,-1.09,1.23,9.74,-1.90,0.65,-0.76,-0.00,0.02,61.23,0.67,179
1970-01-01 00:00:13.602,-145.58,-87.78,137.03,-4494.53,-0.25,0.02,-13.80,-0.98,0.02,1.51,0.45,12.53,-6.49,0.65,-0.76,-0.00,0.02,61.23,0.73,173
1970-01-01 00:00:13.682,-145.57,-87.73,137.12,-57.88,-0.71,1.52,-11.01,-0.28,1.52,0.98,-0.11,-2.35,-2.24,0.65,-0.76,-0.00,0.02,61.05,0.67,184
1970-01-01 00:00:13.742,-145.80,-87.67,137.11,-215.81,-2.55,0.41,-8.44,-0.28,0.41,0.98,0.45,-3.13,-1.79,0.65,-0.76,-0.00,0.02,61.29,0.67,189
1970-01-01 00:00:13.812,-146.18,-87.77,137.64,-74.89,-2.70,1.17,-8.52,-0.28,1.17,0.98,0.22,-7.50,3.36,0.65,-0.76,-0.00,0.02,61.17,0.67,181
1970-01-01 00:00:13.892,-145.91,-87.68,137.35,66.41,-1.24,-1.32,-11.93,-1.75,-1.32,0.87,0.34,-6.49,-4.03,0.65,-0.76,-0.00,0.02,61.17,0.67,193
1970-01-01 00:00:13.952,-145.89,-87.76,137.23,-216.03,-0.40,0.41,-9.40,-1.75,0.41,0.87,0.34,7.05,5.93,0.65,-0.76,-0.00,0.02,61.29,0.79,175
1970-01-01 00:00:14.022,-146.54,-87.76,138.08,-130.62,-0.94,0.67,-7.55,-0.25,0.67,-1.96,-0.45,-4.36,5.26,0.65,-0.76,-0.00,0.02,61.23,0.67,206
1970-01-01 00:00:14.102,-146.19,-87.78,137.86,5618.19,-1.59,-0.02,-10.13,-0.04,-0.02,3.13,0.67,6.71,-1.23,0.65,-0.76,-0.00,0.02,61.29,0.67,183
1970-01-01 00:00:14.173,-146.58,-87.82,137.96,270.85,-0.21,-0.32,-13.57,-0.04,-0.32,3.13,1.34,6.38,-4.70,0.65,-0.76,-0.00,0.02,61.23,0.73,178
1970-01-01 00:00:14.243,-146.22,-87.74,137.71,200.55,-0.55,-0.44,-7.87,0.75,-0.44,-3.47,0.00,-1.57,5.15,0.65,-0.76,-0.00,0.02,61.36,0.79,142
1970-01-01 00:00:14.313,-146.66,-87.86,138.23,-50.32,-2.32,1.75,-9.51,-0.47,1.75,2.67,-1.45,-11.19,6.04,0.65,-0.76,-0.00,0.02,61.36,0.67,184
1970-01-01 00:00:14.382,-146.90,-87.73,138.32,510.41,-1.13,-0.17,-8.13,-0.47,-0.17,2.67,0.78,-3.13,-2.13,0.65,-0.76,-0.00,0.02,61.29,0.73,172
1970-01-01 00:00:14.452,-147.26,-87.70,138.62,510.28,-2.20,-0.17,-11.43,-0.07,-0.17,1.56,0.00,-3.69,-5.82,0.65,-0.76,-0.00,0.02,61.36,0.61,186
1970-01-01 00:00:14.522,-147.60,-87.67,139.11,158.05,-2.01,-0.55,-7.79,-0.07,-0.55,1.56,0.34,-3.25,1.12,0.65,-0.76,-0.00,0.02,61.36,0.85,147
1970-01-01 00:00:14.592,-147.31,-87.70,138.68,-52.58,0.06,1.67,-8.82,-0.07,1.67,1.56,-0.45,8.17,5.60,0.65,-0.76,-0.00,0.02,60.93,0.67,187
1970-01-01 00:00:14.662,-147.53,-87.66,138.65,356.22,-2.51,-0.25,-8.18,-0.07,-0.25,1.56,0.34,4.25,-1.79,0.65,-0.76,-0.00,0.02,61.29,0.61,184
1970-01-01 00:00:14.732,-148.18,-87.76,139.39,-408.46,-0.13,0.21,-13.15,-0.07,0.21,1.56,-0.11,6.83,-4.36,0.65,-0.76,-0.00,0.02,61.29,0.67,185
1970-01-01 00:00:14.793,-148.12,-87.78,139.53,112.36,-2.62,-0.78,-7.52,-0.07,-0.78,1.56,0.00,-8.62,0.90,0.65,-0.76,-0.00,0.02,61.23,0.67,185
1970-01-01 00:00:14.873,-148.10,-87.71,139.27,-55.03,0.60,1.59,-11.23,0.01,1.59,-2.17,1.12,0.90,-3.69,0.65,-0.76,-0.00,0.02,61.36,0.55,192
1970-01-01 00:00:14.952,-148.30,-87.64,139.49,-4487.24,-2.05,0.02,-10.63,1.51,0.02,-1.10,-0.22,-3.69,-1.45,0.65,-0.76,-0.00,0.02,61.11,0.73,210
1970-01-01 00:00:15.012,-148.30,-87.64,139.49,68.40,-2.77,-1.28,-7.55,1.51,-1.28,-1.10,0.00,-5.93,4.81,0.65,-0.76,-0.00,0.02,61.23,0.67,184
1970-01-01 00:00:15.092,-148.43,-87.81,139.96,-55.10,0.02,1.59,-9.59,-0.20,1.59,-1.67,0.34,-3.13,-1.34,0.65,-0.76,-0.00,0.02,61.42,0.67,182
1970-01-01 00:00:15.152,-148.43,-87.81,139.96,936.62,-0.75,-0.09,-8.98,-0.20,-0.09,-1.67,1.68,9.29,-5.26,0.65,-0.76,-0.00,0.02,61.23,0.85,183
1970-01-01 00:00:15.233,-148.01,-87.66,139.14,-303.27,-1.09,0.29,-12.73,1.48,0.29,-0.44,-0.56,3.13,0.56,0.65,-0.76,-0.00,0.02,61.36,0.67,183
1970-01-01 00:00:15.303,-148.71,-87.68,139.83,158.07,-2.55,-0.55,-7.29,1.48,-0.55,-0.44,-0.67,-7.27,2.24,0.65,-0.76,-0.00,0.02,61.23,0.61,181
1970-01-01 00:00:15.371,-148.40,-87.73,139.69,-59.42,-1.13,1.48,-10.55,1.48,1.48,-0.44,0.34,0.78,5.82,0.65,-0.76,-0.00,0.02,61.36,0.67,179
1970-01-01 00:00:15.433,-148.32,-87.73,139.48,148.73,-2.09,-0.59,-9.13,1.48,-0.59,-0.44,0.00,-5.93,-4.25,0.65,-0.76,-0.00,0.02,61.23,0.73,182
1970-01-01 00:00:15.513,-148.33,-87.65,139.33,1602.81,-1.93,-0.05,-10.47,-0.21,-0.05,0.91,0.34,-4.59,-7.50,0.65,-0.76,-0.00,0.02,61.29,0.73,226
1970-01-01 00:00:15.581,-148.63,-87.70,139.99,77.69,-2.85,-1.13,-8.48,-0.21,-1.13,0.91,-0.78,-7.50,0.78,0.65,-0.76,-0.00,0.02,61.29,0.61,179
1970-01-01 00:00:15.643,-147.96,-87.76,139.18,-72.71,0.25,1.21,-11.20,-0.21,1.21,0.91,-0.45,5.48,7.16,0.65,-0.76,-0.00,0.02,61.23,0.73,187
1970-01-01 00:00:15.713,-148.40,-87.74,139.50,-62.56,-0.59,1.40,-7.52,-0.21,1.40,0.91,-0.34,4.14,6.04,0.65,-0.76,-0.00,0.02,61.23,0.67,183
1970-01-01 00:00:15.793,-148.56,-87.76,139.66,936.07,-1.55,-0.09,-10.86,0.98,-0.09,1.95,0.11,6.83,1.79,0.65,-0.76,-0.00,0.02,61.36,0.61,180
1970-01-01 00:00:15.854,-148.73,-87.85,139.85,107.09,-1.89,-0.82,-10.82,0.98,-0.82,1.95,0.56,1.12,-1.23,0.65,-0.76,-0.00,0.02,61.17,0.73,183
1970-01-01 00:00:15.924,-148.63,-87.76,139.40,93.61,-1.51,-0.94,-10.39,0.98,-0.94,1.95,1.01,9.29,-5.93,0.65,-0.76,-0.00,0.02,61.36,0.67,183
1970-01-01 00:00:16.003,-148.68,-87.82,139.56,-83.27,-1.47,1.05,-10.13,0.93,1.05,0.35,-0.45,-4.81,5.48,0.65,-0.76,-0.00,0.02,61.23,0.73,189
1970-01-01 00:00:16.064,-149.79,-87.71,140.90,1603.92,-2.55,-0.05,-9.40,0.93,-0.05,0.35,0.00,-4.48,-4.70,0.65,-0.76,-0.00,0.02,61.23,0.67,182
1970-01-01 00:00:16.143,-149.48,-87.77,140.50,220.29,-2.51,-0.40,-11.78,-0.45,-0.40,1.77,-0.22,-6.49,-5.04,0.65,-0.76,-0.00,0.02,61.29,0.61,184
1970-01-01 00:00:16.213,-149.63,-87.77,140.59,-898.75,-1.47,0.10,-6.68,-0.45,0.10,1.77,-0.22,1.01,6.38,0.65,-0.76,-0.00,0.02,61.23,0.73,180
1970-01-01 00:00:16.284,-149.73,-87.81,140.93,-59.47,-1.05,1.48,-9.59,-0.45,1.48,1.77,-0.90,2.24,4.70,0.65,-0.76,-0.00,0.02,61.23,0.67,181
1970-01-01 00:00:16.353,-149.76,-87.71,140.81,131.31,-1.89,-0.67,-9.06,0.74,-0.67,-0.40,0.45,5.37,-4.03,0.65,-0.76,-0.00,0.02,61.42,0.61,177
1970-01-01 00:00:16.423,-149.96,-87.77,140.79,5617.05,-0.02,-0.02,-13.57,0.63,-0.02,-2.94,0.67,12.20,-4.81,0.65,-0.76,-0.00,0.02,61.29,0.67,185
1970-01-01 00:00:16.494,-150.17,-87.83,141.30,124.22,-2.77,-0.71,-6.72,0.60,-0.71,-3.23,-1.12,-12.65,3.47,0.65,-0.76,-0.00,0.02,61.36,0.67,178
1970-01-01 00:00:16.574,-150.25,-87.81,141.20,-351.26,-2.24,0.25,-7.71,-0.86,0.25,2.09,0.34,5.82,6.27,0.65,-0.76,-0.00,0.02,61.29,0.67,182
1970-01-01 00:00:16.633,-150.25,-87.81,141.20,-239.15,-0.75,0.37,-12.50,-0.86,0.37,2.09,-0.22,-4.92,4.59,0.65,-0.76,-0.00,0.02,61.36,0.73,180
1970-01-01 00:00:16.704,-150.90,-87.79,141.98,-642.09,-1.78,0.14,-9.70,-0.76,0.14,0.68,-0.22,-4.25,-5.93,0.65,-0.76,-0.00,0.02,61.29,0.67,180
1970-01-01 00:00:16.774,-150.58,-87.89,141.62,170.45,-2.51,-0.52,-10.28,-0.76,-0.52,0.68,0.00,-2.69,-1.68,0.65,-0.76,-0.00,0.02,61.36,0.67,189
1970-01-01 00:00:16.853,-150.36,-87.92,141.40,-75.03,-1.74,1.17,-9.63,-0.76,1.17,0.68,-0.34,1.45,5.37,0.65,-0.76,-0.00,0.02,61.17,0.61,181
1970-01-01 00:00:16.913,-150.36,-87.92,141.40,-1500.55,-2.66,0.06,-7.64,-0.76,0.06,0.68,-0.34,-7.39,-2.57,0.65,-0.76,-0.00,0.02,61.23,0.73,182
1970-01-01 00:00:16.984,-150.77,-87.91,141.87,661.90,-2.12,-0.13,-8.25,-0.23,-0.13,0.53,0.00,6.04,-2.13,0.65,-0.76,-0.00,0.02,61.23,0.67,179
1970-01-01 00:00:17.053,-150.75,-87.79,141.64,-198.89,-0.36,0.44,-13.57,0.01,0.44,-0.70,0.45,14.44,-8.06,0.65,-0.76,-0.00,0.02,61.42,0.67,176
1970-01-01 00:00:17.154,-151.24,-87.89,142.54,308.21,-2.20,-0.29,-7.02,1.29,-0.29,-4.02,0.34,-9.96,-2.69,0.65,-0.76,-0.00,0.02,61.36,0.67,179
1970-01-01 00:00:17.224,-150.70,-87.84,141.77,-62.64,-0.44,1.40,-10.28,-1.23,1.40,2.91,-0.45,5.48,6.49,0.65,-0.76,-0.00,0.02,61.29,0.55,198
1970-01-01 00:00:17.304,-151.06,-87.84,142.07,-267.70,-0.40,0.33,-13.54,1.45,0.33,-0.65,-0.22,1.79,2.13,0.65,-0.76,-0.00,0.02,61.42,0.67,181
1970-01-01 00:00:17.374,-151.13,-87.93,142.23,107.18,-2.12,-0.82,-7.03,1.45,-0.82,-3.90,0.11,-0.56,-0.90,0.65,-0.76,-0.00,0.02,61.29,0.67,178
1970-01-01 00:00:17.445,-151.37,-87.81,142.32,-83.26,-1.09,1.05,-11.01,1.45,1.05,-3.90,0.00,0.11,7.05,0.65,-0.76,-0.00,0.02,61.42,0.67,182
1970-01-01 00:00:17.514,-151.54,-87.79,142.43,1605.37,-0.98,-0.05,-9.79,1.45,-0.05,-3.90,1.01,-5.37,0.56,0.65,-0.76,-0.00,0.02,61.23,0.73,188
1970-01-01 00:00:17.595,-151.06,-87.81,142.27,124.19,-2.47,-0.71,-10.09,-0.71,-0.71,-0.07,0.45,-5.48,-4.59,0.65,-0.76,-0.00,0.02,61.29,0.61,183
1970-01-01 00:00:17.664,-151.06,-87.81,142.27,-146.92,-1.28,0.60,-6.98,-0.71,0.60,-0.07,1.23,-1.90,1.01,0.65,-0.76,-0.00,0.02,61.23,0.67,181
1970-01-01 00:00:17.753,-151.37,-87.85,142.37,-239.26,-0.90,0.37,-8.48,-0.71,0.37,-0.07,-0.78,4.59,-4.59,0.65,-0.76,-0.00,0.02,61.23,0.67,187
1970-01-01 00:00:17.824,-151.17,-87.85,142.24,-47.25,-1.62,1.86,-10.28,0.20,1.86,2.00,-0.78,-7.39,4.92,0.65,-0.76,-0.00,0.02,61.42,0.67,191
1970-01-01 00:00:17.895,-151.95,-87.80,143.03,1605.42,-1.74,-0.05,-7.41,0.20,-0.05,2.00,0.22,-11.19,-2.13,0.65,-0.76,-0.00,0.02,61.36,0.67,180
1970-01-01 00:00:17.983,-152.36,-87.73,143.40,-52.59,-0.05,1.67,-9.86,0.04,1.67,-2.07,0.00,7.27,6.04,0.65,-0.76,-0.00,0.02,61.42,0.73,176
1970-01-01 00:00:18.044,-152.36,-87.73,143.40,-1497.20,-2.09,0.06,-8.29,0.04,0.06,-2.07,1.23,-1.57,-3.58,0.65,-0.76,-0.00,0.02,61.29,0.73,177
1970-01-01 00:00:18.115,-150.94,-87.83,141.75,-157.23,-2.77,0.56,-8.71,1.85,0.56,0.07,0.00,3.92,-0.45,0.65,-0.76,-0.00,0.02,61.29,0.73,184
1970-01-01 00:00:18.184,-150.98,-87.79,142.00,-138.73,-0.98,0.63,-10.93,1.85,0.63,0.07,0.22,9.62,-5.71,0.65,-0.76,-0.00,0.02,61.29,0.61,183
1970-01-01 00:00:18.264,-151.60,-87.84,142.48,-169.07,-0.29,0.52,-10.24,0.31,0.52,-1.19,0.11,-0.22,-4.48,0.65,-0.76,-0.00,0.02,61.29,0.67,180
1970-01-01 00:00:18.324,-151.60,-87.84,142.48,-146.97,-2.74,0.60,-8.52,0.31,0.60,-1.19,0.34,9.51,-5.48,0.65,-0.76,-0.00,0.02,61.36,0.67,183
1970-01-01 00:00:18.394,-151.22,-87.90,142.33,-49.24,-2.36,1.79,-9.78,0.31,1.79,-1.19,-0.90,-9.96,3.02,0.65,-0.76,-0.00,0.02,61.23,0.73,181
1970-01-01 00:00:18.464,-150.55,-87.84,141.49,200.79,-2.01,-0.44,-7.33,0.31,-0.44,-1.19,-0.11,-8.73,-3.02,0.65,-0.76,-0.00,0.02,61.23,0.67,181
1970-01-01 00:00:18.544,-151.09,-87.77,142.12,270.71,-2.28,-0.32,-6.52,-0.16,-0.32,1.53,0.90,0.90,-5.71,0.65,-0.76,-0.00,0.02,61.42,0.67,186
1970-01-01 00:00:18.605,-151.13,-87.93,142.30,-46.32,-2.43,1.90,-9.09,-0.16,1.90,1.53,-0.56,2.35,5.93,0.65,-0.76,-0.00,0.02,61.29,0.67,176
1970-01-01 00:00:18.675,-150.52,-87.80,141.47,-59.46,-0.32,1.48,-9.86,-1.18,1.48,2.33,-0.22,9.29,6.38,0.65,-0.76,-0.00,0.02,61.23,0.67,184
1970-01-01 00:00:18.745,-150.32,-87.78,141.22,-106.51,-3.12,0.82,-8.40,-1.18,0.82,2.33,-0.22,2.69,1.45,0.65,-0.76,-0.00,0.02,61.11,0.73,179
1970-01-01 00:00:18.823,-150.25,-87.93,141.22,66.60,-2.55,-1.32,-7.48,-1.18,-1.32,2.33,0.78,2.13,-6.04,0.65,-0.76,-0.00,0.02,61.29,0.67,187
1970-01-01 00:00:18.895,-150.37,-87.76,141.08,-198.81,0.18,0.44,-11.09,-0.49,0.44,0.36,0.90,-0.34,6.71,0.65,-0.76,-0.00,0.02,61.36,0.73,180
1970-01-01 00:00:18.965,-150.17,-87.89,140.84,-72.82,-2.24,1.21,-9.51,-0.49,1.21,0.36,0.67,-2.46,1.57,0.65,-0.76,-0.00,0.02,61.36,0.67,177
1970-01-01 00:00:19.035,-150.92,-87.83,141.80,-169.05,-2.01,0.52,-8.44,-0.49,0.52,0.36,-0.34,-8.39,-2.57,0.65,-0.76,-0.00,0.02,61.36,0.61,178
1970-01-01 00:00:19.105,-149.77,-87.77,140.67,139.55,-2.74,-0.63,-10.77,-0.49,-0.63,0.36,0.78,-1.23,-4.59,0.65,-0.76,-0.00,0.02,61.29,0.67,182
1970-01-01 00:00:19.176,-149.73,-87.79,140.44,270.76,-1.89,-0.32,-6.37,0.60,-0.32,-3.13,-0.34,0.56,5.15,0.65,-0.76,-0.00,0.02,61.23,0.67,184
1970-01-01 00:00:19.246,-149.77,-87.81,140.53,-62.61,-1.20,1.40,-9.79,0.60,1.40,-3.13,-0.45,2.13,5.71,0.65,-0.76,-0.00,0.02,61.36,0.61,180
1970-01-01 00:00:19.323,-148.67,-87.77,139.20,-106.49,0.14,0.82,-13.73,0.60,0.82,-3.13,0.45,17.46,-8.50,0.65,-0.76,-0.00,0.02,61.42,0.67,179
1970-01-01 00:00:19.385,-148.67,-87.77,139.20,234.05,0.14,0.82,-13.73,-0.05,-0.37,-0.88,-0.34,4.03,5.60,0.65,-0.76,-0.00,0.02,61.17,0.79,187
1970-01-01 00:00:19.455,-149.58,-87.68,140.19,68.44,-1.93,-1.28,-9.59,-0.05,-1.28,-0.88,-0.56,-7.83,-1.90,0.65,-0.76,-0.00,0.02,61.36,0.49,220
1970-01-01 00:00:19.516,-148.83,-87.82,139.41,-106.55,-0.25,0.82,-7.53,-0.05,0.82,-0.88,0.11,1.34,7.61,0.65,-0.76,-0.00,0.02,61.23,0.79,186
1970-01-01 00:00:19.595,-149.83,-87.80,140.53,-44.42,-2.28,1.98,-9.40,1.15,1.98,-2.82,-1.01,-6.49,3.47,0.65,-0.76,-0.00,0.02,61.29,0.61,183
1970-01-01 00:00:19.665,-150.07,-87.67,140.81,356.25,-1.59,-0.25,-7.83,-0.69,-0.25,0.13,-0.67,-10.97,-3.92,0.65,-0.76,-0.00,0.02,61.29,0.61,186
1970-01-01 00:00:19.744,-149.57,-87.72,140.24,158.14,-2.85,-0.55,-6.30,-0.69,-0.55,0.13,-0.22,-8.95,2.24,0.65,-0.76,-0.00,0.02,61.29,0.67,181
1970-01-01 00:00:19.804,-149.57,-87.72,140.24,-45.27,-1.62,1.94,-9.90,-0.69,1.94,0.13,0.34,-9.51,-5.26,0.65,-0.76,-0.00,0.02,61.42,0.73,201
1970-01-01 00:00:19.885,-149.45,-87.68,140.26,200.41,-1.36,-0.44,-9.75,-1.06,-0.44,1.50,0.45,9.51,-0.90,0.65,-0.76,-0.00,0.02,61.36,0.61,180
1970-01-01 00:00:19.945,-149.45,-87.68,140.26,200.41,-0.75,-0.44,-11.20,-1.06,-0.44,1.50,0.00,-3.02,7.72,0.65,-0.76,-0.00,0.02,61.42,0.67,176
1970-01-01 00:00:20.016,-150.15,-87.74,141.11,170.17,-1.55,-0.52,-11.28,0.82,-0.52,-0.95,-1.01,-2.57,-8.62,0.65,-0.76,-0.00,0.02,61.36,0.49,216
1970-01-01 00:00:20.095,-149.63,-87.72,140.42,-106.42,-0.79,0.82,-9.71,-1.22,0.82,0.05,0.34,-0.56,-1.12,0.65,-0.76,-0.00,0.02,61.36,0.67,187
1970-01-01 00:00:20.165,-149.38,-87.75,140.16,-53.87,-2.43,1.63,-9.28,-1.22,1.63,0.05,0.67,1.79,-2.35,0.65,-0.76,-0.00,0.02,61.29,0.67,182
1970-01-01 00:00:20.235,-149.78,-87.86,140.83,424.39,-2.96,-0.21,-6.95,-1.22,-0.21,0.05,0.22,-4.48,-0.67,0.65,-0.76,-0.00,0.02,61.29,0.73,183
1970-01-01 00:00:20.306,-149.82,-87.82,140.82,220.42,-1.28,-0.40,-11.96,-1.22,-0.40,0.05,0.22,-4.70,-2.35,0.65,-0.76,-0.00,0.02,61.29,0.61,179
1970-01-01 00:00:20.376,-149.77,-87.84,140.70,220.46,-1.51,-0.40,-5.84,-1.22,-0.40,0.05,-0.78,-3.02,4.81,0.65,-0.76,-0.00,0.02,61.36,0.67,180
1970-01-01 00:00:20.436,-150.02,-87.83,141.22,-43.66,-2.12,2.01,-8.82,-1.22,2.01,0.05,-0.90,-0.11,3.58,0.65,-0.76,-0.00,0.02,61.29,0.67,186
1970-01-01 00:00:20.505,-149.85,-87.73,141.15,-51.39,-1.32,1.71,-10.20,-1.22,1.71,0.05,-0.34,3.47,6.38,0.65,-0.76,-0.00,0.02,61.29,0.67,185
1970-01-01 00:00:20.577,-149.47,-87.69,140.65,-350.74,-2.66,0.25,-8.79,0.83,0.25,-0.73,0.22,1.34,1.45,0.65,-0.76,-0.00,0.02,61.17,0.67,182
1970-01-01 00:00:20.647,-149.80,-87.72,140.96,241.45,0.67,-0.36,-13.43,-1.35,-0.36,0.65,1.34,18.69,-7.50,0.65,-0.76,-0.00,0.02,61.36,0.67,178
1970-01-01 00:00:20.726,-149.89,-87.73,141.18,-50.25,-2.51,1.75,-9.75,0.36,1.75,1.50,-0.11,-2.01,-1.12,0.65,-0.76,-0.00,0.02,61.11,0.67,212
1970-01-01 00:00:20.796,-149.93,-87.79,141.14,424.03,-1.59,-0.21,-7.71,-0.78,-0.21,0.23,1.12,-3.92,-0.67,0.65,-0.76,-0.00,0.02,61.36,0.92,161
1970-01-01 00:00:20.856,-149.64,-87.73,140.67,170.14,-0.05,-0.52,-13.07,-0.78,-0.52,0.23,1.12,-2.46,-4.81,0.65,-0.76,-0.00,0.02,61.54,0.67,174
1970-01-01 00:00:20.935,-149.64,-87.71,141.00,5613.51,-1.78,-0.02,-6.18,-0.54,-0.02,0.30,0.67,-2.57,-6.15,0.65,-0.76,-0.00,0.02,61.36,0.73,178
1970-01-01 00:00:21.006,-149.55,-87.74,141.04,-72.69,-0.36,1.21,-10.13,-1.05,1.21,4.18,-0.90,3.47,4.81,0.65,-0.76,-0.00,0.02,61.17,0.67,183
1970-01-01 00:00:21.085,-149.29,-87.75,140.64,1604.51,-0.55,-0.05,-12.77,-0.16,-0.05,-0.46,-0.22,2.01,-3.69,0.65,-0.76,-0.00,0.02,61.36,0.67,181
1970-01-01 00:00:21.146,-149.29,-87.75,140.64,1604.51,-1.82,-0.05,-6.18,-0.16,-0.05,-0.46,-0.90,-0.90,1.68,0.65,-0.76,-0.00,0.02,61.36,0.61,181
1970-01-01 00:00:21.216,-148.27,-87.75,139.61,-4492.97,-0.59,0.02,-9.40,1.44,0.02,-3.34,-0.90,-6.83,1.34,0.65,-0.76,-0.00,0.02,61.23,0.61,183
1970-01-01 00:00:21.285,-148.88,-87.69,140.38,-49.12,-2.28,1.79,-8.94,1.44,1.79,-3.34,-1.45,-11.19,7.05,0.65,-0.76,-0.00,0.02,61.29,0.67,180
1970-01-01 00:00:21.357,-148.71,-87.80,140.38,-169.00,-1.97,0.52,-8.67,1.44,0.52,-3.34,-0.67,-13.65,-4.48,0.65,-0.76,-0.00,0.02,61.23,0.61,182
1970-01-01 00:00:21.436,-148.39,-87.70,139.89,-111.15,-0.25,0.79,-8.48,1.44,0.79,-3.34,0.56,0.22,-4.59,0.65,-0.76,-0.00,0.02,61.42,0.67,179
1970-01-01 00:00:21.496,-148.39,-87.70,139.89,-182.54,-1.39,0.48,-9.16,1.44,0.48,-3.34,1.79,5.48,-5.48,0.65,-0.76,-0.00,0.02,61.23,0.67,182
1970-01-01 00:00:21.576,-148.06,-87.62,139.39,-897.23,-1.05,0.10,-11.12,0.85,0.10,1.23,-0.90,-3.25,2.46,0.65,-0.76,-0.00,0.02,61.23,0.61,184
1970-01-01 00:00:21.645,-148.06,-87.62,139.39,70.54,-1.62,-1.24,-9.02,0.85,-1.24,1.23,0.78,4.48,-2.80,0.65,-0.76,-0.00,0.02,61.17,0.73,181
1970-01-01 00:00:21.705,-148.06,-87.62,139.39,-74.77,0.10,1.17,-9.36,0.85,1.17,1.23,0.45,3.02,-2.13,0.65,-0.76,-0.00,0.02,61.36,0.61,176
1970-01-01 00:00:21.776,-147.79,-87.65,139.04,-97.14,-0.36,0.90,-10.63,0.85,0.90,1.23,0.11,0.00,7.27,0.65,-0.76,-0.00,0.02,61.36,0.49,182
1970-01-01 00:00:21.847,-147.63,-87.59,138.91,-303.01,-1.32,0.29,-9.28,0.52,0.29,-0.54,-0.90,-6.83,4.92,0.65,-0.76,-0.00,0.02,61.17,0.67,222
1970-01-01 00:00:21.915,-147.63,-87.59,138.91,-344.96,-1.32,0.29,-9.28,0.52,0.25,-2.83,0.34,-1.34,-1.79,0.65,-0.76,-0.00,0.02,61.29,0.73,189
1970-01-01 00:00:21.986,-148.14,-87.67,139.57,139.40,-1.97,-0.63,-8.44,-0.62,-0.63,-2.14,-0.11,-7.50,-1.12,0.65,-0.76,-0.00,0.02,61.23,0.67,178
1970-01-01 00:00:22.066,-147.26,-87.61,138.66,5607.32,-1.55,-0.02,-9.28,1.10,-0.02,0.31,-0.67,-0.67,5.48,0.65,-0.76,-0.00,0.02,61.36,0.67,179
1970-01-01 00:00:22.136,-147.54,-87.64,138.72,-97.13,-0.82,0.90,-13.04,1.10,0.90,0.31,0.67,18.02,-7.50,0.65,-0.76,-0.00,0.02,61.23,0.67,183
1970-01-01 00:00:22.206,-148.34,-87.70,139.70,90.16,-2.01,-0.97,-6.41,1.10,-0.97,0.31,-0.67,-6.71,0.67,0.65,-0.76,-0.00,0.02,61.29,0.73,185
1970-01-01 00:00:22.277,-147.89,-87.72,139.32,-49.14,-1.47,1.79,-10.47,-0.64,1.79,2.92,-0.78,-6.49,5.82,0.65,-0.76,-0.00,0.02,61.17,0.67,181
1970-01-01 00:00:22.347,-148.51,-87.74,139.92,510.48,-1.28,-0.17,-8.02,-0.64,-0.17,2.92,-0.45,-9.96,-3.69,0.65,-0.76,-0.00,0.02,61.29,0.61,179
1970-01-01 00:00:22.417,-147.73,-87.66,138.85,660.02,-1.47,-0.13,-12.39,-0.64,-0.13,2.92,0.90,0.11,-6.60,0.65,-0.76,-0.00,0.02,61.29,0.61,182
1970-01-01 00:00:22.487,-147.79,-87.68,138.90,270.45,-2.20,-0.32,-6.34,-0.64,-0.32,2.92,-0.11,-6.94,2.69,0.65,-0.76,-0.00,0.02,61.23,0.79,183
1970-01-01 00:00:22.557,-148.30,-87.76,139.70,-72.70,-0.40,1.21,-9.90,-0.64,1.21,2.92,-0.67,3.80,4.59,0.65,-0.76,-0.00,0.02,61.29,0.67,180
1970-01-01 00:00:22.627,-147.64,-87.70,138.94,510.26,-1.28,-0.17,-8.90,-0.64,-0.17,2.92,-0.45,-1.90,-2.35,0.65,-0.76,-0.00,0.02,61.17,0.67,180
1970-01-01 00:00:22.707,-147.97,-87.60,139.23,270.19,-2.32,-0.32,-6.26,0.97,-0.32,-3.91,0.56,10.74,-8.06,0.65,-0.76,-0.00,0.02,61.36,0.67,180
1970-01-01 00:00:22.777,-147.97,-87.60,139.23,-41.92,-1.74,2.09,-10.05,-0.95,2.09,3.26,0.00,6.71,-5.15,0.65,-0.76,-0.00,0.02,61.23,0.73,181
1970-01-01 00:00:22.847,-147.95,-87.65,139.27,219.97,-1.70,-0.40,-7.98,-0.95,-0.40,3.26,0.78,8.50,-4.81,0.65,-0.76,-0.00,0.02,61.29,0.49,182
1970-01-01 00:00:22.906,-147.95,-87.65,139.27,-215.74,0.06,0.41,-13.30,-0.95,0.41,3.26,0.34,0.78,5.15,0.65,-0.76,-0.00,0.02,61.23,0.67,182
1970-01-01 00:00:22.978,-148.31,-87.70,139.67,423.61,-1.59,-0.21,-10.97,-0.26,-0.21,-0.05,0.56,-1.12,-5.48,0.65,-0.76,-0.00,0.02,61.23,0.67,189
1970-01-01 00:00:23.048,-148.67,-87.76,140.07,131.38,-2.55,-0.67,-8.98,-0.87,-0.67,-0.43,0.34,-6.49,-1.01,0.65,-0.76,-0.00,0.02,61.36,0.73,184
1970-01-01 00:00:23.126,-148.44,-87.72,139.72,-215.93,-2.20,0.41,-9.51,-0.87,0.41,-0.43,0.45,3.47,1.68,0.65,-0.76,-0.00,0.02,61.23,0.55,168
1970-01-01 00:00:23.196,-148.65,-87.63,140.04,659.83,-1.89,-0.13,-10.73,-0.87,-0.13,-0.43,-0.45,-9.62,0.22,0.65,-0.76,-0.00,0.02,61.29,0.67,147
1970-01-01 00:00:23.267,-148.82,-87.68,140.12,75.07,-0.75,-1.17,-11.31,-0.54,-1.17,1.61,-0.11,9.40,7.50,0.65,-0.76,-0.00,0.02,61.11,0.67,179
1970-01-01 00:00:23.326,-148.82,-87.68,140.12,-215.82,-0.52,0.41,-7.41,-0.54,0.41,1.61,0.34,8.73,0.11,0.65,-0.76,-0.00,0.02,61.42,0.85,179
1970-01-01 00:00:23.407,-148.53,-87.72,139.82,-57.88,-2.47,1.52,-9.13,-0.33,1.52,-1.92,-0.78,-2.91,5.04,0.65,-0.76,-0.00,0.02,61.29,0.73,183
1970-01-01 00:00:23.467,-148.99,-87.75,140.33,-4492.73,-1.74,0.02,-9.97,-0.33,0.02,-1.92,0.45,-4.14,-4.70,0.65,-0.76,-0.00,0.02,61.29,0.61,178
1970-01-01 00:00:23.548,-148.70,-87.60,140.10,97.51,-1.82,-0.90,-11.47,-0.79,-0.90,0.26,-0.67,-11.86,-4.36,0.65,-0.76,-0.00,0.02,61.36,0.67,178
1970-01-01 00:00:23.638,-148.32,-87.74,139.41,158.18,-1.32,-0.55,-11.23,-0.34,-0.55,-0.36,-0.34,5.26,6.71,0.65,-0.76,-0.00,0.02,61.29,0.67,175
1970-01-01 00:00:23.718,-148.51,-87.71,139.67,-47.17,-3.00,1.86,-8.94,0.90,1.86,0.53,-0.90,-6.60,1.68,0.65,-0.76,-0.00,0.02,61.36,0.67,194
1970-01-01 00:00:23.788,-149.07,-87.66,140.25,935.03,-1.86,-0.09,-7.52,-0.59,-0.09,-0.08,0.00,-10.07,-4.59,0.65,-0.76,-0.00,0.02,61.29,0.73,160
1970-01-01 00:00:23.849,-148.76,-87.66,139.82,-1496.04,-0.94,0.06,-13.23,-0.59,0.06,-0.08,1.01,2.24,-5.82,0.65,-0.76,-0.00,0.02,61.29,0.55,152
1970-01-01 00:00:23.928,-149.12,-87.69,140.04,-4489.81,-2.70,0.02,-5.80,0.71,0.02,-4.06,0.90,3.02,-4.59,0.65,-0.76,-0.00,0.02,61.23,0.61,156
1970-01-01 00:00:23.998,-149.61,-87.71,140.97,-62.54,-0.05,1.40,-10.32,0.71,1.40,-4.06,-1.01,2.69,5.71,0.65,-0.76,-0.00,0.02,61.29,0.67,155
1970-01-01 00:00:24.068,-148.61,-87.81,139.74,5620.07,-1.86,-0.02,-9.32,0.71,-0.02,-4.06,0.67,2.57,-0.22,0.65,-0.76,-0.00,0.02,61.23,0.67,159
1970-01-01 00:00:24.138,-149.60,-87.81,140.92,-267.62,-0.63,0.33,-12.30,0.71,0.33,-4.06,0.56,12.65,-10.41,0.65,-0.76,-0.00,0.02,61.23,0.67,159
1970-01-01 00:00:24.218,-149.67,-87.70,140.91,-74.84,-0.55,1.17,-9.44,0.04,1.17,-1.49,0.11,-0.67,-2.57,0.65,-0.76,-0.00,0.02,61.29,0.67,152
1970-01-01 00:00:24.278,-149.67,-87.70,140.91,-138.60,-1.93,0.63,-9.90,0.04,0.63,-1.49,0.67,14.44,-7.50,0.65,-0.76,-0.00,0.02,61.36,0.67,153
1970-01-01 00:00:24.359,-149.76,-87.72,141.06,307.62,-1.47,-0.29,-8.52,1.08,-0.29,0.47,-0.34,-8.17,3.36,0.65,-0.76,-0.00,0.02,61.36,0.61,156
1970-01-01 00:00:24.418,-150.23,-87.66,141.29,200.38,-0.36,-0.44,-13.73,1.08,-0.44,0.47,0.00,-5.60,-1.90,0.65,-0.76,-0.00,0.02,61.36,0.67,157
1970-01-01 00:00:24.489,-150.46,-87.81,141.52,1605.75,-1.86,-0.05,-11.16,0.10,-0.05,1.24,0.56,-2.69,-6.38,0.65,-0.76,-0.00,0.02,61.36,0.73,166
1970-01-01 00:00:24.558,-150.04,-87.72,141.26,97.64,-2.62,-0.90,-8.10,0.10,-0.90,1.24,-0.45,-9.62,2.24,0.65,-0.76,-0.00,0.02,61.36,0.67,146
1970-01-01 00:00:24.638,-149.51,-87.76,140.59,-182.65,-2.32,0.48,-9.13,-1.42,0.48,0.46,-0.34,3.36,6.27,0.65,-0.76,-0.00,0.02,61.29,0.67,158
1970-01-01 00:00:24.699,-150.19,-87.78,141.46,-4494.17,-1.82,0.02,-9.36,-1.42,0.02,0.46,0.34,11.19,-9.29,0.65,-0.76,-0.00,0.02,61.36,0.67,153
1970-01-01 00:00:24.769,-150.16,-87.74,141.44,5615.25,-0.86,-0.02,-10.35,-0.95,-0.02,0.39,1.01,11.75,-4.48,0.65,-0.76,-0.00,0.02,61.42,0.67,142
1970-01-01 00:00:24.848,-150.03,-87.66,141.08,5610.33,-1.36,-0.02,-8.05,1.23,-0.02,-4.02,1.01,14.66,-7.61,0.65,-0.76,-0.00,0.02,61.23,0.67,170
1970-01-01 00:00:24.909,-150.35,-87.76,141.63,-66.27,-1.86,1.32,-9.71,1.23,1.32,-4.02,-1.01,-11.53,3.13,0.65,-0.76,-0.00,0.02,61.42,0.61,136
1970-01-01 00:00:24.989,-150.20,-87.79,141.41,-899.02,-1.55,0.10,-8.17,-0.10,0.10,2.43,-0.90,-5.60,7.50,0.65,-0.76,-0.00,0.02,61.36,0.73,159
1970-01-01 00:00:25.058,-150.19,-87.81,141.45,-351.26,-1.28,0.25,-10.36,-0.10,0.25,2.43,-0.11,-4.14,-4.59,0.65,-0.76,-0.00,0.02,61.29,0.61,154
1970-01-01 00:00:25.128,-150.51,-87.73,141.74,117.59,-2.58,-0.75,-11.20,-0.10,-0.75,2.43,1.34,1.12,-2.57,0.65,-0.76,-0.00,0.02,61.23,0.67,156
1970-01-01 00:00:25.189,-150.10,-87.72,141.08,-198.74,0.71,0.44,-10.29,-0.10,0.44,2.43,-0.11,4.92,6.94,0.65,-0.76,-0.00,0.02,61.23,0.73,156
1970-01-01 00:00:25.279,-150.16,-87.81,141.35,5619.79,-1.59,-0.02,-9.10,0.31,-0.02,2.73,-0.34,-6.15,4.03,0.65,-0.76,-0.00,0.02,61.29,0.55,159
1970-01-01 00:00:25.348,-150.16,-87.81,141.35,-216.15,-0.05,0.41,-13.84,0.31,0.41,2.73,0.00,12.98,-7.27,0.65,-0.76,-0.00,0.02,61.29,0.67,156
1970-01-01 00:00:25.409,-150.16,-87.81,141.35,356.81,-2.66,-0.25,-6.37,0.31,-0.25,2.73,-0.11,3.92,2.69,0.65,-0.76,-0.00,0.02,61.17,0.67,154
1970-01-01 00:00:25.479,-150.05,-87.74,141.14,112.30,-2.09,-0.78,-6.83,1.32,-0.78,-3.91,-1.57,-12.31,1.68,0.65,-0.76,-0.00,0.02,61.29,0.73,129
1970-01-01 00:00:25.548,-149.98,-87.80,141.05,-61.08,-0.63,1.44,-10.89,-1.63,1.44,3.30,1.12,8.50,7.95,0.65,-0.76,-0.00,0.02,61.36,0.61,154
1970-01-01 00:00:25.610,-149.89,-87.74,140.67,1604.40,-2.85,-0.05,-8.36,-1.63,-0.05,3.30,1.34,-3.13,-0.34,0.65,-0.76,-0.00,0.02,61.11,0.67,159
1970-01-01 00:00:25.689,-149.80,-87.82,140.67,200.74,-1.74,-0.44,-10.25,-1.12,-0.44,0.62,-0.34,-7.50,2.01,0.65,-0.76,-0.00,0.02,61.29,0.67,155
1970-01-01 00:00:25.769,-149.89,-87.74,140.73,-130.59,-0.29,0.67,-7.49,-0.79,0.67,-0.42,0.56,-1.12,-1.23,0.65,-0.76,-0.00,0.02,61.11,0.67,169
1970-01-01 00:00:25.830,-149.89,-87.74,140.73,-101.63,-2.43,0.86,-9.36,-0.79,0.86,-0.42,0.56,1.23,-6.04,0.65,-0.76,-0.00,0.02,61.29,0.67,156
1970-01-01 00:00:25.899,-149.91,-87.81,140.91,-146.93,-2.77,0.60,-9.17,-0.79,0.60,-0.42,-0.34,2.46,2.91,0.65,-0.76,-0.00,0.02,61.17,0.67,156
1970-01-01 00:00:25.968,-149.84,-87.81,140.72,-4495.81,-0.86,0.02,-10.39,-0.79,0.02,-0.42,0.56,13.54,-4.70,0.65,-0.76,-0.00,0.02,61.17,0.67,158
1970-01-01 00:00:26.049,-150.08,-87.71,140.69,-267.32,-0.32,0.33,-8.79,0.29,0.33,-0.65,0.11,8.73,-6.04,0.65,-0.76,-0.00,0.02,61.36,0.67,156
1970-01-01 00:00:26.109,-150.08,-87.71,140.69,-123.38,-1.62,0.71,-9.86,0.29,0.71,-0.65,1.23,11.19,-5.71,0.65,-0.76,-0.00,0.02,61.29,0.61,132
1970-01-01 00:00:26.179,-149.67,-87.85,140.48,-57.96,-1.66,1.52,-9.86,-0.21,1.52,2.31,-1.45,-9.96,3.36,0.65,-0.76,-0.00,0.02,61.36,0.67,155
1970-01-01 00:00:26.259,-149.53,-87.75,140.18,241.54,-1.66,-0.36,-11.77,-0.21,-0.36,2.31,-0.11,-7.83,-2.91,0.65,-0.76,-0.00,0.02,61.23,0.67,165
1970-01-01 00:00:26.329,-150.14,-87.76,141.09,97.68,-2.47,-0.90,-7.83,-0.21,-0.90,2.31,-0.45,-4.81,5.04,0.65,-0.76,-0.00,0.02,61.23,0.67,161
1970-01-01 00:00:26.390,-149.76,-87.69,140.62,-66.22,-0.59,1.32,-10.43,-0.21,1.32,2.31,-0.45,6.27,6.27,0.65,-0.76,-0.00,0.02,61.29,0.55,155
1970-01-01 00:00:26.460,-149.85,-87.76,140.50,-89.51,0.02,0.98,-8.86,-1.42,0.98,0.17,0.00,7.50,6.60,0.65,-0.76,-0.00,0.02,61.36,0.67,156
1970-01-01 00:00:26.530,-149.96,-87.77,140.80,-157.12,-2.81,0.56,-9.55,2.14,0.56,1.48,-0.11,3.69,2.13,0.65,-0.76,-0.00,0.02,61.36,0.67,160
1970-01-01 00:00:26.600,-149.97,-87.69,140.89,-238.82,-0.86,0.37,-9.59,-0.25,0.37,-0.32,0.45,6.04,-3.69,0.65,-0.76,-0.00,0.02,61.23,0.67,154
1970-01-01 00:00:26.669,-149.76,-87.73,140.55,935.77,-1.01,-0.09,-12.92,0.40,-0.09,1.75,-0.11,10.18,-8.17,0.65,-0.76,-0.00,0.02,61.36,0.67,162
1970-01-01 00:00:26.749,-149.94,-87.71,140.86,-48.18,-0.98,1.82,-9.70,-0.96,1.82,2.32,-0.34,-3.25,0.11,0.65,-0.76,-0.00,0.02,61.36,0.67,156
1970-01-01 00:00:26.810,-150.32,-87.77,141.03,-182.68,-2.47,0.48,-8.21,-0.96,0.48,2.32,0.67,-1.68,-1.68,0.65,-0.76,-0.00,0.02,61.17,0.67,161
1970-01-01 00:00:26.889,-150.39,-87.83,141.26,200.75,-1.70,-0.44,-7.98,-1.31,-0.44,-0.46,-0.11,-9.62,3.25,0.65,-0.76,-0.00,0.02,61.29,0.67,157
1970-01-01 00:00:26.960,-150.49,-87.80,141.30,270.81,-1.89,-0.32,-12.28,-1.31,-0.32,-0.46,0.56,-1.12,-0.78,0.65,-0.76,-0.00,0.02,61.29,0.61,164
1970-01-01 00:00:27.030,-150.54,-87.72,141.33,131.32,-2.55,-0.67,-7.79,-0.12,-0.67,-2.15,-0.11,-5.82,4.25,0.65,-0.76,-0.00,0.02,61.36,0.67,155
1970-01-01 00:00:27.090,-150.03,-87.74,140.87,-66.25,-0.32,1.32,-9.74,-0.12,1.32,-2.15,-0.78,1.57,7.50,0.65,-0.76,-0.00,0.02,61.29,0.61,157
1970-01-01 00:00:27.170,-150.19,-87.79,140.95,-117.05,-2.09,0.75,-10.05,1.21,0.75,1.72,0.11,3.47,6.38,0.65,-0.76,-0.00,0.02,61.23,0.67,158
1970-01-01 00:00:27.240,-150.70,-87.69,141.75,5612.38,-1.43,-0.02,-9.40,1.21,-0.02,1.72,0.34,10.52,-6.60,0.65,-0.76,-0.00,0.02,61.29,0.67,155
1970-01-01 00:00:27.310,-150.96,-87.74,141.87,5615.14,-0.32,-0.02,-12.85,0.43,-0.02,0.14,-0.90,4.81,-8.17,0.65,-0.76,-0.00,0.02,61.42,0.85,169
1970-01-01 00:00:27.390,-151.23,-87.78,142.18,-48.22,-0.75,1.82,-9.78,0.68,1.82,-1.38,-0.90,-9.51,3.47,0.65,-0.76,-0.00,0.02,61.23,0.67,152
1970-01-01 00:00:27.451,-151.23,-87.78,142.18,-216.08,-1.93,0.41,-9.59,0.68,0.41,-1.38,0.56,10.97,-8.06,0.65,-0.76,-0.00,0.02,61.36,0.67,161
1970-01-01 00:00:27.521,-151.45,-87.75,142.48,-66.26,-2.62,1.32,-9.48,0.68,1.32,-1.38,-0.34,-6.94,2.80,0.65,-0.76,-0.00,0.02,61.23,0.73,157
1970-01-01 00:00:27.599,-151.40,-87.86,142.38,200.81,-1.01,-0.44,-12.80,-0.97,-0.44,-0.00,0.34,-8.17,-4.03,0.65,-0.76,-0.00,0.02,61.29,0.61,154
1970-01-01 00:00:27.660,-151.40,-87.86,142.38,117.76,-1.24,-0.75,-8.56,-0.97,-0.75,-0.00,-0.22,-8.50,3.80,0.65,-0.76,-0.00,0.02,61.29,0.73,161
1970-01-01 00:00:27.740,-151.60,-87.80,142.61,-66.30,0.56,1.32,-8.40,-0.36,1.32,0.61,-0.34,6.15,6.15,0.65,-0.76,-0.00,0.02,61.23,0.73,159
1970-01-01 00:00:27.800,-151.60,-87.80,142.61,-101.71,-3.00,0.86,-9.09,-0.36,0.86,0.61,0.22,-7.72,-5.71,0.65,-0.76,-0.00,0.02,61.23,0.67,152
1970-01-01 00:00:27.880,-151.55,-87.83,142.61,-1499.03,-1.62,0.06,-9.51,-0.10,0.06,1.84,-0.56,3.58,3.47,0.65,-0.76,-0.00,0.02,61.29,0.67,160
1970-01-01 00:00:27.940,-151.55,-87.83,142.61,511.03,-1.86,-0.17,-11.32,-0.10,-0.17,1.84,0.22,-0.56,6.04,0.65,-0.76,-0.00,0.02,61.05,0.73,157
1970-01-01 00:00:28.019,-152.27,-87.67,143.27,61.15,-1.55,-1.43,-11.24,-0.69,-1.43,0.15,-0.11,8.95,-9.40,0.65,-0.76,-0.00,0.02,61.42,0.61,153
1970-01-01 00:00:28.081,-151.36,-87.74,142.27,-898.45,-0.71,0.10,-7.17,-0.69,0.10,0.15,0.34,2.91,7.72,0.65,-0.76,-0.00,0.02,61.29,0.67,152
1970-01-01 00:00:28.190,-151.21,-87.74,142.24,-55.05,-0.67,1.59,-8.52,-0.39,1.59,2.29,-0.34,-4.59,3.47,0.65,-0.76,-0.00,0.02,61.17,0.67,158
1970-01-01 00:00:28.259,-151.27,-87.75,142.24,-238.98,-2.16,0.37,-9.44,-0.39,0.37,2.29,-0.34,2.69,-1.68,0.65,-0.76,-0.00,0.02,61.17,0.61,161
1970-01-01 00:00:28.321,-151.76,-87.68,142.94,307.47,-2.12,-0.29,-7.91,-0.39,-0.29,2.29,0.00,6.27,-6.60,0.65,-0.76,-0.00,0.02,61.23,0.67,155
1970-01-01 00:00:28.401,-151.65,-87.81,142.78,170.30,-0.71,-0.52,-13.23,0.43,-0.52,0.04,-0.22,3.92,-4.81,0.65,-0.76,-0.00,0.02,61.29,0.67,158
1970-01-01 00:00:28.471,-151.51,-87.76,142.79,75.14,-2.62,-1.17,-7.37,0.71,-1.17,-2.69,-0.11,-1.68,4.14,0.65,-0.76,-0.00,0.02,61.36,0.67,153
1970-01-01 00:00:28.541,-152.08,-87.80,143.03,-77.50,0.52,1.13,-9.86,0.71,1.13,-2.69,0.34,2.91,6.04,0.65,-0.76,-0.00,0.02,61.23,0.67,153
1970-01-01 00:00:28.611,-152.05,-87.89,143.09,-64.47,-2.70,1.36,-9.55,0.71,1.36,-2.69,-0.56,-7.27,1.34,0.65,-0.76,-0.00,0.02,61.29,0.73,153
1970-01-01 00:00:28.680,-151.73,-87.79,142.68,5618.85,-1.17,-0.02,-8.86,0.71,-0.02,-2.69,0.56,-5.04,-4.36,0.65,-0.76,-0.00,0.02,61.29,0.67,156
1970-01-01 00:00:28.750,-152.08,-87.78,143.23,-198.86,-2.09,0.44,-8.78,0.71,0.44,-2.69,0.22,0.00,-6.38,0.65,-0.76,-0.00,0.02,61.23,0.61,157
1970-01-01 00:00:28.820,-152.53,-87.77,143.61,97.69,-1.74,-0.90,-12.04,0.71,-0.90,-2.69,-0.11,-8.73,-1.79,0.65,-0.76,-0.00,0.02,61.23,0.67,158
1970-01-01 00:00:28.890,-152.97,-87.73,144.26,220.18,-1.39,-0.40,-7.41,0.71,-0.40,-2.69,-0.67,-1.45,6.38,0.65,-0.76,-0.00,0.02,61.23,0.67,158
1970-01-01 00:00:28.961,-152.61,-87.85,143.85,-57.97,-0.86,1.52,-9.10,0.71,1.52,-2.69,-1.01,1.57,7.16,0.65,-0.76,-0.00,0.02,61.42,0.85,151
1970-01-01 00:00:29.030,-152.53,-87.80,143.67,-408.68,-3.70,0.21,-7.29,0.71,0.21,-2.69,-0.11,5.04,-1.01,0.65,-0.76,-0.00,0.02,61.17,0.67,163
1970-01-01 00:00:29.110,-153.06,-87.78,144.08,97.70,-1.82,-0.90,-11.54,-0.95,-0.90,0.25,1.34,15.33,-6.27,0.65,-0.76,-0.00,0.02,61.23,0.61,155
1970-01-01 00:00:29.171,-151.97,-87.74,142.88,5615.64,-0.36,-0.02,-7.45,-0.95,-0.02,0.25,-0.11,2.35,7.72,0.65,-0.76,-0.00,0.02,61.11,0.61,162
1970-01-01 00:00:29.241,-153.32,-87.72,144.29,72.91,-1.74,-1.20,-7.68,-0.95,-1.20,0.25,-1.12,-7.39,3.02,0.65,-0.76,-0.00,0.02,61.29,0.67,153
1970-01-01 00:00:29.341,-152.68,-87.74,143.64,-70.41,0.21,1.25,-8.14,-0.68,1.25,0.63,1.01,-1.01,-5.93,0.65,-0.76,-0.00,0.02,61.29,0.61,146
1970-01-01 00:00:29.431,-153.26,-87.76,144.28,90.23,-1.51,-0.97,-11.81,1.28,-0.97,1.94,-0.90,0.56,4.36,0.65,-0.76,-0.00,0.02,61.36,0.61,158
1970-01-01 00:00:29.491,-153.26,-87.76,144.28,936.15,-1.62,-0.09,-7.64,1.28,-0.09,1.94,0.00,3.36,1.90,0.65,-0.76,-0.00,0.02,61.36,0.73,155
1970-01-01 00:00:29.552,-153.00,-87.86,144.25,170.39,-2.51,-0.52,-7.56,1.28,-0.52,1.94,-0.67,-3.36,3.25,0.65,-0.76,-0.00,0.02,61.17,0.67,158
1970-01-01 00:00:29.631,-153.12,-87.74,143.90,-74.87,0.48,1.17,-9.55,0.59,1.17,-1.82,0.11,4.36,-3.25,0.65,-0.76,-0.00,0.02,61.29,0.67,156
1970-01-01 00:00:29.701,-153.10,-87.82,144.04,-56.49,-3.12,1.55,-9.10,1.57,1.55,0.52,-0.45,-5.93,8.17,0.65,-0.76,-0.00,0.02,61.36,0.67,156
1970-01-01 00:00:29.781,-152.93,-87.79,143.94,220.33,-1.78,-0.40,-12.30,-0.85,-0.40,-0.48,0.34,-7.27,-5.04,0.65,-0.76,-0.00,0.02,61.17,0.61,184
1970-01-01 00:00:29.851,-153.17,-87.78,144.31,117.65,-2.93,-0.75,-8.14,-0.85,-0.75,-0.48,-0.22,-8.17,4.70,0.65,-0.76,-0.00,0.02,61.36,0.73,156
1970-01-01 00:00:29.921,-153.17,-87.78,144.31,-66.29,-0.17,1.32,-7.83,-0.85,1.32,-0.48,-0.34,1.90,5.82,0.65,-0.76,-0.00,0.02,61.29,0.61,152
1970-01-01 00:00:29.992,-152.51,-87.77,143.28,-106.48,-2.32,0.82,-9.67,-0.85,0.82,-0.48,-0.45,5.04,-2.46,0.65,-0.76,-0.00,0.02,61.17,0.61,156
1970-01-01 00:00:30.062,-153.22,-87.82,144.22,-198.95,-1.47,0.44,-9.40,-0.85,0.44,-0.48,-0.22,7.83,-6.71,0.65,-0.76,-0.00,0.02,61.23,0.73,161
1970-01-01 00:00:30.122,-152.96,-87.75,143.80,106.98,-1.36,-0.82,-13.38,-0.85,-0.82,-0.48,0.56,5.71,-6.04,0.65,-0.76,-0.00,0.02,61.36,0.67,166
1970-01-01 00:00:30.192,-153.33,-87.77,144.22,70.66,0.98,-1.24,-13.46,-3.00,-1.24,0.01,0.45,14.44,-9.40,0.65,-0.76,-0.00,0.02,61.29,0.67,127
1970-01-01 00:00:30.270,-154.77,-87.73,145.87,-35.48,-5.27,2.47,-4.34,-0.01,2.47,1.24,-1.01,2.80,-1.23,0.65,-0.76,-0.01,0.02,61.36,0.61,159
1970-01-01 00:00:30.332,-155.30,-87.78,146.45,93.64,-0.63,-0.94,-9.20,-0.01,-0.94,1.24,2.69,-6.60,-5.48,0.65,-0.76,-0.01,0.02,61.29,0.61,150
1970-01-01 00:00:30.411,-153.93,-87.80,144.89,42.89,-4.38,-2.05,-6.37,-3.00,-2.05,-2.14,-1.34,-24.84,5.48,0.65,-0.76,-0.00,0.02,61.42,0.67,159
1970-01-01 00:00:30.472,-153.52,-87.81,144.28,-27.45,1.63,3.20,-8.90,-3.00,3.20,-2.14,4.03,11.08,-11.53,0.65,-0.76,-0.00,0.02,61.29,0.55,157
1970-01-01 00:00:30.552,-154.43,-87.83,145.62,-47.24,0.56,1.86,-12.62,2.84,1.86,0.87,-1.79,-10.18,13.20,0.65,-0.76,-0.01,0.02,61.29,0.61,160
1970-01-01 00:00:30.622,-153.61,-87.79,144.69,200.67,-4.88,-0.44,-9.51,-1.17,-0.44,3.36,0.22,5.26,-0.56,0.65,-0.76,-0.00,0.02,61.36,0.61,154
1970-01-01 00:00:30.682,-153.38,-87.88,143.94,-117.18,-0.59,0.75,-13.53,-1.17,0.75,3.36,0.78,12.98,0.56,0.65,-0.76,-0.00,0.02,61.29,0.55,155
1970-01-01 00:00:30.752,-155.15,-87.82,146.03,-80.29,-2.77,1.09,-11.58,-1.17,1.09,3.36,-2.35,-15.67,-12.87,0.65,-0.76,-0.01,0.02,61.17,0.73,156
1970-01-01 00:00:30.832,-154.57,-87.73,145.73,-39.82,1.63,2.20,-13.96,-2.91,2.20,-0.22,-0.22,-0.45,1.68,0.65,-0.76,-0.01,0.02,61.11,0.61,159
1970-01-01 00:00:30.933,-159.41,-87.64,150.14,-116.86,-0.82,0.75,-5.68,-7.81,0.75,0.85,-3.80,28.20,-7.39,0.65,-0.76,-0.01,0.02,61.36,0.61,160
1970-01-01 00:00:31.012,-159.64,-88.02,150.05,24.33,-7.03,-3.62,-9.09,-1.20,-3.62,-0.48,0.90,18.91,-5.71,0.65,-0.76,-0.01,0.02,61.23,0.67,156
1970-01-01 00:00:31.082,-152.30,-88.84,142.18,-40.98,-10.79,2.17,-7.45,-1.20,2.17,-0.48,-1.45,37.71,-0.45,0.64,-0.77,-0.00,0.01,61.29,0.61,159
1970-01-01 00:00:31.151,-133.82,-89.15,122.86,11.33,-8.25,-7.87,-5.11,-1.20,-7.87,-0.48,4.36,19.58,10.30,0.64,-0.77,0.00,0.01,61.48,0.61,156
1970-01-01 00:00:31.213,-99.54,-89.23,88.52,-159.74,-4.04,0.56,-5.50,-1.20,0.56,-0.48,1.12,-11.08,24.51,0.64,-0.77,0.00,0.01,61.23,0.67,155
1970-01-01 00:00:31.282,-34.14,-88.80,23.28,-38.93,-9.40,2.28,-5.91,-1.20,2.28,-0.48,-8.28,-16.00,32.34,0.64,-0.77,0.01,-0.00,61.36,0.61,156
1970-01-01 00:00:31.352,-35.90,-88.35,24.45,-52.97,-2.43,1.67,-16.22,-1.20,1.67,-0.48,5.48,52.15,-39.50,0.63,-0.77,0.01,-0.00,61.36,0.61,157
1970-01-01 00:00:31.433,-22.55,-87.78,10.63,-36.07,-11.59,2.43,-6.07,1.28,2.43,1.46,-3.36,-75.54,47.90,0.63,-0.78,0.02,-0.01,61.36,0.61,159
1970-01-01 00:00:31.502,-28.94,-87.69,15.81,18.25,3.39,-4.80,-16.02,1.28,-4.80,1.46,6.71,7.72,-22.16,0.62,-0.78,0.02,-0.01,61.36,0.61,158
1970-01-01 00:00:31.572,-20.40,-86.87,7.41,-40.80,-5.65,2.13,-18.67,1.28,2.13,1.46,0.78,-12.31,26.86,0.62,-0.78,0.02,-0.01,61.17,0.67,162
1970-01-01 00:00:31.642,-19.10,-85.91,6.77,-71.17,-5.99,1.21,-6.79,1.28,1.21,1.46,0.00,-13.65,-5.37,0.63,-0.78,0.03,-0.02,61.36,0.67,157
1970-01-01 00:00:31.714,-20.10,-84.68,8.26,-867.17,-5.69,0.10,1.52,1.28,0.10,1.46,9.40,14.44,-6.83,0.63,-0.78,0.04,-0.02,61.36,0.67,157
1970-01-01 00:00:31.782,-19.68,-83.39,7.81,34.88,-1.82,-2.39,-6.22,1.28,-2.39,1.46,11.30,22.60,49.01,0.63,-0.78,0.05,-0.03,61.36,0.67,159
1970-01-01 00:00:31.852,-17.30,-81.64,5.19,38.42,-6.42,-2.12,-5.91,-5.06,-2.12,-3.24,-2.91,-9.06,35.59,0.63,-0.78,0.06,-0.04,61.23,0.73,156
1970-01-01 00:00:31.913,-14.99,-80.39,2.70,34.70,-2.05,-2.32,-9.82,-5.06,-2.32,-3.24,-4.92,-34.36,53.49,0.63,-0.78,0.07,-0.05,61.29,0.61,148
1970-01-01 00:00:31.983,-14.02,-78.38,2.79,43.15,0.56,-1.82,-10.63,-5.06,-1.82,-3.24,9.29,-15.55,7.61,0.63,-0.77,0.08,-0.06,61.23,0.67,159
1970-01-01 00:00:32.053,-11.76,-77.42,0.76,-267.82,-0.48,0.29,-17.41,-6.25,0.29,9.71,-4.25,16.90,5.71,0.63,-0.77,0.09,-0.07,61.17,0.61,156
1970-01-01 00:00:32.132,-8.62,-74.82,-1.50,52.19,7.34,-1.43,-16.53,-6.25,-1.43,9.71,2.91,-1.12,7.39,0.64,-0.76,0.10,-0.09,61.36,0.67,155
1970-01-01 00:00:32.194,-9.22,-73.48,-0.88,-35.16,-2.66,2.09,-10.29,-6.25,2.09,9.71,-4.70,-45.10,37.38,0.64,-0.76,0.11,-0.09,61.29,0.67,160
1970-01-01 00:00:32.283,-10.82,-70.83,-0.08,137.38,-0.13,-0.52,-6.72,8.71,-0.52,-1.33,12.76,-26.41,34.13,0.63,-0.76,0.13,-0.11,61.23,0.67,158
1970-01-01 00:00:32.342,-10.82,-70.83,-0.08,39.85,1.63,-1.78,-10.97,8.71,-1.78,-1.33,14.21,-1.57,49.57,0.63,-0.76,0.13,-0.11,61.17,0.67,152
1970-01-01 00:00:32.413,-11.52,-67.66,1.24,82.48,1.67,-0.82,-12.77,-0.85,-0.82,2.35,12.98,-6.83,13.65,0.63,-0.75,0.15,-0.12,61.36,0.61,155
1970-01-01 00:00:32.493,-12.50,-66.21,0.95,-10.76,0.67,6.15,-5.64,-7.90,6.15,-0.77,-2.24,19.47,21.37,0.62,-0.76,0.16,-0.13,61.17,0.67,155
1970-01-01 00:00:32.563,-11.79,-64.39,1.20,-18.36,0.52,3.51,-8.48,-7.90,3.51,-0.77,-3.13,18.69,22.05,0.62,-0.75,0.17,-0.14,61.23,0.61,155
1970-01-01 00:00:32.633,-11.06,-62.77,-0.03,-20.87,5.92,3.01,-13.15,-7.90,3.01,-0.77,-10.18,-44.65,34.58,0.62,-0.75,0.18,-0.15,61.36,0.61,155
1970-01-01 00:00:32.694,-11.06,-62.77,-0.03,99.80,-8.52,-0.63,-11.77,-7.90,-0.63,-0.77,13.09,-16.56,38.83,0.62,-0.75,0.18,-0.15,61.29,0.67,158
1970-01-01 00:00:32.793,-12.70,-60.13,0.74,-16.26,-4.77,3.70,-10.01,-3.41,3.70,-2.56,-12.31,-20.70,-5.48,0.61,-0.75,0.20,-0.16,61.36,0.67,160
1970-01-01 00:00:32.873,-11.05,-59.20,-0.91,14.52,-7.22,-4.08,-5.03,-3.51,-4.08,0.52,-19.14,-58.53,31.00,0.61,-0.75,0.20,-0.17,61.29,0.67,175
1970-01-01 00:00:32.944,-12.73,-58.18,0.40,34.96,4.66,-1.66,-9.29,-3.51,-1.66,0.52,13.54,34.24,-5.15,0.60,-0.75,0.21,-0.17,61.17,0.67,156
1970-01-01 00:00:33.014,-12.39,-55.98,1.00,14.70,-4.99,-3.81,-3.57,-3.51,-3.81,0.52,9.18,-29.77,38.05,0.61,-0.74,0.23,-0.18,61.17,0.73,153
1970-01-01 00:00:33.094,-13.82,-54.34,1.41,-12.07,-5.95,4.50,-11.24,3.09,4.50,5.11,14.88,51.25,-3.02,0.60,-0.74,0.24,-0.19,61.36,0.61,157
1970-01-01 00:00:33.191,-13.04,-50.60,0.04,-12.06,2.82,4.20,-10.93,9.95,4.20,-4.80,-0.67,-19.02,46.44,0.59,-0.74,0.26,-0.21,61.36,0.61,157
1970-01-01 00:00:33.254,-11.56,-48.55,-0.59,-21.65,-15.88,2.24,-8.02,9.95,2.24,-4.80,0.45,0.22,27.75,0.59,-0.73,0.27,-0.23,61.11,0.67,157
1970-01-01 00:00:33.334,-13.09,-46.45,0.24,-4.43,0.18,10.48,-5.87,-13.62,10.48,12.23,11.64,41.63,36.03,0.58,-0.73,0.29,-0.23,61.23,0.67,159
1970-01-01 00:00:33.412,-13.71,-42.56,0.91,8.08,9.48,-5.27,-25.57,-13.62,-5.27,12.23,19.70,-11.30,1.68,0.57,-0.72,0.32,-0.25,61.29,0.67,156
1970-01-01 00:00:33.472,-13.71,-42.56,0.91,82.53,0.94,-0.52,-12.16,-13.62,-0.52,12.23,-6.94,-72.96,74.19,0.57,-0.72,0.32,-0.25,61.23,0.67,162
1970-01-01 00:00:33.544,-13.85,-37.94,1.11,-7.76,-8.52,4.89,-18.86,-6.52,4.89,13.40,12.09,45.10,6.49,0.56,-0.70,0.35,-0.27,61.42,0.61,159
1970-01-01 00:00:33.614,-13.47,-35.20,1.27,-34.66,1.21,1.02,-11.88,0.73,1.02,1.52,7.95,-14.55,17.23,0.56,-0.69,0.36,-0.28,61.23,0.73,157
1970-01-01 00:00:33.684,-12.28,-33.07,0.48,-5.38,-6.64,6.15,-6.87,0.70,6.15,-9.95,-3.80,-42.19,22.05,0.55,-0.68,0.37,-0.30,61.36,0.67,158
1970-01-01 00:00:33.754,-11.58,-30.96,-0.44,9.24,-8.37,-3.35,-4.99,-5.55,-3.35,-4.78,-1.01,43.20,10.41,0.55,-0.68,0.38,-0.31,61.42,0.61,152
1970-01-01 00:00:33.824,-11.67,-28.61,-0.28,-16.39,1.17,1.75,-6.60,-5.55,1.75,-4.78,5.82,14.55,26.52,0.54,-0.67,0.39,-0.32,61.23,0.67,156
1970-01-01 00:00:33.884,-11.65,-26.87,-0.10,-3.39,-1.97,7.92,-4.76,-5.55,7.92,-4.78,15.78,-14.21,41.18,0.54,-0.66,0.41,-0.33,61.23,0.73,159
1970-01-01 00:00:33.955,-10.85,-25.10,-1.13,-76.48,3.77,0.33,-16.75,-5.55,0.33,-4.78,-14.77,-11.53,55.84,0.53,-0.66,0.41,-0.35,61.29,0.61,164
1970-01-01 00:00:34.032,-10.88,-23.53,-0.01,-2.08,-7.64,11.32,-2.54,-4.71,11.32,8.96,11.53,3.25,-12.98,0.53,-0.64,0.42,-0.35,61.23,0.67,160
1970-01-01 00:00:34.104,-10.37,-22.16,-0.35,9.27,-1.55,-2.39,-7.33,-4.71,-2.39,8.96,4.36,18.35,30.89,0.53,-0.64,0.43,-0.36,61.29,0.73,179
1970-01-01 00:00:34.174,-10.82,-20.82,0.01,-7.29,-8.33,2.86,-7.37,4.63,2.86,-0.95,3.36,-56.74,54.27,0.52,-0.63,0.44,-0.36,61.23,0.67,155
1970-01-01 00:00:34.235,-12.11,-18.33,-0.27,12.13,-3.77,-1.51,-13.39,4.63,-1.51,-0.95,-1.45,54.61,-18.13,0.51,-0.63,0.45,-0.37,61.29,0.61,158
1970-01-01 00:00:34.324,-13.07,-15.63,-0.25,-1.48,-12.74,10.59,-2.12,-0.44,10.59,3.96,7.16,20.14,41.63,0.49,-0.62,0.47,-0.38,61.42,0.61,156
1970-01-01 00:00:34.394,-12.36,-14.17,-0.16,106.71,-0.75,-0.13,-6.79,-0.44,-0.13,3.96,8.28,10.18,49.80,0.49,-0.62,0.48,-0.39,61.23,0.67,162
1970-01-01 00:00:34.465,-11.81,-12.01,-0.08,-10.25,-5.92,1.17,-11.88,-0.44,1.17,3.96,12.31,19.14,18.80,0.49,-0.60,0.49,-0.40,61.36,0.61,161
1970-01-01 00:00:34.534,-12.60,-10.78,-0.02,-3.04,-5.69,3.55,-8.10,-0.44,3.55,3.96,4.36,34.91,-5.04,0.48,-0.60,0.50,-0.40,61.23,0.67,160
1970-01-01 00:00:34.594,-12.60,-10.78,-0.02,-2.19,-2.55,4.93,-9.32,-0.44,4.93,3.96,-8.50,-27.53,17.46,0.48,-0.60,0.50,-0.40,61.23,0.73,159
1970-01-01 00:00:34.673,-12.64,-6.33,-0.13,-0.76,2.55,8.30,-8.67,8.21,8.30,0.08,-0.45,-17.35,19.25,0.46,-0.58,0.52,-0.42,61.36,0.67,157
1970-01-01 00:00:34.734,-11.70,-5.34,-0.11,-1.82,-9.10,2.93,-3.42,8.21,2.93,0.08,5.15,-48.90,-17.23,0.47,-0.57,0.52,-0.43,61.29,0.67,157
1970-01-01 00:00:34.804,-12.42,-3.96,-0.01,-1.58,-4.95,2.51,-2.96,4.74,2.51,3.63,0.34,9.74,18.02,0.46,-0.57,0.53,-0.43,61.36,0.67,159
1970-01-01 00:00:34.875,-14.23,-2.62,0.42,1.41,-4.38,-1.86,-12.39,3.67,-1.86,-0.75,12.87,14.66,36.71,0.45,-0.57,0.55,-0.42,61.23,0.73,159
1970-01-01 00:00:34.955,-14.55,-0.10,0.86,-0.01,2.39,7.15,-11.74,-1.71,7.15,6.50,14.77,40.96,-17.79,0.44,-0.56,0.56,-0.43,61.36,0.67,159
1970-01-01 00:00:35.024,-12.57,2.75,0.62,0.58,-5.15,4.70,-4.38,-1.71,4.70,6.50,-5.15,5.04,17.68,0.43,-0.54,0.57,-0.45,61.36,0.73,158
1970-01-01 00:00:35.094,-11.80,5.38,0.32,0.96,-8.41,5.61,1.52,-1.71,5.61,6.50,10.18,1.79,64.57,0.43,-0.52,0.58,-0.46,61.23,0.73,159
1970-01-01 00:00:35.155,-12.10,7.01,0.15,-1.53,-3.35,-4.57,-4.19,-1.71,-4.57,6.50,3.92,-12.87,54.95,0.42,-0.51,0.58,-0.47,61.36,0.61,154
1970-01-01 00:00:35.218,-12.45,9.41,0.62,-25.89,-3.04,-0.36,-7.87,-1.71,-0.36,6.50,11.08,5.48,26.75,0.41,-0.50,0.60,-0.47,61.36,0.55,157
1970-01-01 00:00:35.295,-13.44,11.39,1.21,21.93,-2.74,0.52,-1.97,8.17,0.52,-2.61,20.48,-9.51,37.49,0.40,-0.49,0.61,-0.47,61.29,0.61,163
1970-01-01 00:00:35.373,-14.73,15.31,0.89,-6.41,6.69,-2.39,-13.39,5.46,-2.39,-5.61,7.05,-14.55,26.75,0.37,-0.48,0.63,-0.48,61.23,0.73,157
1970-01-01 00:00:35.444,-12.91,18.01,1.26,3.44,1.29,5.23,-11.73,-6.22,5.23,2.14,15.00,-2.01,39.39,0.37,-0.46,0.64,-0.50,61.29,0.67,159
1970-01-01 00:00:35.514,-14.11,19.68,1.41,-17.43,-8.75,-1.13,-14.26,-8.83,-1.13,5.57,8.84,24.17,26.41,0.36,-0.45,0.65,-0.49,61.29,0.61,157
1970-01-01 00:00:35.575,-15.32,21.76,1.68,75.26,2.55,0.29,-17.02,-8.83,0.29,5.57,5.93,-34.69,39.06,0.35,-0.44,0.67,-0.49,61.36,0.61,161
1970-01-01 00:00:35.665,-15.05,24.30,1.14,11.63,3.97,2.09,-11.62,6.66,2.09,-2.88,3.02,9.62,11.53,0.33,-0.43,0.67,-0.50,61.48,0.61,146
1970-01-01 00:00:35.725,-15.05,24.30,1.14,8.63,-1.09,2.82,-8.25,6.66,2.82,-2.88,-4.70,-6.04,20.48,0.33,-0.43,0.67,-0.50,61.23,0.55,158
1970-01-01 00:00:35.795,-13.46,26.88,0.27,-10.56,-1.17,-2.55,-2.70,-0.13,-2.55,-1.21,5.93,40.29,-4.36,0.33,-0.41,0.67,-0.53,61.29,0.67,160
1970-01-01 00:00:35.855,-14.54,28.69,0.76,-8.87,-3.88,-3.23,-2.62,-0.13,-3.23,-1.21,11.86,36.03,31.22,0.31,-0.40,0.68,-0.52,61.17,0.67,156
1970-01-01 00:00:35.935,-15.57,31.06,1.15,10.45,-2.12,2.97,-11.39,-0.13,2.97,-1.21,15.00,27.64,22.72,0.30,-0.39,0.70,-0.52,61.23,0.67,162
1970-01-01 00:00:36.005,-14.69,32.38,1.35,16.38,5.35,1.98,-17.86,-0.13,1.98,-1.21,4.81,-13.43,18.24,0.30,-0.38,0.70,-0.53,61.29,0.61,158
1970-01-01 00:00:36.076,-13.15,33.61,1.58,5.03,0.29,6.69,-10.20,3.04,6.69,-1.88,3.25,20.14,42.30,0.30,-0.37,0.70,-0.54,61.48,0.61,155
1970-01-01 00:00:36.186,-14.54,36.58,1.11,29.35,7.95,1.25,-13.35,-2.64,1.25,4.54,15.22,-5.60,44.99,0.28,-0.35,0.71,-0.54,61.29,0.67,156
1970-01-01 00:00:36.255,-15.58,39.90,1.26,-13.11,-2.85,-3.04,-18.94,-2.64,-3.04,4.54,8.73,-21.60,29.54,0.26,-0.33,0.73,-0.54,61.23,0.67,166
1970-01-01 00:00:36.325,-15.58,39.90,1.26,7.31,-5.73,5.46,-6.18,2.08,5.46,-5.19,0.56,0.34,49.24,0.26,-0.33,0.73,-0.54,61.11,0.73,160
1970-01-01 00:00:36.394,-15.86,44.31,-0.37,-121.97,-1.62,-0.36,-8.48,2.08,-0.36,-5.19,2.46,10.85,13.54,0.23,-0.31,0.73,-0.56,61.29,0.61,158
1970-01-01 00:00:36.465,-15.34,46.61,0.22,26.69,-10.05,1.75,-3.04,2.08,1.75,-5.19,7.27,-21.26,22.72,0.22,-0.29,0.74,-0.56,61.29,0.67,154
1970-01-01 00:00:36.536,-16.58,48.30,0.46,-22.32,0.90,-2.16,-3.57,-1.94,-2.16,-0.32,6.60,41.74,-0.45,0.21,-0.28,0.75,-0.56,61.36,0.67,154
1970-01-01 00:00:36.605,-17.62,50.39,0.42,-379.44,0.02,-0.13,-17.98,-1.05,-0.13,7.34,12.87,42.08,23.28,0.20,-0.27,0.76,-0.55,61.29,0.67,155
1970-01-01 00:00:36.685,-18.30,52.57,-0.34,19.17,-3.27,2.74,-7.41,3.00,2.74,-9.28,7.05,-33.12,43.76,0.19,-0.26,0.77,-0.56,61.23,0.61,143
1970-01-01 00:00:36.754,-17.01,55.66,-1.11,-21.23,-3.73,-2.62,-13.65,3.00,-2.62,-9.28,9.06,46.33,16.67,0.17,-0.24,0.76,-0.58,61.17,0.73,158
1970-01-01 00:00:36.814,-17.01,55.66,-1.11,-9.92,-2.93,-5.61,-17.41,3.00,-5.61,-9.28,3.58,-19.92,53.38,0.17,-0.24,0.76,-0.58,61.42,0.67,147
1970-01-01 00:00:36.886,-18.41,59.25,-1.35,29.98,-2.89,1.98,-5.46,-0.62,1.98,1.98,10.63,38.83,-1.68,0.15,-0.22,0.78,-0.57,61.29,0.61,158
1970-01-01 00:00:36.966,-19.89,61.77,-2.83,19.31,-6.72,3.20,-6.79,1.15,3.20,3.09,2.69,27.98,47.00,0.14,-0.20,0.78,-0.58,61.42,0.61,157
1970-01-01 00:00:37.025,-19.89,61.77,-2.83,-28.09,-9.60,-2.20,-7.33,1.15,-2.20,3.09,8.73,9.40,29.21,0.14,-0.20,0.78,-0.58,61.42,0.61,157
1970-01-01 00:00:37.096,-20.25,64.27,-3.93,21.37,-1.74,3.01,-6.68,-0.87,3.01,2.49,1.45,-26.41,-0.11,0.12,-0.19,0.78,-0.58,61.23,0.67,156
1970-01-01 00:00:37.166,-21.46,65.86,-4.45,-17.47,-7.52,-3.77,-10.39,3.11,-3.77,4.91,-0.45,16.45,22.38,0.11,-0.18,0.79,-0.58,61.29,0.67,160
1970-01-01 00:00:37.236,-21.88,67.94,-4.91,64.42,1.05,1.05,-7.41,3.11,1.05,4.91,11.19,21.37,25.29,0.10,-0.16,0.79,-0.58,61.36,0.61,158
1970-01-01 00:00:37.317,-23.45,69.06,-6.77,132.93,0.06,0.52,-13.88,-4.86,0.52,7.09,-10.30,-11.41,1.34,0.09,-0.16,0.79,-0.59,61.48,0.55,146
1970-01-01 00:00:37.386,-22.70,70.38,-6.38,10.71,-3.54,6.57,-5.64,-4.86,6.57,7.09,4.36,2.80,8.73,0.09,-0.15,0.79,-0.59,61.23,0.67,157
1970-01-01 00:00:37.454,-22.92,71.67,-6.53,-61.36,-6.61,-1.17,-6.98,-4.86,-1.17,7.09,8.17,-3.69,22.27,0.08,-0.14,0.79,-0.59,61.36,0.67,157
1970-01-01 00:00:37.526,-25.18,72.83,-7.28,-66.82,-2.39,-1.09,-7.11,0.49,-1.09,5.94,5.71,45.21,16.34,0.07,-0.13,0.80,-0.58,61.23,0.67,156
1970-01-01 00:00:37.595,-25.97,73.64,-8.03,30.75,-6.57,2.39,-7.25,0.49,2.39,5.94,6.27,9.51,4.48,0.07,-0.13,0.80,-0.58,61.17,0.73,158
1970-01-01 00:00:37.666,-23.81,74.50,-7.09,-37.84,6.27,-1.97,-14.99,0.49,-1.97,5.94,11.30,41.52,-18.13,0.07,-0.12,0.80,-0.59,61.29,0.67,136
1970-01-01 00:00:37.726,-21.86,75.97,-6.46,1296.48,-4.00,0.06,-3.12,0.49,0.06,5.94,12.42,-25.74,26.41,0.06,-0.10,0.79,-0.60,61.23,0.73,154
1970-01-01 00:00:37.796,-20.78,78.13,-5.31,54.35,-1.09,1.44,-13.46,0.49,1.44,5.94,12.42,14.55,15.67,0.05,-0.09,0.79,-0.60,61.29,0.67,156
1970-01-01 00:00:37.876,-21.63,79.68,-5.76,53.97,-3.20,1.48,-9.13,-3.75,1.48,-6.22,4.14,7.50,27.31,0.05,-0.08,0.79,-0.60,61.29,0.73,157
1970-01-01 00:00:37.946,-24.10,82.57,-7.88,-14.52,6.19,-5.69,-20.97,13.51,-5.69,-7.14,12.87,16.00,36.71,0.03,-0.06,0.80,-0.60,61.36,0.67,152
1970-01-01 00:00:38.007,-24.44,84.24,-6.88,-40.38,9.71,-2.09,-18.09,13.51,-2.09,-7.14,-2.01,1.79,17.79,0.02,-0.04,0.81,-0.59,61.29,0.67,154
1970-01-01 00:00:38.086,-41.62,88.46,-25.26,15.14,-3.12,5.84,-12.20,-5.45,5.84,3.02,25.85,-43.87,55.84,0.00,-0.01,0.80,-0.60,61.36,0.61,155
1970-01-01 00:00:38.156,-158.34,87.87,-142.48,-34.50,-8.48,-2.55,-11.50,-5.45,-2.55,3.02,-10.18,61.77,36.37,0.02,-0.00,-0.80,0.60,61.42,0.55,158
1970-01-01 00:00:38.217,176.09,85.60,-168.26,33.46,-8.48,-2.55,-11.50,4.81,2.56,0.79,15.11,-39.39,63.90,0.03,-0.03,-0.80,0.60,61.23,0.67,158
1970-01-01 00:00:38.297,172.59,82.53,-172.13,-41.92,1.36,-1.97,-14.80,2.15,-1.97,1.71,12.98,-21.26,32.90,0.05,-0.05,-0.79,0.61,61.42,0.61,154
1970-01-01 00:00:38.366,172.15,79.33,-171.51,13.84,3.39,5.73,-13.27,-0.24,5.73,1.74,-2.91,-20.25,60.99,0.07,-0.07,-0.80,0.60,61.36,0.61,155
1970-01-01 00:00:38.466,171.13,74.18,-171.77,-37.68,2.17,-1.97,-14.23,-0.24,-1.97,1.74,10.41,15.55,38.83,0.10,-0.10,-0.80,0.59,61.29,0.61,156
1970-01-01 00:00:38.536,171.74,71.55,-172.08,19.76,-4.88,3.62,-6.26,-0.24,3.62,1.74,6.27,24.17,10.18,0.11,-0.11,-0.79,0.59,61.23,0.73,156
1970-01-01 00:00:38.616,170.20,68.60,-172.89,-37.77,0.75,-1.82,-6.45,1.47,-1.82,-1.91,13.09,19.58,46.89,0.13,-0.13,-0.79,0.59,61.23,0.73,157
1970-01-01 00:00:38.677,169.78,66.93,-172.45,12.26,-5.19,5.46,-7.18,1.47,5.46,-1.91,4.59,10.07,30.66,0.14,-0.14,-0.79,0.58,61.42,0.61,151
1970-01-01 00:00:38.740,171.19,65.72,-170.72,-23.70,-2.16,-2.77,-6.72,1.47,-2.77,-1.91,-14.10,5.60,29.21,0.15,-0.15,-0.79,0.57,61.36,0.61,152
1970-01-01 00:00:38.817,171.72,64.23,-171.21,12.75,-8.83,5.04,-5.18,0.88,5.04,-4.52,6.60,-8.84,46.44,0.16,-0.16,-0.78,0.58,61.42,0.67,155
1970-01-01 00:00:38.897,170.82,62.23,-171.13,-22.12,-1.20,-2.81,-15.72,4.06,-2.81,4.74,1.57,11.97,35.47,0.17,-0.17,-0.79,0.57,61.23,0.67,153
1970-01-01 00:00:38.966,170.73,60.25,-171.46,16.64,-0.09,3.62,-10.59,4.06,3.62,4.74,2.46,-31.22,64.23,0.18,-0.18,-0.78,0.57,61.36,0.61,156
1970-01-01 00:00:39.037,171.17,57.94,-172.04,20.02,-4.08,2.89,-3.23,0.15,2.89,-0.37,12.42,-31.33,5.93,0.19,-0.20,-0.77,0.57,61.23,0.67,160
1970-01-01 00:00:39.108,171.02,55.48,-173.32,-71.02,0.33,-0.78,-8.18,2.80,-0.78,0.07,18.13,18.46,29.43,0.21,-0.21,-0.76,0.58,61.23,0.67,155
1970-01-01 00:00:39.178,169.03,52.95,-174.80,31.75,1.48,1.67,-8.67,-2.45,1.67,0.69,13.76,8.06,70.84,0.21,-0.24,-0.76,0.57,61.36,0.61,157
1970-01-01 00:00:39.247,167.43,50.19,-175.29,14.63,-1.70,3.43,-13.34,4.36,3.43,4.41,10.18,-2.69,18.35,0.22,-0.26,-0.76,0.56,61.17,0.67,161
1970-01-01 00:00:39.317,167.38,47.95,-174.55,11.12,-0.32,4.31,-7.02,10.09,4.31,-10.80,14.32,-17.35,47.67,0.24,-0.27,-0.76,0.55,61.23,0.67,159
1970-01-01 00:00:39.388,168.33,44.34,-174.51,177.36,-4.38,0.25,-13.07,10.09,0.25,-10.80,16.67,-18.69,42.52,0.26,-0.29,-0.74,0.55,61.23,0.73,156
1970-01-01 00:00:39.457,168.13,42.39,-174.26,5.84,-9.25,7.26,-5.34,2.01,7.26,-4.46,4.59,36.26,41.63,0.27,-0.30,-0.74,0.54,61.36,0.61,161
1970-01-01 00:00:39.537,169.32,38.36,-174.39,-12.15,-3.39,-3.16,-10.17,7.41,-3.16,-3.59,9.06,-29.77,31.00,0.29,-0.32,-0.72,0.54,61.17,0.67,159
1970-01-01 00:00:39.607,169.32,38.36,-174.39,18.70,4.81,2.05,-7.75,7.41,2.05,-3.59,5.82,15.11,31.45,0.29,-0.32,-0.72,0.54,61.36,0.73,158
1970-01-01 00:00:39.667,169.32,38.36,-174.39,-31.88,-3.20,-1.20,-6.02,7.41,-1.20,-3.59,9.18,-49.13,39.17,0.29,-0.32,-0.72,0.54,61.36,0.61,156
1970-01-01 00:00:39.747,166.80,30.97,-175.34,3.93,-3.31,7.87,-5.22,-3.01,7.87,7.37,16.45,6.49,36.26,0.32,-0.37,-0.70,0.51,61.29,0.67,158
1970-01-01 00:00:39.807,166.80,30.97,-175.34,11.46,-4.61,2.70,-10.13,-3.01,2.70,7.37,6.94,25.96,22.94,0.32,-0.37,-0.70,0.51,61.29,0.67,156
1970-01-01 00:00:39.877,165.57,28.07,-175.41,14.49,-1.43,1.94,-15.64,0.43,1.94,3.20,0.90,9.62,27.64,0.33,-0.39,-0.70,0.50,61.29,0.67,158
1970-01-01 00:00:39.957,166.26,25.79,-175.52,10.11,1.98,2.55,-4.07,1.95,2.55,-1.48,-1.57,-71.96,30.55,0.34,-0.40,-0.69,0.50,61.29,0.67,156
1970-01-01 00:00:40.027,167.04,24.06,-175.37,-4.51,-2.36,-5.34,-12.08,-2.27,-5.34,6.11,-4.92,-28.31,18.24,0.36,-0.41,-0.68,0.50,61.36,0.67,157
1970-01-01 00:00:40.087,167.04,24.06,-175.37,26.67,-8.10,0.90,-9.32,-2.27,0.90,6.11,9.74,2.01,13.32,0.36,-0.41,-0.68,0.50,61.29,0.67,158
1970-01-01 00:00:40.158,164.35,20.69,-175.62,-8.01,-3.77,-2.58,-8.75,-2.27,-2.58,6.11,5.60,48.79,32.12,0.36,-0.44,-0.67,0.47,61.42,0.61,155
1970-01-01 00:00:40.228,164.88,19.18,-175.22,7.00,4.23,2.74,-18.90,-2.27,2.74,6.11,-1.12,-16.90,19.92,0.37,-0.44,-0.67,0.47,61.36,0.67,152
1970-01-01 00:00:40.308,166.92,17.60,-174.63,5.70,-0.75,3.09,-9.29,5.92,3.09,-8.30,-9.62,-64.57,25.74,0.39,-0.44,-0.65,0.47,61.29,0.67,156
1970-01-01 00:00:40.369,167.25,16.38,-175.10,-4.78,2.66,-3.43,-7.17,5.92,-3.43,-8.30,8.17,11.19,15.00,0.39,-0.45,-0.65,0.47,61.23,0.67,157
1970-01-01 00:00:40.438,167.25,16.38,-175.10,14.98,-2.36,1.09,-4.46,7.65,1.09,-6.66,9.29,67.59,41.29,0.39,-0.45,-0.65,0.47,61.36,0.67,156
1970-01-01 00:00:40.508,165.85,12.59,-175.86,71.60,-1.89,0.18,-7.53,1.90,0.18,1.46,8.39,44.31,10.74,0.40,-0.48,-0.63,0.46,61.29,0.67,153
1970-01-01 00:00:40.578,163.58,11.05,-176.12,-3.73,-1.78,-2.96,-11.92,-1.84,-2.96,5.85,5.93,36.82,43.31,0.40,-0.50,-0.63,0.44,61.36,0.73,157
1970-01-01 00:00:40.648,162.99,9.48,-176.14,-3.42,2.97,-2.77,-10.13,1.71,-2.77,1.48,1.90,12.87,15.22,0.40,-0.51,-0.63,0.43,61.36,0.61,157
1970-01-01 00:00:40.728,163.34,7.98,-176.42,1.74,-0.05,4.58,-4.80,0.34,4.58,-3.32,1.79,-50.13,36.71,0.41,-0.51,-0.62,0.43,61.36,0.67,158
1970-01-01 00:00:40.798,164.81,5.85,-176.54,2.70,-7.79,2.17,-3.65,-1.97,2.17,-2.89,0.67,-10.41,-17.01,0.42,-0.52,-0.60,0.43,61.23,0.73,160
1970-01-01 00:00:40.859,163.85,4.56,-177.09,5.53,8.11,0.82,-12.92,-1.97,0.82,-2.89,14.55,21.49,36.37,0.42,-0.53,-0.60,0.43,61.36,0.67,159
1970-01-01 00:00:40.936,163.19,2.29,-177.24,-41.91,8.11,-0.05,-12.30,3.62,-0.05,-3.25,10.41,-16.00,24.17,0.43,-0.55,-0.59,0.42,61.42,0.61,156
1970-01-01 00:00:41.009,163.75,1.24,-177.31,0.29,-4.57,4.27,-12.93,-2.62,4.27,1.03,3.36,-2.57,23.50,0.43,-0.55,-0.58,0.42,61.23,0.67,160
1970-01-01 00:00:41.079,165.78,-0.42,-177.17,0.35,-1.66,-1.20,-6.79,9.87,-1.20,-9.19,-7.05,-47.45,20.93,0.45,-0.55,-0.57,0.42,61.48,0.67,158
1970-01-01 00:00:41.148,168.42,-2.81,-177.98,-0.45,-12.54,6.27,6.50,9.87,6.27,-9.19,11.30,-4.25,31.56,0.47,-0.55,-0.54,0.43,61.29,0.61,157
1970-01-01 00:00:41.208,167.46,-4.26,-178.36,-17.05,0.86,0.25,-6.95,9.87,0.25,-9.19,20.93,19.81,35.92,0.47,-0.57,-0.54,0.42,61.42,0.61,154
1970-01-01 00:00:41.289,166.63,-6.18,-178.36,-5.46,-9.14,1.13,-7.33,-8.79,1.13,3.73,-0.22,11.30,14.77,0.47,-0.58,-0.53,0.41,61.29,0.61,164
1970-01-01 00:00:41.358,165.32,-8.68,-178.73,-14.52,2.05,0.60,-13.88,-8.79,0.60,3.73,11.64,12.98,46.55,0.47,-0.60,-0.52,0.39,61.29,0.61,149
1970-01-01 00:00:41.428,164.68,-10.89,-178.71,-1.89,4.16,5.77,-11.81,-8.79,5.77,3.73,4.70,39.39,24.95,0.47,-0.61,-0.51,0.38,61.29,0.73,159
1970-01-01 00:00:41.499,164.06,-12.49,-178.65,5.30,-4.65,-2.36,-12.92,-0.21,-2.36,1.12,5.04,-12.76,37.71,0.48,-0.62,-0.50,0.37,61.23,0.67,156
1970-01-01 00:00:41.569,164.65,-14.70,-178.60,-4.19,4.04,3.51,-11.96,2.89,3.51,-4.95,9.40,12.42,-5.26,0.49,-0.62,-0.49,0.36,61.11,0.61,153
1970-01-01 00:00:41.639,165.24,-16.03,-178.71,-3.44,-5.73,4.66,-3.54,5.16,4.66,-4.51,-5.37,-56.85,49.91,0.49,-0.63,-0.48,0.36,61.36,0.73,147
1970-01-01 00:00:41.719,164.42,-18.04,-179.08,10.15,1.98,-1.78,-9.59,0.58,-1.78,1.78,2.24,8.95,21.82,0.49,-0.64,-0.47,0.35,61.23,0.61,156
1970-01-01 00:00:41.779,164.42,-18.04,-179.08,-3.78,8.18,4.77,-12.43,0.58,4.77,1.78,-0.90,-24.06,15.89,0.49,-0.64,-0.47,0.35,61.29,0.67,155
1970-01-01 00:00:41.858,164.37,-20.21,-178.32,6.56,-1.59,-3.08,-10.39,3.50,-3.08,-5.46,-2.13,-8.95,-1.23,0.51,-0.65,-0.46,0.34,61.17,0.67,151
1970-01-01 00:00:41.918,164.37,-20.21,-178.32,-80.86,-1.66,0.25,-9.13,3.50,0.25,-5.46,10.85,-3.13,26.86,0.51,-0.65,-0.46,0.34,61.42,0.67,154
1970-01-01 00:00:41.988,165.44,-22.59,-178.49,9.15,1.25,-2.47,-10.51,3.50,-2.47,-5.46,-0.90,-64.12,-0.11,0.52,-0.65,-0.44,0.33,61.23,0.67,156
1970-01-01 00:00:42.059,164.95,-23.66,-178.75,27.53,-7.64,-0.86,-6.07,4.73,-0.86,1.78,6.15,25.40,12.98,0.52,-0.66,-0.44,0.33,61.29,0.67,154
1970-01-01 00:00:42.129,164.36,-25.26,-178.50,-45.22,1.09,0.56,-13.30,4.73,0.56,1.78,4.25,26.52,20.70,0.52,-0.67,-0.43,0.32,61.23,0.67,156
1970-01-01 00:00:42.198,165.49,-26.60,-178.26,-6.98,-1.74,3.81,-11.35,4.73,3.81,1.78,-1.45,-25.74,4.48,0.53,-0.66,-0.42,0.32,61.23,0.73,149
1970-01-01 00:00:42.277,166.08,-27.79,-178.44,-29.52,-1.28,0.94,-9.82,-2.79,0.94,0.52,0.67,20.37,2.35,0.54,-0.67,-0.41,0.31,61.17,0.61,157
1970-01-01 00:00:42.349,165.95,-28.88,-178.95,-9.98,2.17,2.89,-11.27,-2.79,2.89,0.52,2.24,16.79,9.40,0.54,-0.67,-0.40,0.31,61.29,0.67,157
1970-01-01 00:00:42.419,166.59,-29.95,-178.92,-24.03,8.91,1.25,-12.35,-2.79,1.25,0.52,-0.78,-14.10,17.68,0.54,-0.67,-0.40,0.31,61.42,0.73,152
1970-01-01 00:00:42.489,167.51,-31.49,-179.06,35.05,0.67,-0.90,-8.29,-2.79,-0.90,0.52,-8.62,-57.07,22.05,0.55,-0.68,-0.38,0.30,61.36,0.55,150
1970-01-01 00:00:42.549,166.55,-32.91,-179.19,-68.49,1.02,0.48,-13.88,-2.79,0.48,0.52,7.27,13.20,37.94,0.55,-0.69,-0.38,0.29,61.23,0.67,157
1970-01-01 00:00:42.619,165.32,-34.76,-179.11,-16.03,-1.01,2.17,-16.14,-2.79,2.17,0.52,3.47,18.02,7.72,0.55,-0.70,-0.37,0.28,61.29,0.67,154
1970-01-01 00:00:42.699,166.48,-36.88,-178.76,25.04,0.71,-1.47,-6.26,6.29,-1.47,-6.62,2.35,-3.25,28.98,0.56,-0.70,-0.35,0.27,61.05,0.61,167
1970-01-01 00:00:42.759,165.48,-38.18,-179.14,20.16,-0.29,-1.89,-6.49,6.29,-1.89,-6.62,6.94,32.56,7.61,0.56,-0.71,-0.35,0.26,61.17,0.73,157
1970-01-01 00:00:42.830,165.90,-40.10,-179.62,-9.38,-3.50,4.27,-10.97,-0.14,4.27,3.67,16.79,20.03,14.21,0.56,-0.71,-0.33,0.26,61.29,0.73,155
1970-01-01 00:00:42.910,166.23,-43.47,-179.08,36.13,5.46,-1.20,-14.38,8.36,-1.20,-9.87,1.90,42.30,32.23,0.57,-0.72,-0.31,0.24,61.29,0.67,157
1970-01-01 00:00:42.988,166.17,-45.36,-179.25,-6.71,0.29,6.76,-4.95,8.36,6.76,-9.87,-6.83,-8.06,49.35,0.58,-0.72,-0.30,0.23,61.42,0.61,155
1970-01-01 00:00:43.048,166.17,-45.36,-179.25,-258.06,0.29,0.18,-9.63,8.36,0.18,-9.87,-10.18,-54.27,66.47,0.58,-0.72,-0.30,0.23,61.42,0.61,159
1970-01-01 00:00:43.119,165.56,-50.40,-177.77,-12.23,0.48,4.12,-9.48,8.36,4.12,-9.87,1.57,9.96,5.48,0.59,-0.73,-0.27,0.20,61.29,0.73,156
1970-01-01 00:00:43.190,166.40,-52.31,-178.24,46.34,-0.09,-1.13,-13.53,-2.73,-1.13,10.04,9.96,65.24,31.11,0.60,-0.73,-0.26,0.20,61.29,0.67,157
1970-01-01 00:00:43.289,164.80,-56.83,-178.71,-9.30,-11.24,6.11,-11.31,2.30,6.11,-9.56,1.79,42.86,38.38,0.59,-0.75,-0.23,0.17,61.36,0.61,157
1970-01-01 00:00:43.359,165.71,-58.91,-178.72,-15.92,-3.39,3.70,-7.83,2.30,3.70,-9.56,17.57,37.71,30.10,0.60,-0.75,-0.21,0.16,61.29,0.73,158
1970-01-01 00:00:43.440,165.21,-60.05,-178.72,108.26,0.10,-0.55,-17.94,-3.64,-0.55,4.18,1.90,21.04,32.68,0.60,-0.76,-0.21,0.16,61.36,0.73,157
1970-01-01 00:00:43.510,164.77,-61.56,-178.13,-22.13,-3.73,2.78,-7.79,-3.64,2.78,4.18,-1.57,-11.64,36.15,0.60,-0.76,-0.20,0.15,61.42,0.61,156
1970-01-01 00:00:43.570,164.95,-62.67,-177.93,18.92,-2.01,-3.31,-11.85,-3.64,-3.31,4.18,0.11,5.26,-0.11,0.61,-0.76,-0.19,0.14,61.29,0.67,163
1970-01-01 00:00:43.649,163.77,-63.88,-177.85,71.10,-3.16,-0.90,-17.48,-2.11,-0.90,-2.21,0.22,17.12,32.79,0.60,-0.77,-0.18,0.13,61.29,0.55,153
1970-01-01 00:00:43.719,164.13,-64.90,-177.51,125.86,-5.88,-0.52,-6.87,-2.11,-0.52,-2.21,-5.48,-17.01,19.70,0.61,-0.77,-0.18,0.13,61.23,0.67,156
1970-01-01 00:00:43.819,163.23,-66.06,-177.82,12.02,-0.36,-5.50,-19.74,3.29,-5.50,-2.11,-1.01,5.37,22.16,0.60,-0.77,-0.17,0.12,61.29,0.67,154
1970-01-01 00:00:43.900,164.63,-67.03,-178.27,71.50,-2.85,-0.94,-4.27,0.41,-0.94,-3.65,0.22,-44.87,26.52,0.61,-0.77,-0.16,0.12,61.36,0.67,155
1970-01-01 00:00:43.959,164.63,-67.03,-178.27,-49.17,4.00,1.36,-10.51,0.41,1.36,-3.65,7.72,-9.96,7.05,0.61,-0.77,-0.16,0.12,61.11,0.67,156
1970-01-01 00:00:44.029,164.79,-68.54,-179.38,516.04,3.20,-0.13,-19.20,0.41,-0.13,-3.65,4.48,11.86,25.51,0.60,-0.78,-0.15,0.11,61.42,0.61,160
1970-01-01 00:00:44.110,166.38,-69.35,179.90,30.98,0.86,-2.24,-3.96,-4.02,-2.24,0.52,-4.48,-65.80,28.76,0.61,-0.77,-0.14,0.11,61.23,0.67,156
1970-01-01 00:00:44.170,166.38,-69.35,179.90,-34.47,4.16,2.01,-11.96,-4.02,2.01,0.52,10.85,-2.57,16.56,0.61,-0.77,-0.14,0.11,61.36,0.67,155
1970-01-01 00:00:44.251,172.29,-70.83,174.22,-16.00,-5.04,4.43,-6.83,2.50,4.43,2.15,3.92,-1.34,18.80,0.61,-0.77,-0.12,0.12,61.36,0.67,150
1970-01-01 00:00:44.320,174.81,-71.61,171.44,-29.43,-0.21,2.43,-9.29,2.50,2.43,2.15,5.15,2.24,22.49,0.61,-0.78,-0.11,0.12,61.29,0.67,159
1970-01-01 00:00:44.391,174.87,-72.28,170.56,108.20,-0.71,-0.67,-15.14,2.50,-0.67,2.15,6.83,-4.59,14.77,0.60,-0.78,-0.10,0.11,61.29,0.67,157
1970-01-01 00:00:44.461,176.04,-73.07,168.37,-29.09,-5.34,2.51,-7.13,2.50,2.51,2.15,8.17,25.40,-9.40,0.60,-0.79,-0.10,0.11,61.36,0.67,159
1970-01-01 00:00:44.522,179.43,-74.24,166.10,51.78,-3.23,-1.43,-12.23,2.50,-1.43,2.15,6.49,-15.11,33.68,0.61,-0.78,-0.09,0.11,61.29,0.73,155
1970-01-01 00:00:44.601,-178.58,-75.78,163.94,-25.19,1.02,3.01,-14.38,0.06,3.01,3.47,6.94,20.37,9.96,0.61,-0.79,-0.07,0.10,61.36,0.61,158
1970-01-01 00:00:44.670,-177.17,-77.47,162.47,-56.82,-6.91,1.36,-8.56,0.06,1.36,3.47,2.91,52.71,23.16,0.61,-0.79,-0.06,0.09,61.36,0.73,135
1970-01-01 00:00:44.731,-177.41,-78.23,161.88,37.50,-1.05,-2.09,-11.09,0.06,-2.09,3.47,-9.18,-14.32,21.49,0.60,-0.79,-0.06,0.08,61.17,0.67,161
1970-01-01 00:00:44.800,-175.26,-79.82,158.82,-23.27,-2.32,3.43,-7.11,0.06,3.43,3.47,6.27,13.09,8.62,0.60,-0.80,-0.05,0.08,61.11,0.67,158
1970-01-01 00:00:44.879,-173.99,-81.22,157.03,23.71,-11.05,-3.43,-11.54,0.26,-3.43,-2.48,-3.47,24.40,30.21,0.59,-0.80,-0.04,0.07,61.29,0.67,159
1970-01-01 00:00:44.941,-169.50,-82.14,152.34,-24.48,-5.34,3.36,-15.84,0.26,3.36,-2.48,-1.68,-59.76,33.57,0.59,-0.80,-0.03,0.06,61.29,0.73,153
1970-01-01 00:00:45.021,-161.65,-82.90,145.94,-26.86,0.90,3.09,-4.27,-4.50,3.09,5.65,11.53,6.27,-3.25,0.60,-0.80,-0.02,0.06,61.29,0.55,148
1970-01-01 00:00:45.091,-159.56,-84.13,144.18,-478.63,-3.27,0.18,-16.03,-4.50,0.18,5.65,-3.25,26.07,7.50,0.61,-0.79,-0.01,0.05,61.29,0.61,157
1970-01-01 00:00:45.160,-154.12,-85.06,138.94,19.24,7.14,-4.42,-14.76,-4.50,-4.42,5.65,-11.75,-71.96,29.77,0.61,-0.79,-0.01,0.04,61.17,0.73,156
1970-01-01 00:00:45.231,-133.72,-85.84,120.24,-13.06,-1.20,6.57,-8.82,-4.50,6.57,5.65,14.66,5.15,17.23,0.62,-0.78,0.01,0.04,61.36,0.61,160
1970-01-01 00:00:45.310,-121.06,-86.44,106.20,-154.74,-0.52,0.56,-13.38,-1.63,0.56,3.23,11.30,11.75,32.23,0.61,-0.79,0.01,0.03,61.29,0.67,155
1970-01-01 00:00:45.371,-121.06,-86.44,106.20,266.60,2.36,-0.32,-3.16,-1.63,-0.32,3.23,11.75,-16.34,34.02,0.61,-0.79,0.01,0.03,61.36,0.61,154
1970-01-01 00:00:45.450,-78.29,-85.21,63.14,-14.39,-9.02,5.92,-2.39,-2.36,5.92,3.61,1.23,-38.72,43.42,0.61,-0.79,0.04,0.02,61.11,0.61,155
1970-01-01 00:00:45.521,-78.29,-85.21,63.14,-36.72,-3.12,2.32,-11.09,-2.36,2.32,3.61,-13.76,11.19,-4.25,0.61,-0.79,0.04,0.02,61.17,0.67,161
1970-01-01 00:00:45.579,-78.29,-85.21,63.14,144.46,-3.96,-0.59,-10.39,-2.36,-0.59,3.61,-14.77,-16.11,-6.71,0.61,-0.79,0.04,0.02,61.11,0.67,159
1970-01-01 00:00:45.660,-49.27,-84.04,35.02,-54.06,1.05,1.55,-10.51,1.86,1.55,-2.21,-7.50,-28.20,21.82,0.61,-0.79,0.05,-0.00,61.23,0.67,154
1970-01-01 00:00:45.720,-49.27,-84.04,35.02,-27.48,1.05,1.55,-10.51,1.13,3.06,5.77,4.70,35.25,24.40,0.61,-0.79,0.05,-0.00,61.36,0.67,159
1970-01-01 00:00:45.800,-37.93,-82.38,24.23,16.74,-0.75,-4.92,-10.21,7.69,-4.92,-4.33,6.27,0.90,33.46,0.62,-0.78,0.06,-0.02,61.42,0.61,159
1970-01-01 00:00:45.860,-37.93,-82.38,24.23,5272.56,-1.01,-0.02,-13.19,7.69,-0.02,-4.33,14.10,-35.81,42.41,0.62,-0.78,0.06,-0.02,61.23,0.67,159
1970-01-01 00:00:45.941,-30.34,-77.63,16.29,-16.01,-0.67,4.85,-7.37,1.85,4.85,-0.55,8.84,15.55,7.61,0.61,-0.78,0.10,-0.04,61.17,0.67,159
1970-01-01 00:00:46.000,-30.34,-77.63,16.29,-27.19,-3.04,2.86,-9.93,1.85,2.86,-0.55,4.03,24.40,41.74,0.61,-0.78,0.10,-0.04,61.36,0.61,152
1970-01-01 00:00:46.082,-23.94,-72.10,10.13,-32.72,-3.77,2.20,-11.54,-5.63,2.20,4.20,3.13,9.51,28.54,0.61,-0.78,0.14,-0.07,61.29,0.61,163
1970-01-01 00:00:46.151,-22.70,-69.25,8.64,-322.32,-4.50,0.21,-10.01,-5.63,0.21,4.20,7.72,23.39,28.42,0.61,-0.78,0.16,-0.09,61.29,0.61,156
1970-01-01 00:00:46.211,-22.70,-69.25,8.64,41.61,-3.93,-1.66,-15.04,-5.63,-1.66,4.20,11.86,39.39,69.16,0.61,-0.78,0.16,-0.09,61.36,0.61,154
1970-01-01 00:00:46.291,-19.11,-63.35,6.38,-42.91,-3.12,1.48,-3.42,-4.78,1.48,-2.32,6.94,15.11,16.67,0.61,-0.76,0.19,-0.12,61.17,0.67,152
1970-01-01 00:00:46.361,-19.11,-63.35,6.38,-16.62,2.82,3.81,-12.43,5.15,3.81,-5.92,6.71,27.31,32.79,0.61,-0.76,0.19,-0.12,61.29,0.61,156
1970-01-01 00:00:46.422,-18.35,-59.14,5.42,88.54,-3.85,-0.67,-3.23,5.15,-0.67,-5.92,2.91,-41.07,38.38,0.60,-0.75,0.22,-0.15,61.36,0.67,159
1970-01-01 00:00:46.502,-18.76,-57.20,4.26,44.65,-4.54,-1.28,-11.39,-4.60,-1.28,-0.34,0.11,58.86,27.98,0.59,-0.76,0.24,-0.16,61.29,0.67,160
1970-01-01 00:00:46.571,-18.46,-53.97,3.96,-6.82,5.04,7.91,-11.88,-4.60,7.91,-0.34,6.49,8.06,42.75,0.58,-0.75,0.26,-0.17,61.23,0.67,156
1970-01-01 00:00:46.632,-18.28,-52.72,3.49,102.24,-1.39,-0.52,-11.92,-4.60,-0.52,-0.34,-5.93,-58.64,36.26,0.58,-0.75,0.26,-0.18,61.29,0.73,153
1970-01-01 00:00:46.711,-18.79,-50.17,3.63,32.35,-2.16,-1.55,-4.50,2.89,-1.55,-8.73,0.34,5.82,44.31,0.57,-0.75,0.28,-0.19,61.23,0.67,153
1970-01-01 00:00:46.771,-18.79,-50.17,3.63,-8.70,1.75,5.77,-11.50,2.89,5.77,-8.73,3.80,1.90,42.64,0.57,-0.75,0.28,-0.19,61.17,0.61,157
1970-01-01 00:00:46.852,-18.17,-47.07,2.20,10.93,-0.17,-4.31,-15.84,5.69,-4.31,-7.26,-12.98,-16.00,18.80,0.56,-0.74,0.30,-0.21,61.23,0.67,158
1970-01-01 00:00:46.921,-17.97,-45.30,2.72,-33.23,4.62,1.36,-11.70,5.69,1.36,-7.26,8.17,-0.78,36.15,0.56,-0.73,0.31,-0.22,61.36,0.61,156
1970-01-01 00:00:46.991,-17.60,-43.84,2.56,-15.15,-10.13,2.89,-7.71,5.69,2.89,-7.26,10.07,16.67,7.61,0.56,-0.73,0.32,-0.22,61.29,0.61,157
1970-01-01 00:00:47.061,-18.10,-42.24,2.55,-53.54,-0.94,0.79,-4.73,5.69,0.79,-7.26,3.80,25.40,27.08,0.55,-0.73,0.33,-0.23,61.17,0.67,172
1970-01-01 00:00:47.132,-18.16,-40.61,2.39,-28.25,5.27,1.44,-13.19,1.84,1.44,1.24,0.78,-2.35,28.98,0.55,-0.72,0.34,-0.24,61.42,0.67,154
1970-01-01 00:00:47.222,-19.28,-38.84,2.93,-11.99,1.36,3.24,-21.04,1.26,3.24,3.42,11.53,20.70,14.88,0.54,-0.72,0.36,-0.24,61.29,0.61,159
1970-01-01 00:00:47.331,-18.47,-35.10,2.79,204.20,4.58,-0.17,-8.98,-5.07,-0.17,1.08,-2.35,32.68,22.49,0.54,-0.71,0.38,-0.26,61.36,0.67,167
1970-01-01 00:00:47.411,-17.75,-32.32,1.74,37.61,0.52,-0.86,-12.00,1.35,-0.86,-0.54,-6.15,-23.39,45.55,0.53,-0.70,0.39,-0.28,61.23,0.67,158
1970-01-01 00:00:47.492,-18.12,-29.81,1.93,-6.15,-5.34,4.85,-8.59,-2.76,4.85,0.30,2.69,9.40,13.76,0.52,-0.69,0.41,-0.29,61.29,0.61,158
1970-01-01 00:00:47.551,-18.12,-29.81,1.93,-2.50,-1.47,11.93,-5.76,-2.76,11.93,0.30,8.06,43.08,2.24,0.52,-0.69,0.41,-0.29,61.36,0.61,156
1970-01-01 00:00:47.622,-17.91,-25.65,1.56,38.40,-0.79,-0.67,-10.39,-0.17,-0.67,2.80,-9.18,-58.97,63.11,0.51,-0.68,0.43,-0.31,61.23,0.67,157
1970-01-01 00:00:47.692,-17.54,-21.97,1.59,-17.63,2.01,1.25,-14.30,-0.17,1.25,2.80,11.53,-0.90,14.66,0.50,-0.66,0.46,-0.32,61.23,0.61,154
1970-01-01 00:00:47.762,-17.29,-20.01,1.25,8.49,-3.12,-2.36,-10.09,1.70,-2.36,-0.65,7.16,-11.75,54.27,0.49,-0.65,0.47,-0.33,61.36,0.67,158
1970-01-01 00:00:47.832,-17.73,-17.07,0.89,-2.96,-7.83,5.77,-8.40,1.70,5.77,-0.65,5.93,48.34,7.50,0.48,-0.65,0.48,-0.35,61.17,0.73,155
1970-01-01 00:00:47.902,-17.96,-15.41,0.62,17.15,-0.90,-0.90,-12.54,1.70,-0.90,-0.65,1.68,-11.30,35.03,0.47,-0.64,0.49,-0.35,61.29,0.67,158
1970-01-01 00:00:47.972,-17.60,-13.74,0.32,-8.24,2.89,1.67,-9.79,1.70,1.67,-0.65,-2.46,-34.36,33.80,0.47,-0.63,0.50,-0.36,61.36,0.67,152
1970-01-01 00:00:48.073,-16.92,-12.02,-0.13,17.00,4.70,-0.71,-15.34,-0.51,-0.71,4.10,3.92,42.75,12.87,0.46,-0.62,0.51,-0.38,61.42,0.67,161
1970-01-01 00:00:48.149,-16.98,-10.90,-0.30,-22.14,-6.61,1.17,-12.38,-3.82,0.49,-2.95,0.90,32.68,-5.48,0.46,-0.62,0.51,-0.38,61.11,0.67,162
1970-01-01 00:00:48.213,-17.65,-9.96,-0.41,30.72,-4.35,-0.32,-9.93,-3.82,-0.32,-2.95,9.96,-53.38,30.77,0.45,-0.62,0.52,-0.38,61.29,0.85,157
1970-01-01 00:00:48.292,-17.23,-7.49,0.70,-2.85,7.45,2.62,-15.03,13.64,2.62,-13.45,19.02,38.27,-9.74,0.45,-0.60,0.53,-0.39,61.29,0.61,160
1970-01-01 00:00:48.372,-16.85,-6.29,0.83,-3.07,-6.50,2.05,-5.99,7.20,2.05,1.52,-9.51,-51.14,47.67,0.45,-0.59,0.54,-0.39,61.29,0.79,155
1970-01-01 00:00:48.433,-16.85,-6.29,0.83,1.56,-3.66,-4.04,-14.53,7.20,-4.04,1.52,4.81,-10.07,51.92,0.45,-0.59,0.54,-0.39,61.36,0.67,155
1970-01-01 00:00:48.502,-16.78,-3.38,0.26,-2.41,-8.33,1.40,-11.01,7.20,1.40,1.52,4.36,35.59,-14.55,0.44,-0.58,0.55,-0.41,61.17,0.67,162
1970-01-01 00:00:48.572,-17.83,-2.14,-0.40,-0.63,1.75,3.39,-13.80,7.20,3.39,1.52,-10.52,2.57,40.29,0.42,-0.58,0.56,-0.41,61.17,0.67,150
1970-01-01 00:00:48.642,-17.60,-0.93,-0.42,-0.33,0.94,2.86,-9.36,7.20,2.86,1.52,-6.38,-38.83,6.27,0.42,-0.58,0.56,-0.42,61.29,0.61,163
1970-01-01 00:00:48.722,-17.40,0.47,0.83,0.21,-7.22,2.24,-15.64,1.40,2.24,1.46,7.39,-3.25,11.97,0.42,-0.56,0.58,-0.42,61.29,0.73,157
1970-01-01 00:00:48.792,-17.40,0.47,0.83,-0.14,0.29,-3.27,-13.23,1.40,-3.27,1.46,16.45,21.49,3.02,0.42,-0.56,0.58,-0.42,61.23,0.61,154
1970-01-01 00:00:48.862,-17.40,0.47,0.83,0.13,-5.50,3.55,-6.68,1.40,3.55,1.46,-0.45,-21.26,55.28,0.42,-0.56,0.58,-0.42,61.29,0.61,157
1970-01-01 00:00:48.921,-17.40,0.47,0.83,-0.10,-4.96,-4.46,-18.94,1.40,-4.46,1.46,4.59,-16.90,47.22,0.42,-0.56,0.58,-0.42,61.29,0.67,158
1970-01-01 00:00:48.983,-17.40,6.47,1.81,1.54,-3.27,4.20,-6.87,1.40,4.20,1.46,2.69,30.33,-11.86,0.40,-0.53,0.61,-0.43,61.29,0.73,148
1970-01-01 00:00:49.062,-17.72,7.55,1.68,5.54,3.36,1.36,-14.07,0.43,1.36,-1.62,3.36,-2.80,29.77,0.40,-0.53,0.61,-0.43,61.17,0.67,156
1970-01-01 00:00:49.133,-18.13,9.88,1.59,2.94,-1.51,3.36,-9.13,0.43,3.36,-1.62,-4.14,-32.68,10.52,0.38,-0.52,0.63,-0.44,61.42,0.67,158
1970-01-01 00:00:49.204,-18.06,11.43,1.60,-12.72,2.43,-0.90,-9.59,0.43,-0.90,-1.62,5.15,-6.04,31.33,0.38,-0.51,0.63,-0.45,61.23,0.73,164
1970-01-01 00:00:49.274,-18.50,12.29,1.29,37.45,-2.43,0.33,-12.96,2.09,0.33,3.43,-1.12,-36.15,50.92,0.37,-0.51,0.64,-0.45,61.36,0.67,156
1970-01-01 00:00:49.353,-18.27,14.34,0.93,3.24,-3.20,4.43,-4.73,1.04,4.43,9.50,2.57,6.49,-9.40,0.36,-0.49,0.64,-0.46,61.17,0.67,154
1970-01-01 00:00:49.423,-17.76,15.28,0.53,-2.13,0.14,-7.18,0.64,1.04,-7.18,9.50,-1.12,49.69,34.80,0.36,-0.49,0.64,-0.47,61.36,0.67,158
1970-01-01 00:00:49.494,-17.21,17.27,0.91,1.56,-9.10,11.10,1.33,1.04,11.10,9.50,11.97,7.27,42.19,0.36,-0.47,0.65,-0.47,61.29,0.61,155
1970-01-01 00:00:49.564,-17.88,17.90,0.29,-3.91,-3.35,-4.57,-14.84,6.71,-4.57,-4.16,1.01,55.62,-32.56,0.35,-0.47,0.65,-0.47,61.29,0.73,149
1970-01-01 00:00:49.653,-19.14,19.40,0.00,2.58,1.32,7.53,-8.32,6.71,7.53,-4.16,3.92,3.69,2.01,0.33,-0.47,0.67,-0.47,61.17,0.67,159
1970-01-01 00:00:49.733,-18.76,20.30,-0.31,-5.99,-7.98,-3.39,-15.30,4.07,-3.39,-3.23,-5.26,-10.85,26.86,0.33,-0.47,0.67,-0.48,61.23,0.67,156
1970-01-01 00:00:49.803,-18.46,21.68,-0.39,-26.43,-1.78,-0.82,-7.03,4.07,-0.82,-3.23,7.16,0.34,35.36,0.33,-0.46,0.67,-0.49,61.29,0.67,184
1970-01-01 00:00:49.864,-18.84,22.01,-0.93,-5.40,2.74,-4.08,-16.33,4.07,-4.08,-3.23,-8.73,-22.60,-17.35,0.32,-0.46,0.67,-0.49,61.29,0.49,160
1970-01-01 00:00:49.943,-19.07,22.74,-0.83,6.63,-4.04,3.43,-9.36,6.82,3.43,-0.43,2.80,26.07,34.36,0.32,-0.45,0.67,-0.49,61.29,0.61,155
1970-01-01 00:00:50.013,-18.39,24.03,-0.37,-7.70,-9.02,-3.12,-11.50,6.82,-3.12,-0.43,5.71,-34.02,33.68,0.32,-0.44,0.68,-0.49,61.17,0.67,158
1970-01-01 00:00:50.082,-18.41,24.84,-0.29,10.21,1.32,2.43,-11.54,6.82,2.43,-0.43,1.57,23.16,-18.58,0.31,-0.44,0.68,-0.49,61.29,0.61,158
1970-01-01 00:00:50.154,-17.34,25.44,-0.51,-5.80,-3.54,-4.38,-2.12,2.18,-4.38,-5.18,-2.46,-30.89,18.35,0.31,-0.43,0.68,-0.50,61.23,0.73,151
1970-01-01 00:00:50.223,-17.06,26.97,-0.19,5.89,-3.23,4.58,-10.78,2.18,4.58,-5.18,11.08,7.05,30.55,0.31,-0.42,0.68,-0.51,61.29,0.67,161
1970-01-01 00:00:50.294,-17.35,27.58,-0.37,-22.21,-4.38,-1.24,-8.56,2.72,-1.24,3.84,2.57,-0.67,-8.28,0.31,-0.42,0.69,-0.51,61.29,0.67,159
1970-01-01 00:00:50.363,-17.10,28.62,-0.33,6.25,3.47,4.58,-7.29,2.72,4.58,3.84,-0.90,-7.16,38.16,0.30,-0.41,0.69,-0.51,61.29,0.73,158
1970-01-01 00:00:50.424,-16.53,29.27,0.12,-8.09,-9.68,-3.62,-1.81,2.72,-3.62,3.84,5.71,9.06,1.12,0.30,-0.40,0.69,-0.52,61.29,0.61,157
1970-01-01 00:00:50.494,-16.83,30.84,0.86,12.88,7.95,2.39,-13.23,0.31,2.39,11.88,9.85,-24.62,40.40,0.30,-0.39,0.70,-0.51,61.29,0.67,157
1970-01-01 00:00:50.573,-17.19,32.47,1.09,-15.00,-8.18,-2.16,-12.35,-4.98,-2.16,1.12,4.59,-20.03,-6.04,0.29,-0.38,0.71,-0.51,61.23,0.67,157
1970-01-01 00:00:50.654,-17.04,34.16,1.10,7.72,-4.73,4.43,-7.55,1.19,4.43,-11.45,7.05,38.27,-11.75,0.28,-0.37,0.72,-0.52,61.23,0.67,154
1970-01-01 00:00:50.724,-16.48,35.30,1.30,-30.22,3.05,-1.17,-19.16,1.19,-1.17,-11.45,8.17,-25.51,9.06,0.28,-0.36,0.72,-0.52,61.36,0.61,156
1970-01-01 00:00:50.785,-15.88,36.25,1.25,-13.63,1.71,-2.66,-8.25,1.19,-2.66,-11.45,2.35,-7.72,45.10,0.28,-0.36,0.72,-0.53,61.29,0.73,182
1970-01-01 00:00:50.864,-16.26,37.97,1.57,8.89,-4.80,4.27,-7.29,3.81,4.27,5.46,12.53,27.42,15.33,0.27,-0.35,0.73,-0.53,61.29,0.67,156
1970-01-01 00:00:50.933,-16.10,39.34,1.74,-9.21,2.17,-4.27,-9.51,3.81,-4.27,5.46,5.82,-23.84,41.96,0.26,-0.34,0.73,-0.53,61.11,0.73,157
1970-01-01 00:00:51.004,-16.10,39.34,1.74,15.42,-5.07,2.55,-8.10,2.66,2.55,2.02,12.20,21.93,22.72,0.26,-0.34,0.73,-0.53,61.42,0.61,155
1970-01-01 00:00:51.075,-15.37,41.99,1.88,-5.61,2.89,-7.49,-20.74,2.66,-7.49,2.02,9.18,-0.11,0.90,0.25,-0.32,0.74,-0.54,61.17,0.61,157
1970-01-01 00:00:51.144,-16.21,43.88,1.44,12.37,-3.81,3.55,-8.44,2.66,3.55,2.02,-9.29,-33.01,51.59,0.24,-0.31,0.74,-0.54,61.29,0.61,158
1970-01-01 00:00:51.205,-16.51,44.91,1.35,63.17,-0.63,0.71,-13.23,2.66,0.71,2.02,1.79,-35.25,-2.69,0.23,-0.30,0.75,-0.54,61.42,0.67,157
1970-01-01 00:00:51.285,-17.44,46.97,0.75,-39.04,-4.50,-1.20,-7.55,0.71,-1.20,-2.97,1.79,4.03,36.71,0.22,-0.29,0.75,-0.55,61.29,0.67,155
1970-01-01 00:00:51.354,-17.67,47.99,0.51,-195.02,-1.93,-0.25,-10.01,0.71,-0.25,-2.97,-1.12,-11.53,23.72,0.21,-0.29,0.76,-0.55,61.23,0.73,158
1970-01-01 00:00:51.424,-18.13,49.76,0.67,-24.78,-11.77,-2.01,-10.51,-10.65,-2.01,-0.29,11.64,52.60,-0.34,0.20,-0.28,0.76,-0.55,61.23,0.73,157
1970-01-01 00:00:51.495,-19.43,51.01,0.27,14.87,5.31,3.43,-12.35,2.87,3.43,0.03,-5.15,22.05,36.37,0.19,-0.27,0.77,-0.54,61.23,0.55,156
1970-01-01 00:00:51.564,-18.31,52.18,-0.36,33.56,0.98,1.55,-8.05,2.87,1.55,0.03,-5.15,-64.57,18.02,0.19,-0.26,0.77,-0.56,61.36,0.61,157
1970-01-01 00:00:51.643,-19.23,53.86,-0.75,-68.94,-5.15,-0.78,-9.44,2.87,-0.78,0.03,6.94,19.36,19.02,0.18,-0.25,0.77,-0.56,61.42,0.61,157
1970-01-01 00:00:51.702,-19.23,53.86,-0.75,-313.37,-2.96,-0.17,-12.39,2.87,-0.17,0.03,2.46,-11.53,26.52,0.18,-0.25,0.77,-0.56,61.36,0.67,161
1970-01-01 00:00:51.775,-20.82,55.81,-2.00,12.28,-7.64,4.54,-5.15,4.11,4.54,3.07,3.02,12.76,-0.11,0.16,-0.24,0.78,-0.56,61.17,0.73,155
1970-01-01 00:00:51.855,-21.24,56.92,-2.24,-14.79,0.14,-3.85,-17.29,4.11,-3.85,3.07,-5.26,-13.54,26.07,0.16,-0.24,0.78,-0.56,61.23,0.67,155
1970-01-01 00:00:51.924,-21.24,56.92,-2.24,-10.89,-3.04,-5.23,-12.20,4.11,-5.23,3.07,0.90,26.41,-7.72,0.16,-0.24,0.78,-0.56,61.17,0.67,157
1970-01-01 00:00:51.984,-21.24,56.92,-2.24,-66.24,-0.63,-0.86,-16.07,4.11,-0.86,3.07,14.32,34.47,-3.47,0.16,-0.24,0.78,-0.56,61.11,0.73,154
1970-01-01 00:00:52.065,-19.69,60.63,-2.67,-11.42,-3.62,-5.31,-4.50,3.36,-5.31,-5.04,9.06,-26.75,41.52,0.14,-0.21,0.78,-0.58,61.29,0.67,155
1970-01-01 00:00:52.135,-19.69,60.63,-2.67,20.16,-1.89,3.01,-8.25,3.36,3.01,-5.04,-1.34,-19.14,9.06,0.14,-0.21,0.78,-0.58,61.36,0.67,155
1970-01-01 00:00:52.194,-19.69,60.63,-2.67,15.00,-5.42,4.04,-6.64,3.36,4.04,-5.04,2.91,23.84,-7.39,0.14,-0.21,0.78,-0.58,61.36,0.67,155
1970-01-01 00:00:52.265,-20.54,63.30,-3.58,-195.24,-4.15,-0.32,-14.23,3.36,-0.32,-5.04,-6.15,-6.04,25.51,0.13,-0.19,0.78,-0.58,61.23,0.67,158
1970-01-01 00:00:52.326,-20.75,64.29,-4.62,-29.23,-2.36,-2.20,-7.87,3.36,-2.20,-5.04,-11.86,-25.63,-12.31,0.12,-0.19,0.78,-0.59,61.29,0.67,159
1970-01-01 00:00:52.405,-19.76,65.93,-4.32,21.64,1.25,3.05,-6.14,2.89,3.05,3.83,-5.37,5.71,18.91,0.11,-0.17,0.78,-0.59,61.29,0.67,170
1970-01-01 00:00:52.466,-19.79,66.53,-4.71,-42.90,-4.04,-1.55,-5.68,2.89,-1.55,3.83,-1.23,52.71,0.34,0.11,-0.17,0.78,-0.60,61.11,0.73,167
1970-01-01 00:00:52.545,-19.15,67.62,-3.96,27.79,3.81,2.43,-16.67,1.75,2.43,0.14,-2.91,-21.60,-3.47,0.11,-0.16,0.78,-0.60,61.23,0.67,156
1970-01-01 00:00:52.606,-17.51,69.09,-4.06,-35.09,-3.23,-1.97,-3.96,1.75,-1.97,0.14,1.23,-56.18,17.23,0.10,-0.15,0.77,-0.61,61.29,0.61,156
1970-01-01 00:00:52.686,-17.80,70.48,-3.92,20.79,-2.77,3.39,-10.63,-0.84,3.39,-3.12,3.13,39.50,22.60,0.10,-0.14,0.78,-0.61,61.29,0.67,155
1970-01-01 00:00:52.746,-17.39,72.27,-4.12,411.14,-1.51,0.18,-8.44,-0.84,0.18,-3.12,4.59,-11.86,36.03,0.09,-0.13,0.77,-0.61,61.42,0.79,158
1970-01-01 00:00:52.825,-19.03,74.66,-5.45,14.82,-1.82,5.04,-10.78,-5.68,5.04,3.59,-0.45,19.25,-0.11,0.07,-0.11,0.78,-0.61,61.29,0.67,158
1970-01-01 00:00:52.905,-20.19,76.64,-6.76,356.71,-0.05,0.21,-6.57,1.79,0.21,-4.59,0.56,18.35,19.81,0.06,-0.10,0.78,-0.62,61.29,0.67,156
1970-01-01 00:00:52.966,-20.28,77.95,-6.77,11.59,-7.98,6.73,-4.88,1.79,6.73,-4.59,10.63,25.63,17.12,0.05,-0.09,0.78,-0.62,61.36,0.67,158
1970-01-01 00:00:53.044,-19.38,80.31,-6.64,-467.26,-1.82,-0.17,-10.09,3.81,-0.17,-1.27,-0.45,4.48,17.46,0.04,-0.07,0.78,-0.62,61.23,0.67,155
1970-01-01 00:00:53.115,-21.15,82.23,-7.84,23.18,-3.93,3.55,-9.78,3.81,3.55,-1.27,12.20,11.53,19.58,0.03,-0.06,0.78,-0.62,61.29,0.73,153
1970-01-01 00:00:53.186,-25.41,84.22,-12.59,-23.28,-0.40,-3.62,-6.53,3.81,-3.62,-1.27,0.67,-15.11,45.99,0.02,-0.05,0.78,-0.62,61.36,0.61,157
1970-01-01 00:00:53.255,-34.63,85.78,-22.04,-45.28,0.02,-1.89,-11.23,3.81,-1.89,-1.27,2.69,0.34,29.99,0.01,-0.04,0.78,-0.62,61.17,0.67,157
1970-01-01 00:00:53.316,-45.34,86.78,-33.33,22.97,0.02,3.78,-3.73,3.81,3.78,-1.27,1.01,5.48,16.67,0.00,-0.03,0.78,-0.63,61.17,0.67,159
1970-01-01 00:00:53.395,-88.29,88.57,-75.32,28.70,2.66,3.09,-15.22,1.76,3.09,4.55,0.34,-34.24,28.87,0.01,0.01,-0.78,0.62,61.29,0.67,155
1970-01-01 00:00:53.464,-175.72,87.95,-163.26,10.27,0.48,8.56,-8.98,1.76,8.56,4.55,10.74,4.25,7.72,0.02,-0.01,-0.78,0.63,61.23,0.67,157
1970-01-01 00:00:53.535,-179.12,85.93,-166.03,-301.36,-1.51,-0.29,-9.05,1.87,-0.29,-2.78,-3.25,32.23,31.45,0.03,-0.02,-0.78,0.62,61.29,0.61,156
1970-01-01 00:00:53.605,175.31,84.26,-172.24,-41.16,-1.28,-2.05,-12.16,1.87,-2.05,-2.78,4.36,17.79,33.57,0.04,-0.03,-0.78,0.63,61.36,0.67,161
1970-01-01 00:00:53.666,170.30,82.13,-175.91,77.87,-0.90,1.05,-13.00,1.87,1.05,-2.78,6.71,34.36,8.06,0.05,-0.05,-0.79,0.62,61.29,0.73,155
1970-01-01 00:00:53.745,168.24,80.35,-178.38,-38.52,0.37,-2.09,-8.25,-6.02,-2.09,2.98,12.87,-9.51,47.45,0.05,-0.06,-0.78,0.62,61.23,0.73,157
1970-01-01 00:00:53.816,168.48,78.15,-177.08,4001.52,-2.85,0.02,-9.40,2.60,0.02,-0.24,0.22,-7.72,39.61,0.07,-0.08,-0.79,0.61,61.29,0.67,155
1970-01-01 00:00:53.886,169.42,76.05,-176.81,-23.23,-0.90,-3.27,-16.79,2.60,-3.27,-0.24,3.80,13.76,4.92,0.08,-0.09,-0.78,0.61,61.11,0.61,157
1970-01-01 00:00:53.955,167.49,74.01,-178.91,18.83,-1.24,3.93,-11.62,2.60,3.93,-0.24,12.76,-25.40,60.54,0.09,-0.11,-0.78,0.61,61.29,0.73,156
1970-01-01 00:00:54.026,168.23,71.34,-178.59,24.98,1.17,2.86,-3.00,2.60,2.86,-0.24,-0.78,-7.72,-0.22,0.10,-0.12,-0.77,0.61,61.36,0.67,156
1970-01-01 00:00:54.097,167.67,69.70,-178.94,23.76,-0.17,2.93,-8.98,2.60,2.93,-0.24,9.74,15.00,45.77,0.11,-0.14,-0.77,0.61,61.11,0.73,156
1970-01-01 00:00:54.166,167.65,67.67,-178.74,-36.47,-1.74,-1.86,-10.05,2.60,-1.86,-0.24,0.67,-29.66,47.78,0.12,-0.15,-0.77,0.61,61.17,0.67,159
1970-01-01 00:00:54.236,167.32,65.68,-178.78,9.29,-4.65,7.07,-10.05,1.22,7.07,-5.47,4.59,-20.14,47.56,0.13,-0.16,-0.77,0.60,61.29,0.61,156
1970-01-01 00:00:54.306,167.52,63.27,-178.34,-21.06,-1.55,-3.00,-10.16,1.22,-3.00,-5.47,-0.90,-9.40,49.91,0.15,-0.18,-0.77,0.60,61.29,0.79,158
1970-01-01 00:00:54.376,167.66,61.41,-178.55,-110.72,-2.58,-0.55,-9.97,1.22,-0.55,-5.47,5.82,9.85,12.98,0.16,-0.19,-0.76,0.60,61.29,0.67,158
1970-01-01 00:00:54.445,166.83,59.51,-179.18,-13.70,0.94,-4.34,-10.01,1.22,-4.34,-5.47,9.74,-14.32,19.02,0.16,-0.20,-0.76,0.59,61.42,0.67,155
1970-01-01 00:00:54.516,165.72,57.88,-179.58,9.30,-3.31,6.23,-9.63,-1.50,6.23,0.05,4.70,22.60,53.49,0.17,-0.22,-0.76,0.59,61.42,0.73,156
1970-01-01 00:00:54.587,166.18,55.79,-179.34,8.29,-1.43,6.73,-3.23,2.51,6.73,-1.09,-2.57,-28.98,6.83,0.18,-0.23,-0.76,0.59,61.23,0.79,157
1970-01-01 00:00:54.656,165.89,53.34,-179.02,-15.57,-3.43,-3.43,-17.75,2.51,-3.43,-1.09,4.92,5.48,47.56,0.20,-0.25,-0.75,0.58,61.29,0.61,157
1970-01-01 00:00:54.717,165.62,51.84,-179.52,107.90,0.25,0.48,-4.27,2.51,0.48,-1.09,2.57,-18.80,30.44,0.20,-0.26,-0.75,0.58,61.36,0.61,156
1970-01-01 00:00:54.787,164.74,49.50,-179.74,-63.36,3.89,-0.78,-13.27,-6.13,-0.78,4.50,7.50,-5.26,30.89,0.21,-0.27,-0.75,0.57,61.23,0.73,157
1970-01-01 00:00:54.876,164.69,46.40,179.77,263.94,0.18,0.18,-16.45,1.61,0.18,-2.17,8.17,9.51,31.11,0.22,-0.30,-0.74,0.56,61.23,0.67,156
1970-01-01 00:00:54.937,164.39,44.84,179.98,34.79,0.18,0.18,-16.45,-2.63,1.29,1.74,7.39,13.20,30.55,0.23,-0.31,-0.74,0.56,61.29,0.73,158
1970-01-01 00:00:55.016,165.60,42.45,-179.42,-319.59,-0.67,-0.13,-11.78,1.20,-0.13,-6.73,4.03,33.24,19.58,0.25,-0.32,-0.73,0.56,61.29,0.61,158
1970-01-01 00:00:55.077,165.60,42.45,-179.42,7.26,2.86,5.84,-11.05,1.20,5.84,-6.73,5.15,-9.85,37.94,0.25,-0.32,-0.73,0.56,61.29,0.73,153
1970-01-01 00:00:55.177,165.05,39.07,-179.78,135.15,-6.34,0.29,-4.99,4.51,0.29,-2.49,-3.80,-40.06,16.23,0.26,-0.34,-0.72,0.55,61.36,0.61,156
1970-01-01 00:00:55.257,164.34,36.75,179.84,9.94,-7.49,3.70,-0.78,3.18,3.70,-1.27,7.95,7.83,35.70,0.27,-0.36,-0.71,0.54,61.29,0.67,155
1970-01-01 00:00:55.356,163.48,34.22,179.45,10.44,-2.09,3.28,-11.54,3.18,3.28,-1.27,12.42,-0.56,44.76,0.28,-0.38,-0.71,0.53,61.29,0.67,157
1970-01-01 00:00:55.426,163.10,32.72,179.77,20.09,-0.48,1.63,-7.07,3.18,1.63,-1.27,0.34,-12.65,36.03,0.28,-0.39,-0.70,0.52,61.29,0.61,158
1970-01-01 00:00:55.507,163.09,30.82,179.82,6.46,-4.04,4.77,-5.95,1.06,4.77,2.33,1.90,-27.53,27.75,0.29,-0.40,-0.70,0.52,61.11,0.67,160
1970-01-01 00:00:55.577,162.77,29.58,179.81,39.44,-0.75,0.75,-7.18,1.06,0.75,2.33,6.49,-2.69,-2.57,0.30,-0.41,-0.69,0.51,61.29,0.67,146
1970-01-01 00:00:55.637,162.77,29.58,179.81,7.60,-5.50,3.89,-9.59,1.06,3.89,2.33,-3.80,-2.13,32.12,0.30,-0.41,-0.69,0.51,61.36,0.67,157
1970-01-01 00:00:55.717,163.79,27.31,-179.53,-7.88,-2.28,-3.46,-8.71,0.48,-3.46,-0.59,-0.11,-22.94,6.71,0.31,-0.41,-0.69,0.51,61.42,0.61,160
1970-01-01 00:00:55.787,163.72,26.23,-179.51,39.04,-1.51,0.67,-10.77,0.48,0.67,-0.59,-0.22,8.50,-1.45,0.32,-0.42,-0.68,0.51,61.11,0.67,157
1970-01-01 00:00:55.858,164.13,24.55,-179.52,31.11,-2.51,0.79,-3.92,0.48,0.79,-0.59,5.37,7.72,32.68,0.33,-0.43,-0.67,0.50,61.29,0.73,160
1970-01-01 00:00:55.927,162.89,23.70,-179.51,6.55,-0.36,3.62,-13.15,0.48,3.62,-0.59,-0.67,19.25,16.45,0.33,-0.44,-0.68,0.49,61.17,0.73,162
1970-01-01 00:00:55.997,162.92,21.25,179.86,-10.38,3.24,-2.05,-16.22,0.48,-2.05,-0.59,16.79,-7.72,25.85,0.33,-0.45,-0.66,0.49,61.36,0.67,159
1970-01-01 00:00:56.068,162.49,19.23,179.91,3.73,1.71,5.16,-9.78,0.48,5.16,-0.59,5.37,10.85,40.29,0.34,-0.47,-0.66,0.48,61.17,0.73,153
1970-01-01 00:00:56.137,162.95,17.82,179.83,25.07,-4.00,0.71,-7.87,-8.08,0.71,4.85,10.85,-5.26,20.14,0.35,-0.47,-0.65,0.48,61.42,0.67,156
1970-01-01 00:00:56.197,161.80,15.77,179.99,19.13,2.47,0.82,-11.70,-8.08,0.82,4.85,6.83,35.47,27.75,0.35,-0.49,-0.65,0.47,61.23,0.67,156
1970-01-01 00:00:56.276,162.85,13.06,-179.65,20.64,0.79,0.63,-10.47,-5.37,0.63,-0.32,4.03,-24.40,20.03,0.37,-0.50,-0.63,0.46,61.23,0.67,155
1970-01-01 00:00:56.338,162.73,11.52,-179.42,6.45,-1.43,1.79,-15.00,-5.37,1.79,-0.32,5.48,13.20,15.67,0.38,-0.51,-0.63,0.46,61.23,0.67,159
1970-01-01 00:00:56.417,163.02,8.65,-179.24,-3.50,-0.29,-2.47,-3.96,-2.86,-2.47,-4.67,13.09,4.14,38.72,0.39,-0.52,-0.61,0.45,61.23,0.67,162
1970-01-01 00:00:56.488,162.95,6.45,-179.15,0.96,-6.11,6.73,-6.56,-2.86,6.73,-4.67,13.76,26.63,20.03,0.40,-0.53,-0.60,0.44,61.29,0.61,157
1970-01-01 00:00:56.548,164.62,4.99,-178.72,-9.69,-5.23,-0.52,-1.43,-2.86,-0.52,-4.67,2.35,-6.71,27.98,0.42,-0.53,-0.59,0.44,61.42,0.67,156
1970-01-01 00:00:56.627,164.62,1.67,-178.93,0.27,0.33,6.11,-7.13,0.43,6.11,9.59,11.64,10.41,31.78,0.43,-0.55,-0.57,0.43,61.48,0.67,146
1970-01-01 00:00:56.698,165.53,-0.00,-178.96,0.00,0.60,-1.09,-6.68,-2.64,-1.09,3.86,8.28,-16.56,13.54,0.44,-0.56,-0.56,0.43,61.36,0.61,157
1970-01-01 00:00:56.777,163.05,-2.55,-178.97,-0.35,-12.77,7.26,-2.50,-5.97,7.26,4.58,-0.11,-82.81,51.70,0.44,-0.58,-0.56,0.41,61.23,0.67,155
1970-01-01 00:00:56.846,163.17,-5.60,-178.98,1.49,2.13,-3.77,-11.89,-5.97,-3.77,4.58,0.56,-2.35,39.06,0.45,-0.59,-0.54,0.40,61.17,0.67,157
1970-01-01 00:00:56.918,162.85,-8.02,-179.16,-2.00,0.29,4.00,-12.96,-5.97,4.00,4.58,12.76,14.66,27.42,0.45,-0.60,-0.53,0.39,61.42,0.55,162
1970-01-01 00:00:56.978,162.85,-8.02,-179.16,-9.29,0.71,0.86,-9.70,-5.97,0.86,4.58,11.53,23.16,14.77,0.45,-0.60,-0.53,0.39,61.29,0.67,158
1970-01-01 00:00:57.047,162.93,-12.18,-179.06,58.84,-4.19,-0.21,-13.46,-5.97,-0.21,4.58,9.74,-16.23,43.53,0.47,-0.62,-0.51,0.37,61.29,0.61,155
1970-01-01 00:00:57.127,162.34,-13.79,-179.03,-1.69,-9.10,8.18,-3.77,-5.97,8.18,4.58,-3.02,-64.57,45.21,0.47,-0.63,-0.50,0.36,61.29,0.61,156
1970-01-01 00:00:57.189,161.94,-15.20,-179.06,-3.76,-0.29,4.04,-13.84,-5.97,4.04,4.58,10.41,19.58,15.89,0.47,-0.64,-0.49,0.35,61.42,0.61,151
1970-01-01 00:00:57.258,162.58,-16.02,-179.07,-3.13,-2.81,5.12,-4.92,-3.12,5.12,4.39,0.56,-40.40,6.15,0.48,-0.64,-0.49,0.35,61.42,0.67,158
1970-01-01 00:00:57.328,162.09,-17.32,-179.12,-8.45,2.13,2.05,-14.84,8.28,2.05,4.17,6.49,17.23,20.70,0.48,-0.65,-0.48,0.34,61.29,0.67,160
1970-01-01 00:00:57.398,162.71,-18.22,-178.77,7.86,-4.42,-2.32,-6.45,8.28,-2.32,4.17,-6.15,-11.53,11.86,0.49,-0.65,-0.48,0.34,61.17,0.73,157
1970-01-01 00:00:57.468,161.33,-19.06,-178.76,-58.09,-3.96,0.33,-10.97,8.28,0.33,4.17,9.85,84.49,0.22,0.48,-0.66,-0.48,0.33,61.42,0.55,162
1970-01-01 00:00:57.538,162.01,-19.94,-178.29,-28.05,-1.89,0.71,-7.60,8.28,0.71,4.17,-7.16,-15.67,36.03,0.49,-0.66,-0.47,0.33,61.29,0.49,194
1970-01-01 00:00:57.608,162.62,-21.42,-178.62,14.94,0.14,-1.43,-15.14,8.28,-1.43,4.17,8.84,-46.66,27.19,0.50,-0.66,-0.46,0.33,61.29,0.61,178
1970-01-01 00:00:57.688,163.85,-23.26,-179.13,-11.34,-3.04,2.05,-8.36,8.89,2.05,-4.50,1.34,15.11,0.22,0.51,-0.66,-0.44,0.33,61.42,0.61,168
1970-01-01 00:00:57.758,162.08,-25.06,-179.15,-14.04,3.81,1.79,-12.58,8.89,1.79,-4.50,5.15,30.89,26.41,0.50,-0.68,-0.44,0.31,61.29,0.67,158
1970-01-01 00:00:57.818,162.08,-25.06,-179.15,1604.00,-5.00,-0.02,-2.04,8.89,-0.02,-4.50,2.13,-39.28,24.06,0.50,-0.68,-0.44,0.31,61.29,0.67,160
1970-01-01 00:00:57.888,163.25,-28.67,-179.07,14.83,-8.03,-1.93,-7.60,8.89,-1.93,-4.50,8.50,0.22,31.67,0.52,-0.69,-0.41,0.30,61.36,0.67,152
1970-01-01 00:00:57.958,162.55,-29.84,-178.85,-13.31,3.89,2.24,-12.58,3.71,2.24,-1.68,2.57,21.15,14.77,0.52,-0.69,-0.41,0.29,61.36,0.67,156
1970-01-01 00:00:58.067,162.54,-32.86,-178.46,-16.33,-4.15,2.01,-12.24,-1.87,2.01,5.41,-0.45,-23.84,16.90,0.53,-0.70,-0.39,0.28,61.29,0.55,168
1970-01-01 00:00:58.138,162.53,-34.45,-177.96,-12.91,-0.98,2.67,-2.58,-1.87,2.67,5.41,-8.17,-2.57,28.54,0.54,-0.70,-0.38,0.27,61.36,0.61,162
1970-01-01 00:00:58.209,162.97,-35.48,-177.84,-108.13,4.27,0.33,-16.33,3.79,0.33,2.66,4.92,-36.71,27.08,0.54,-0.70,-0.37,0.27,61.17,0.67,156
1970-01-01 00:00:58.287,163.35,-37.00,-177.32,150.36,-9.70,-0.25,-3.16,3.79,-0.25,2.66,-7.27,-23.61,30.10,0.55,-0.71,-0.36,0.26,61.23,0.61,156
1970-01-01 00:00:58.348,163.35,-37.00,-177.32,-10.67,5.38,3.47,-13.38,3.79,3.47,2.66,0.22,17.68,23.84,0.55,-0.71,-0.36,0.26,61.23,0.73,155
1970-01-01 00:00:58.429,162.43,-38.71,-176.77,7.20,-1.36,-5.38,-9.51,0.34,-5.38,0.97,-3.69,-41.85,16.67,0.55,-0.71,-0.36,0.25,61.23,0.73,154
1970-01-01 00:00:58.489,161.79,-40.17,-177.04,-29.47,-3.54,1.36,-11.58,0.34,1.36,0.97,3.92,-5.37,7.05,0.55,-0.72,-0.35,0.24,61.23,0.67,143
1970-01-01 00:00:58.569,162.68,-42.12,-177.52,-30.03,-1.47,1.40,-5.46,1.04,1.40,-2.23,15.22,-1.90,22.27,0.56,-0.72,-0.33,0.23,61.29,0.55,160
1970-01-01 00:00:58.628,162.68,-42.12,-177.52,-15.14,3.97,2.78,-12.08,1.04,2.78,-2.23,6.27,17.35,26.41,0.56,-0.72,-0.33,0.23,61.54,0.61,159
1970-01-01 00:00:58.699,161.95,-44.74,-177.05,-110.12,-2.05,0.41,-9.78,5.65,0.41,-3.52,0.00,-13.65,32.56,0.56,-0.73,-0.32,0.22,61.36,0.67,157
1970-01-01 00:00:58.769,162.47,-46.15,-176.85,-61.54,0.48,0.75,-10.05,-2.71,0.75,4.64,3.25,-12.76,19.70,0.57,-0.73,-0.31,0.21,61.29,0.61,157
1970-01-01 00:00:58.839,162.22,-48.46,-176.48,-7.29,0.10,6.65,-5.26,5.34,6.65,-6.46,4.36,10.74,22.60,0.57,-0.74,-0.29,0.20,61.29,0.61,157
1970-01-01 00:00:58.919,162.66,-51.61,-176.44,9.39,-5.15,-5.50,-7.37,3.20,-5.50,-1.95,2.13,3.80,34.02,0.58,-0.74,-0.27,0.19,61.11,0.67,153
1970-01-01 00:00:58.989,162.49,-53.35,-177.22,-6.98,0.02,7.64,-12.46,3.20,7.64,-1.95,15.33,5.26,43.42,0.58,-0.75,-0.26,0.18,61.23,0.67,159
1970-01-01 00:00:59.059,163.17,-55.10,-177.15,-34.57,-4.73,1.59,-6.06,3.20,1.59,-1.95,4.70,32.23,7.16,0.59,-0.75,-0.25,0.17,61.29,0.67,156
1970-01-01 00:00:59.159,162.88,-57.59,-177.08,-13.13,-0.67,4.39,-10.01,1.19,4.39,4.71,-4.81,-2.24,22.94,0.59,-0.76,-0.23,0.16,61.23,0.67,160
1970-01-01 00:00:59.238,162.79,-59.00,-177.18,-27.71,1.71,2.13,-14.38,-0.60,2.13,2.31,-0.90,-22.60,10.18,0.59,-0.76,-0.22,0.15,61.42,0.61,157
1970-01-01 00:00:59.299,162.79,-59.00,-177.18,-16.63,-7.41,3.55,-6.03,-0.60,3.55,2.31,-0.45,33.91,1.23,0.59,-0.76,-0.22,0.15,61.23,0.73,152
1970-01-01 00:00:59.369,162.31,-60.29,-176.78,19.81,-3.12,-3.04,-10.89,-6.59,-3.04,2.12,-1.45,-1.12,20.14,0.59,-0.76,-0.21,0.15,61.23,0.67,160
1970-01-01 00:00:59.448,161.36,-61.30,-176.81,-22.04,-4.00,2.78,-8.09,0.89,2.78,-2.42,-5.71,-20.37,24.62,0.59,-0.77,-0.21,0.14,61.29,0.67,157
1970-01-01 00:00:59.509,161.36,-61.30,-176.81,-348.72,-2.43,0.18,-4.76,0.89,0.18,-2.42,-2.91,2.46,13.20,0.59,-0.77,-0.21,0.14,61.29,0.67,152
1970-01-01 00:00:59.589,163.33,-62.58,-177.19,4005.13,-1.89,-0.02,-8.14,0.89,-0.02,-2.42,2.57,-4.92,10.41,0.60,-0.76,-0.19,0.14,61.23,0.67,161
1970-01-01 00:00:59.660,163.33,-62.58,-177.19,-39.27,-3.66,1.59,-10.55,0.89,1.59,-2.42,2.46,-5.48,-12.53,0.60,-0.76,-0.19,0.14,61.29,0.61,158
1970-01-01 00:00:59.730,166.19,-64.22,-179.11,-24.46,1.79,2.62,-7.17,0.89,2.62,-2.42,0.56,-41.18,22.16,0.61,-0.76,-0.18,0.14,61.17,0.67,158
1970-01-01 00:00:59.799,167.85,-65.17,179.14,-21.12,-1.43,3.09,-17.37,0.89,3.09,-2.42,13.54,5.15,5.82,0.61,-0.76,-0.17,0.14,61.29,0.67,157
1970-01-01 00:00:59.869,170.02,-66.10,177.70,-18.45,-4.46,3.58,-5.56,0.89,3.58,-2.42,14.44,23.50,-5.37,0.61,-0.76,-0.16,0.14,61.17,0.67,157
1970-01-01 00:00:59.930,170.02,-66.10,177.70,88.59,1.05,-0.75,-12.16,0.89,-0.75,-2.42,-2.46,14.32,19.81,0.61,-0.76,-0.16,0.14,61.29,0.61,157
1970-01-01 00:01:00.010,169.77,-68.86,176.97,-6.72,-0.98,10.25,-9.67,-1.11,10.25,-0.10,-4.36,2.01,16.34,0.61,-0.77,-0.14,0.12,61.29,0.67,156
1970-01-01 00:01:00.099,169.56,-70.65,177.01,35.19,-1.82,-2.01,-10.59,-6.67,-2.01,3.45,7.72,53.16,7.16,0.61,-0.77,-0.13,0.11,61.17,0.73,154
1970-01-01 00:01:00.180,170.90,-72.63,174.37,-13.49,-5.15,5.38,-14.00,-0.34,5.38,-1.71,7.72,66.81,2.80,0.60,-0.78,-0.11,0.10,61.11,0.67,160
1970-01-01 00:01:00.250,172.98,-73.71,172.66,168.48,-6.53,-0.44,-7.06,-0.34,-0.44,-1.71,10.52,-16.67,12.20,0.61,-0.78,-0.10,0.10,61.29,0.73,161
1970-01-01 00:01:00.330,175.76,-75.30,169.49,-64.26,1.40,1.17,-5.76,2.69,1.17,-0.84,9.96,-8.95,48.90,0.61,-0.79,-0.09,0.10,61.29,0.61,153
1970-01-01 00:01:00.410,178.92,-77.66,166.78,-42.66,-3.12,1.82,-1.20,2.69,1.82,-0.84,-3.47,20.03,10.41,0.61,-0.79,-0.07,0.08,61.36,0.61,157
1970-01-01 00:01:00.500,178.51,-79.73,166.26,-318.93,-0.82,0.25,-4.34,-2.16,0.25,-3.57,-4.81,-47.11,31.11,0.60,-0.79,-0.06,0.07,61.42,0.73,159
1970-01-01 00:01:00.590,179.51,-81.57,163.72,19.64,-0.90,-4.15,-16.98,-0.95,-4.15,5.63,4.36,-23.84,44.76,0.59,-0.80,-0.04,0.06,61.42,0.67,154
1970-01-01 00:01:00.680,-173.55,-83.14,157.06,-44.71,-2.09,1.86,-16.64,-2.71,1.86,1.16,-2.13,-30.66,45.21,0.60,-0.80,-0.03,0.05,61.36,0.61,155
1970-01-01 00:01:00.740,-173.55,-83.14,157.06,256.42,-4.38,-0.32,-3.57,-2.71,-0.32,1.16,12.09,-27.86,28.54,0.60,-0.80,-0.03,0.05,61.29,0.73,163
1970-01-01 00:01:00.810,-157.32,-85.28,141.63,-108.08,-1.17,0.79,-17.86,-2.71,0.79,1.16,12.98,-17.01,24.84,0.60,-0.80,-0.01,0.04,61.36,0.61,155
1970-01-01 00:01:00.880,-152.79,-86.57,138.10,217.29,5.00,-0.40,-12.73,-2.71,-0.40,1.16,-10.74,-14.21,23.50,0.61,-0.79,-0.01,0.03,61.36,0.73,158
1970-01-01 00:01:00.950,-141.67,-87.17,126.85,-42.51,-3.31,2.05,-7.13,-2.71,2.05,1.16,-3.02,34.36,2.24,0.61,-0.79,0.00,0.02,61.29,0.73,157
1970-01-01 00:01:01.020,-114.40,-87.72,99.79,30.76,-2.74,-2.85,-4.65,-2.71,-2.85,1.16,4.25,-6.38,27.98,0.61,-0.79,0.01,0.02,61.29,0.85,153
1970-01-01 00:01:01.089,-83.89,-87.33,68.88,-44.18,-4.50,1.98,-4.54,-2.71,1.98,1.16,2.91,3.47,30.66,0.61,-0.79,0.02,0.01,61.11,0.67,158
1970-01-01 00:01:01.170,-73.55,-85.80,57.92,-25.87,-1.32,3.32,-5.42,-0.37,3.32,9.29,18.35,20.81,8.73,0.60,-0.80,0.03,0.01,61.11,0.67,157
1970-01-01 00:01:01.240,-64.98,-84.62,49.70,37.81,-0.32,-2.24,-4.80,-0.37,-2.24,9.29,9.40,-9.62,20.37,0.61,-0.79,0.05,0.01,61.17,0.67,159
1970-01-01 00:01:01.309,-59.81,-83.99,43.83,-17.05,-2.39,4.93,-9.97,-0.37,4.93,9.29,-4.59,5.71,25.51,0.60,-0.80,0.05,0.01,61.11,0.67,159
1970-01-01 00:01:01.370,-59.81,-83.99,43.83,-19.48,-3.58,4.31,-6.95,-0.37,4.31,9.29,-2.80,11.30,-8.28,0.60,-0.80,0.05,0.01,61.48,0.67,154
1970-01-01 00:01:01.451,-37.94,-81.51,22.39,-27.42,4.16,2.97,-11.88,-0.37,2.97,9.29,-6.83,-33.91,37.82,0.60,-0.79,0.07,-0.02,61.29,0.61,152
1970-01-01 00:01:01.511,-37.16,-79.80,22.11,-10.08,-0.17,7.92,-7.29,-0.37,7.92,9.29,11.41,-29.10,21.71,0.61,-0.79,0.09,-0.02,61.23,0.67,164
1970-01-01 00:01:01.580,-31.63,-77.67,15.86,34.70,7.84,-2.24,-13.77,-0.37,-2.24,9.29,-2.80,6.83,52.71,0.60,-0.79,0.10,-0.04,61.17,0.67,158
1970-01-01 00:01:01.650,-29.95,-76.14,14.47,-13.21,-4.46,5.77,-5.41,-2.66,5.77,3.49,-4.81,-48.90,30.66,0.60,-0.79,0.11,-0.05,61.17,0.67,158
1970-01-01 00:01:01.730,-28.64,-72.78,12.09,-16.88,-4.35,4.31,-9.13,10.44,4.31,3.09,19.36,29.88,20.25,0.59,-0.79,0.14,-0.06,61.36,0.61,157
1970-01-01 00:01:01.791,-23.33,-71.24,8.72,-53.79,-10.16,1.32,0.79,10.44,1.32,3.09,-4.25,-46.44,73.86,0.60,-0.78,0.14,-0.08,61.05,0.73,172
1970-01-01 00:01:01.871,-23.72,-69.48,7.94,-189.22,-2.24,0.37,-5.53,-5.21,0.37,4.04,5.26,78.22,3.36,0.59,-0.78,0.16,-0.09,61.23,0.73,157
1970-01-01 00:01:01.941,-22.29,-66.89,7.63,18.69,0.98,-3.58,-21.12,-5.21,-3.58,4.04,15.55,30.66,9.51,0.60,-0.78,0.17,-0.10,61.36,0.61,154
1970-01-01 00:01:02.011,-21.68,-64.76,6.99,-14.02,-0.25,4.62,-12.08,-5.21,4.62,4.04,2.80,-37.38,62.00,0.60,-0.77,0.19,-0.11,61.36,0.61,154
1970-01-01 00:01:02.081,-20.75,-61.70,6.30,-21.03,6.11,2.93,-10.43,-5.21,2.93,4.04,10.85,-39.84,13.54,0.59,-0.77,0.21,-0.13,61.36,0.67,153
1970-01-01 00:01:02.150,-18.91,-58.78,4.71,23.08,2.05,-2.55,-12.08,-5.21,-2.55,4.04,4.36,36.15,38.16,0.59,-0.76,0.23,-0.15,61.36,0.67,155
1970-01-01 00:01:02.221,-18.71,-55.15,4.05,-30.89,-6.95,1.79,-5.11,-5.21,1.79,4.04,-0.34,-25.51,69.94,0.58,-0.76,0.25,-0.17,61.36,0.61,156
1970-01-01 00:01:02.291,-18.31,-53.30,3.41,-20.58,1.82,2.59,-13.27,-0.80,2.59,-3.78,6.27,20.93,25.85,0.58,-0.75,0.26,-0.18,61.23,0.79,156
1970-01-01 00:01:02.361,-17.35,-50.65,2.65,27.30,3.32,-1.86,-9.63,-0.80,-1.86,-3.78,2.35,-8.28,44.20,0.58,-0.75,0.28,-0.19,61.36,0.61,156
1970-01-01 00:01:02.429,-18.47,-48.12,2.76,-15.79,-1.17,3.05,-12.92,-0.80,3.05,-3.78,13.54,36.15,30.66,0.56,-0.74,0.29,-0.20,61.23,0.73,159
1970-01-01 00:01:02.511,-19.44,-45.81,3.02,-10.08,-1.70,4.54,-8.40,8.29,4.54,1.55,10.97,5.15,16.34,0.55,-0.74,0.31,-0.21,61.29,0.67,159
1970-01-01 00:01:02.571,-19.44,-45.81,3.02,-48.66,-8.48,0.94,-4.38,8.29,0.94,1.55,8.73,-8.62,48.12,0.55,-0.74,0.31,-0.21,61.36,0.67,157
1970-01-01 00:01:02.640,-19.00,-41.33,3.15,-8.33,-2.58,4.96,-10.89,8.29,4.96,1.55,9.85,0.67,14.10,0.55,-0.73,0.34,-0.23,61.36,0.67,154
1970-01-01 00:01:02.712,-18.02,-39.50,2.85,21.75,2.05,-1.82,-2.92,2.60,-1.82,0.90,12.65,-14.77,41.29,0.55,-0.72,0.35,-0.24,61.23,0.67,156
1970-01-01 00:01:02.782,-18.36,-37.28,2.88,-5.70,-1.66,6.54,-11.82,3.73,6.54,5.82,3.25,-40.73,53.71,0.54,-0.71,0.37,-0.25,61.36,0.61,158
1970-01-01 00:01:02.852,-17.80,-34.98,2.49,20.54,-1.93,-1.70,-15.76,3.73,-1.70,5.82,2.24,17.79,4.14,0.54,-0.71,0.38,-0.26,61.29,0.67,156
1970-01-01 00:01:02.922,-19.32,-33.21,2.17,-4.52,-0.90,7.34,-11.50,3.73,7.34,5.82,-2.35,5.93,33.57,0.52,-0.71,0.39,-0.27,61.36,0.67,156
1970-01-01 00:01:03.002,-17.99,-30.78,1.38,16.95,-5.04,-1.82,-12.66,-5.06,-1.82,2.45,-4.59,-12.87,7.72,0.52,-0.70,0.40,-0.29,61.23,0.67,157
1970-01-01 00:01:03.062,-17.99,-30.78,1.38,-12.07,-1.62,2.55,-5.92,-5.06,2.55,2.45,4.59,-12.20,5.48,0.52,-0.70,0.40,-0.29,61.29,0.67,176
1970-01-01 00:01:03.142,-19.09,-27.49,1.77,-19.12,6.99,1.44,-14.23,3.75,1.44,-0.11,14.21,2.91,30.89,0.51,-0.69,0.43,-0.29,61.29,0.73,156
1970-01-01 00:01:03.211,-18.44,-25.82,1.52,-10.78,-0.67,2.39,-10.21,3.75,2.39,-0.11,-4.25,-32.23,13.54,0.50,-0.68,0.44,-0.30,61.29,0.67,157
1970-01-01 00:01:03.281,-19.22,-24.62,1.69,-9.50,-7.87,2.59,-6.60,3.75,2.59,-0.11,11.41,-3.92,13.76,0.50,-0.68,0.44,-0.31,61.36,0.73,158
1970-01-01 00:01:03.341,-19.22,-24.62,1.69,-55.77,-1.51,0.44,-0.66,3.75,0.44,-0.11,0.00,-11.19,47.45,0.50,-0.68,0.44,-0.31,61.36,0.61,156
1970-01-01 00:01:03.412,-18.27,-22.01,1.28,-16.15,-2.70,1.36,-14.26,3.66,1.36,3.59,-3.02,31.45,4.25,0.49,-0.67,0.46,-0.32,61.29,0.73,158
1970-01-01 00:01:03.481,-17.65,-20.34,1.25,8.51,0.10,-2.39,-13.54,3.66,-2.39,3.59,3.69,-39.50,49.35,0.49,-0.66,0.46,-0.33,61.29,0.67,148
1970-01-01 00:01:03.551,-17.32,-19.13,0.79,-5.39,-7.14,3.55,-3.73,3.66,3.55,3.59,-2.46,60.09,-5.15,0.49,-0.65,0.47,-0.34,61.29,0.67,158
1970-01-01 00:01:03.622,-18.30,-18.23,0.37,5.50,5.46,-3.31,-7.10,5.89,-3.31,-4.30,-3.80,23.16,22.05,0.48,-0.66,0.48,-0.34,61.23,0.67,159
1970-01-01 00:01:03.692,-18.09,-16.23,0.77,-2.74,-5.15,5.92,-7.75,5.89,5.92,-4.30,16.34,14.66,12.42,0.47,-0.64,0.49,-0.35,61.11,0.67,155
1970-01-01 00:01:03.791,-18.35,-14.05,1.13,-2.18,-6.07,6.45,-0.55,0.72,6.45,5.33,11.19,-64.57,28.65,0.47,-0.63,0.50,-0.36,61.23,0.67,159
1970-01-01 00:01:03.882,-17.91,-13.05,0.94,835.09,4.46,-0.02,-12.42,2.43,-0.02,-0.54,-1.01,31.89,-5.15,0.47,-0.63,0.51,-0.36,61.29,0.67,157
1970-01-01 00:01:03.951,-17.38,-10.62,0.29,-2.65,-3.46,4.00,-9.63,2.43,4.00,-0.54,-2.01,-37.82,-2.46,0.46,-0.62,0.52,-0.38,61.29,0.61,158
1970-01-01 00:01:04.010,-17.38,-10.62,0.29,-6.67,2.74,1.59,-13.43,2.43,1.59,-0.54,4.59,29.32,25.29,0.46,-0.62,0.52,-0.38,61.29,0.61,155
1970-01-01 00:01:04.083,-18.59,-8.47,0.32,90.40,-2.24,-0.09,-10.70,-2.01,-0.09,-1.62,2.69,-17.23,23.05,0.44,-0.61,0.53,-0.38,61.23,0.67,157
1970-01-01 00:01:04.162,-17.34,-6.11,0.91,-1.98,-8.83,3.09,0.68,-2.01,3.09,-1.62,6.71,16.79,13.99,0.45,-0.60,0.54,-0.39,61.23,0.67,160
1970-01-01 00:01:04.232,-17.34,-6.11,0.91,5.41,0.90,-1.13,-4.73,-2.01,-1.13,-1.62,10.18,17.01,-0.11,0.45,-0.60,0.54,-0.39,61.29,0.55,158
1970-01-01 00:01:04.292,-17.34,-6.11,0.91,-1.38,-2.36,4.43,-11.05,-2.01,4.43,-1.62,1.79,8.39,28.42,0.45,-0.60,0.54,-0.39,61.23,0.67,156
1970-01-01 00:01:04.353,-18.29,-1.89,0.74,-0.52,-6.37,3.66,-11.20,-2.01,3.66,-1.62,-4.36,24.40,28.20,0.42,-0.58,0.57,-0.40,61.23,0.67,157
1970-01-01 00:01:04.432,-18.97,-1.05,0.32,-0.39,-4.35,2.66,-9.90,-1.03,2.66,-3.53,-5.93,-28.42,44.99,0.42,-0.58,0.57,-0.41,61.17,0.67,156
1970-01-01 00:01:04.502,-18.68,0.09,-0.11,-0.02,6.84,-5.76,-19.97,-1.03,-5.76,-3.53,-6.49,-19.70,0.78,0.41,-0.57,0.57,-0.41,61.36,0.67,157
1970-01-01 00:01:04.562,-17.88,1.28,0.17,-81.96,4.93,-0.02,-6.72,-1.03,-0.02,-3.53,9.40,-27.19,43.64,0.41,-0.56,0.58,-0.42,61.48,0.55,156
1970-01-01 00:01:04.633,-17.88,1.28,0.17,-1.49,-1.09,-0.86,-17.98,-4.00,-0.86,7.04,4.14,48.57,33.35,0.41,-0.56,0.58,-0.42,61.11,0.67,157
1970-01-01 00:01:04.722,-19.24,4.87,0.74,6.50,-7.07,0.75,-15.49,-0.43,0.75,3.75,-2.57,-49.57,33.57,0.40,-0.55,0.60,-0.42,61.36,0.67,152
1970-01-01 00:01:04.782,-19.24,4.87,0.74,-23.54,-9.10,-0.21,-2.77,-0.43,-0.21,3.75,-9.74,-49.01,39.39,0.40,-0.55,0.60,-0.42,61.29,0.67,160
1970-01-01 00:01:04.863,-18.56,6.81,0.50,1.73,-5.69,3.93,-2.58,4.55,3.93,11.88,-0.90,18.46,-14.32,0.39,-0.54,0.61,-0.43,61.29,0.73,157
1970-01-01 00:01:04.933,-20.11,7.67,0.41,-2.62,4.35,-2.93,-6.64,4.55,-2.93,11.88,1.23,74.75,38.83,0.38,-0.54,0.62,-0.43,61.23,0.67,161
1970-01-01 00:01:04.992,-20.11,7.67,0.41,2.24,-4.50,3.43,-11.20,4.55,3.43,11.88,-5.60,-13.99,18.02,0.38,-0.54,0.62,-0.43,61.23,0.67,153
1970-01-01 00:01:05.063,-18.80,8.93,-0.46,8.79,4.16,1.02,-6.30,2.27,1.02,1.97,-9.85,0.56,12.53,0.38,-0.53,0.62,-0.44,61.29,0.61,155
1970-01-01 00:01:05.133,-18.29,9.80,-0.19,-26.97,-5.27,-0.36,-9.93,-2.05,-0.36,4.89,13.20,6.94,15.89,0.38,-0.52,0.62,-0.45,61.42,0.61,152
1970-01-01 00:01:05.202,-18.81,10.48,-0.49,-4.60,-11.43,-2.28,-8.29,-2.05,-2.28,4.89,-5.60,49.46,-16.56,0.37,-0.52,0.62,-0.45,61.36,0.67,156
1970-01-01 00:01:05.263,-19.26,11.18,-0.50,-9.29,-2.39,-1.20,-10.13,-2.05,-1.20,4.89,4.03,-9.18,42.52,0.37,-0.52,0.63,-0.45,61.17,0.67,156
1970-01-01 00:01:05.323,-19.26,11.18,-0.50,-14.67,0.18,0.21,-13.07,-3.50,-0.76,4.03,3.25,4.70,15.00,0.37,-0.52,0.63,-0.45,61.36,0.67,157
1970-01-01 00:01:05.393,-18.88,13.14,-0.19,13.96,-1.39,0.94,-8.29,-3.50,0.94,4.03,1.79,-5.71,-9.40,0.36,-0.51,0.64,-0.46,61.36,0.61,156
1970-01-01 00:01:05.463,-19.69,13.78,-0.17,-20.63,-3.96,-0.67,-13.99,-3.50,-0.67,4.03,-4.48,11.53,19.02,0.35,-0.51,0.64,-0.45,61.29,0.67,159
1970-01-01 00:01:05.533,-19.69,13.78,-0.17,-2.99,-3.00,-4.61,-11.58,-3.50,-4.61,4.03,0.67,-31.89,27.19,0.35,-0.51,0.64,-0.45,61.23,0.73,158
1970-01-01 00:01:05.591,-19.69,13.78,-0.17,2.67,-5.04,5.16,-6.18,-3.50,5.16,4.03,0.56,33.01,-20.59,0.35,-0.51,0.64,-0.45,61.36,0.61,158
1970-01-01 00:01:05.653,-16.92,16.11,-0.47,14.22,-4.43,1.13,-4.15,-3.50,1.13,4.03,0.78,-14.77,27.42,0.36,-0.48,0.64,-0.48,61.23,0.67,154
1970-01-01 00:01:05.733,-17.37,17.38,-0.44,6.43,-4.65,2.70,-5.91,1.98,2.70,-9.59,7.83,27.31,12.98,0.35,-0.48,0.65,-0.48,61.17,0.67,157
1970-01-01 00:01:05.803,-16.42,18.78,-0.66,-343.47,2.32,-0.05,-5.80,1.98,-0.05,-9.59,-0.67,3.58,32.23,0.35,-0.47,0.65,-0.49,61.17,0.67,156
1970-01-01 00:01:05.880,-16.01,20.58,-0.69,20.26,-5.46,1.02,-7.79,2.05,1.02,6.23,10.52,-5.48,30.66,0.34,-0.46,0.65,-0.50,61.36,0.67,163
1970-01-01 00:01:05.912,-16.01,20.58,-0.69,20.26,-5.46,1.02,-7.79,2.05,1.02,6.23,10.52,-5.48,30.66,0.34,-0.46,0.65,-0.50,61.17,0.67,158
1970-01-01 00:01:05.944,-16.01,20.58,-0.69,20.26,-5.46,1.02,-7.79,2.05,1.02,6.23,10.52,-5.48,30.66,0.34,-0.46,0.65,-0.50,61.36,0.67,154
1970-01-01 00:01:05.976,-16.01,20.58,-0.69,20.26,-5.46,1.02,-7.79,2.05,1.02,6.23,10.52,-5.48,30.66,0.34,-0.46,0.65,-0.50,61.29,0.73,155
1970-01-01 00:01:06.008,-16.01,20.58,-0.69,20.26,-5.46,1.02,-7.79,2.05,1.02,6.23,10.52,-5.48,30.66,0.34,-0.46,0.65,-0.50,61.29,0.61,157
1970-01-01 00:01:06.041,-16.01,20.58,-0.69,20.26,-5.46,1.02,-7.79,2.05,1.02,6.23,10.52,-5.48,30.66,0.34,-0.46,0.65,-0.50,61.36,0.61,158
1970-01-01 00:01:06.073,-16.01,20.58,-0.69,20.26,-5.46,1.02,-7.79,2.05,1.02,6.23,10.52,-5.48,30.66,0.34,-0.46,0.65,-0.50,61.29,0.67,158
1970-01-01 00:01:06.105,-16.01,20.58,-0.69,20.26,-5.46,1.02,-7.79,2.05,1.02,6.23,10.52,-5.48,30.66,0.34,-0.46,0.65,-0.50,61.36,0.61,161
1970-01-01 00:01:06.137,-16.01,20.58,-0.69,20.26,-5.46,1.02,-7.79,2.05,1.02,6.23,10.52,-5.48,30.66,0.34,-0.46,0.65,-0.50,61.17,0.73,151
1970-01-01 00:01:06.169,-16.01,20.58,-0.69,20.26,-5.46,1.02,-7.79,2.05,1.02,6.23,10.52,-5.48,30.66,0.34,-0.46,0.65,-0.50,61.29,0.61,154
1970-01-01 00:01:06.201,-16.01,20.58,-0.69,20.26,-5.46,1.02,-7.79,2.05,1.02,6.23,10.52,-5.48,30.66,0.34,-0.46,0.65,-0.50,61.17,0.67,153
1970-01-01 00:01:06.233,-16.01,20.58,-0.69,20.26,-5.46,1.02,-7.79,2.05,1.02,6.23,10.52,-5.48,30.66,0.34,-0.46,0.65,-0.50,61.29,0.61,161
1970-01-01 00:01:06.265,-16.01,20.58,-0.69,20.26,-5.46,1.02,-7.79,2.05,1.02,6.23,10.52,-5.48,30.66,0.34,-0.46,0.65,-0.50,61.17,0.67,155
1970-01-01 00:01:06.297,-16.01,20.58,-0.69,20.26,-5.46,1.02,-7.79,2.05,1.02,6.23,10.52,-5.48,30.66,0.34,-0.46,0.65,-0.50,61.29,0.67,142
1970-01-01 00:01:06.329,-16.01,20.58,-0.69,20.26,-5.46,1.02,-7.79,2.05,1.02,6.23,10.52,-5.48,30.66,0.34,-0.46,0.65,-0.50,61.11,0.67,154
1970-01-01 00:01:06.360,-16.01,20.58,-0.69,20.26,-5.46,1.02,-7.79,2.05,1.02,6.23,10.52,-5.48,30.66,0.34,-0.46,0.65,-0.50,61.17,0.73,157
1970-01-01 00:01:06.392,-16.01,20.58,-0.69,20.26,-5.46,1.02,-7.79,2.05,1.02,6.23,10.52,-5.48,30.66,0.34,-0.46,0.65,-0.50,61.36,0.67,156
1970-01-01 00:01:06.423,-16.01,20.58,-0.69,20.26,-5.46,1.02,-7.79,2.05,1.02,6.23,10.52,-5.48,30.66,0.34,-0.46,0.65,-0.50,61.23,0.61,156
1970-01-01 00:01:06.455,-16.01,20.58,-0.69,20.26,-5.46,1.02,-7.79,2.05,1.02,6.23,10.52,-5.48,30.66,0.34,-0.46,0.65,-0.50,61.36,0.67,156
1970-01-01 00:01:06.487,-16.01,20.58,-0.69,20.26,-5.46,1.02,-7.79,2.05,1.02,6.23,10.52,-5.48,30.66,0.34,-0.46,0.65,-0.50,61.36,0.61,154
1970-01-01 00:01:06.518,-16.01,20.58,-0.69,20.26,-5.46,1.02,-7.79,2.05,1.02,6.23,10.52,-5.48,30.66,0.34,-0.46,0.65,-0.50,61.48,0.73,155
1970-01-01 00:01:06.550,-16.01,20.58,-0.69,20.26,-5.46,1.02,-7.79,2.05,1.02,6.23,10.52,-5.48,30.66,0.34,-0.46,0.65,-0.50,61.36,0.61,156
1970-01-01 00:01:06.582,-16.01,20.58,-0.69,20.26,-5.46,1.02,-7.79,2.05,1.02,6.23,10.52,-5.48,30.66,0.34,-0.46,0.65,-0.50,61.23,0.67,153
1970-01-01 00:01:06.627,-16.01,20.58,-0.69,20.26,-5.46,1.02,-7.79,2.05,1.02,6.23,10.52,-5.48,30.66,0.34,-0.46,0.65,-0.50,61.36,0.67,159
1970-01-01 00:01:06.660,-16.01,20.58,-0.69,20.26,-5.46,1.02,-7.79,2.05,1.02,6.23,10.52,-5.48,30.66,0.34,-0.46,0.65,-0.50,61.54,0.61,143
1970-01-01 00:01:06.692,-16.01,20.58,-0.69,20.26,-5.46,1.02,-7.79,2.05,1.02,6.23,10.52,-5.48,30.66,0.34,-0.46,0.65,-0.50,61.29,0.61,157
1970-01-01 00:01:06.724,-16.01,20.58,-0.69,20.26,-5.46,1.02,-7.79,2.05,1.02,6.23,10.52,-5.48,30.66,0.34,-0.46,0.65,-0.50,61.42,0.67,158
1970-01-01 00:01:06.756,-16.01,20.58,-0.69,20.26,-5.46,1.02,-7.79,2.05,1.02,6.23,10.52,-5.48,30.66,0.34,-0.46,0.65,-0.50,61.36,0.67,156
1970-01-01 00:01:06.788,-16.01,20.58,-0.69,20.26,-5.46,1.02,-7.79,2.05,1.02,6.23,10.52,-5.48,30.66,0.34,-0.46,0.65,-0.50,61.23,0.61,157
1970-01-01 00:01:06.852,-16.01,20.58,-0.69,20.26,-5.46,1.02,-7.79,2.05,1.02,6.23,10.52,-5.48,30.66,0.34,-0.46,0.65,-0.50,61.23,0.73,160
1970-01-01 00:01:06.887,-16.01,20.58,-0.69,20.26,-5.46,1.02,-7.79,2.05,1.02,6.23,10.52,-5.48,30.66,0.34,-0.46,0.65,-0.50,61.48,0.67,153
1970-01-01 00:01:06.921,-16.01,20.58,-0.69,20.26,-5.46,1.02,-7.79,2.05,1.02,6.23,10.52,-5.48,30.66,0.34,-0.46,0.65,-0.50,61.23,0.67,152
1970-01-01 00:01:06.954,-16.01,20.58,-0.69,20.26,-5.46,1.02,-7.79,2.05,1.02,6.23,10.52,-5.48,30.66,0.34,-0.46,0.65,-0.50,61.23,0.73,158
1970-01-01 00:01:06.987,-16.01,20.58,-0.69,20.26,-5.46,1.02,-7.79,2.05,1.02,6.23,10.52,-5.48,30.66,0.34,-0.46,0.65,-0.50,61.29,0.61,156
1970-01-01 00:01:07.020,-16.01,20.58,-0.69,20.26,-5.46,1.02,-7.79,2.05,1.02,6.23,10.52,-5.48,30.66,0.34,-0.46,0.65,-0.50,61.23,0.67,159
1970-01-01 00:01:07.052,-16.01,20.58,-0.69,20.26,-5.46,1.02,-7.79,2.05,1.02,6.23,10.52,-5.48,30.66,0.34,-0.46,0.65,-0.50,61.23,0.73,167
1970-01-01 00:01:07.085,-16.01,20.58,-0.69,20.26,-5.46,1.02,-7.79,2.05,1.02,6.23,10.52,-5.48,30.66,0.34,-0.46,0.65,-0.50,61.11,0.73,170
1970-01-01 00:01:07.118,-16.01,20.58,-0.69,20.26,-5.46,1.02,-7.79,2.05,1.02,6.23,10.52,-5.48,30.66,0.34,-0.46,0.65,-0.50,61.29,0.73,158
1970-01-01 00:01:07.151,-16.01,20.58,-0.69,20.26,-5.46,1.02,-7.79,2.05,1.02,6.23,10.52,-5.48,30.66,0.34,-0.46,0.65,-0.50,61.17,0.73,156
1970-01-01 00:01:07.184,-16.01,20.58,-0.69,20.26,-5.46,1.02,-7.79,2.05,1.02,6.23,10.52,-5.48,30.66,0.34,-0.46,0.65,-0.50,61.29,0.61,157
1970-01-01 00:01:07.217,-16.01,20.58,-0.69,20.26,-5.46,1.02,-7.79,2.05,1.02,6.23,10.52,-5.48,30.66,0.34,-0.46,0.65,-0.50,61.36,0.55,154
1970-01-01 00:01:07.250,-16.01,20.58,-0.69,20.26,-5.46,1.02,-7.79,2.05,1.02,6.23,10.52,-5.48,30.66,0.34,-0.46,0.65,-0.50,61.42,0.61,155
1970-01-01 00:01:07.283,-16.01,20.58,-0.69,20.26,-5.46,1.02,-7.79,2.05,1.02,6.23,10.52,-5.48,30.66,0.34,-0.46,0.65,-0.50,61.36,0.61,164
1970-01-01 00:01:07.315,-16.01,20.58,-0.69,20.26,-5.46,1.02,-7.79,2.05,1.02,6.23,10.52,-5.48,30.66,0.34,-0.46,0.65,-0.50,61.36,0.67,162
1970-01-01 00:01:07.348,-16.01,20.58,-0.69,20.26,-5.46,1.02,-7.79,2.05,1.02,6.23,10.52,-5.48,30.66,0.34,-0.46,0.65,-0.50,61.23,0.67,159
1970-01-01 00:01:07.380,-16.01,20.58,-0.69,20.26,-5.46,1.02,-7.79,2.05,1.02,6.23,10.52,-5.48,30.66,0.34,-0.46,0.65,-0.50,61.36,0.61,157
1970-01-01 00:01:07.412,-16.01,20.58,-0.69,20.26,-5.46,1.02,-7.79,2.05,1.02,6.23,10.52,-5.48,30.66,0.34,-0.46,0.65,-0.50,61.29,0.67,149
1970-01-01 00:01:07.444,-16.01,20.58,-0.69,20.26,-5.46,1.02,-7.79,2.05,1.02,6.23,10.52,-5.48,30.66,0.34,-0.46,0.65,-0.50,61.17,0.67,156
1970-01-01 00:01:07.476,-16.01,20.58,-0.69,20.26,-5.46,1.02,-7.79,2.05,1.02,6.23,10.52,-5.48,30.66,0.34,-0.46,0.65,-0.50,61.29,0.67,159
1970-01-01 00:01:07.509,-16.01,20.58,-0.69,20.26,-5.46,1.02,-7.79,2.05,1.02,6.23,10.52,-5.48,30.66,0.34,-0.46,0.65,-0.50,61.29,0.67,158
1970-01-01 00:01:07.541,-16.01,20.58,-0.69,20.26,-5.46,1.02,-7.79,2.05,1.02,6.23,10.52,-5.48,30.66,0.34,-0.46,0.65,-0.50,61.11,0.61,154
1970-01-01 00:01:07.574,-16.01,20.58,-0.69,20.26,-5.46,1.02,-7.79,2.05,1.02,6.23,10.52,-5.48,30.66,0.34,-0.46,0.65,-0.50,61.36,0.67,157
1970-01-01 00:01:07.606,-16.01,20.58,-0.69,20.26,-5.46,1.02,-7.79,2.05,1.02,6.23,10.52,-5.48,30.66,0.34,-0.46,0.65,-0.50,61.17,0.73,156
1970-01-01 00:01:07.639,-16.01,20.58,-0.69,20.26,-5.46,1.02,-7.79,2.05,1.02,6.23,10.52,-5.48,30.66,0.34,-0.46,0.65,-0.50,61.36,0.61,158
1970-01-01 00:01:07.672,-16.01,20.58,-0.69,20.26,-5.46,1.02,-7.79,2.05,1.02,6.23,10.52,-5.48,30.66,0.34,-0.46,0.65,-0.50,61.17,0.67,153
1970-01-01 00:01:07.705,-16.01,20.58,-0.69,20.26,-5.46,1.02,-7.79,2.05,1.02,6.23,10.52,-5.48,30.66,0.34,-0.46,0.65,-0.50,61.29,0.67,161
1970-01-01 00:01:07.738,-16.01,20.58,-0.69,20.26,-5.46,1.02,-7.79,2.05,1.02,6.23,10.52,-5.48,30.66,0.34,-0.46,0.65,-0.50,61.29,0.73,153
1970-01-01 00:01:07.770,-16.01,20.58,-0.69,20.26,-5.46,1.02,-7.79,2.05,1.02,6.23,10.52,-5.48,30.66,0.34,-0.46,0.65,-0.50,61.36,0.61,159
1970-01-01 00:01:07.804,-16.01,20.58,-0.69,20.26,-5.46,1.02,-7.79,2.05,1.02,6.23,10.52,-5.48,30.66,0.34,-0.46,0.65,-0.50,61.36,0.61,159
1970-01-01 00:01:07.836,-16.01,20.58,-0.69,20.26,-5.46,1.02,-7.79,2.05,1.02,6.23,10.52,-5.48,30.66,0.34,-0.46,0.65,-0.50,61.11,0.73,156
1970-01-01 00:01:07.869,-16.01,20.58,-0.69,20.26,-5.46,1.02,-7.79,2.05,1.02,6.23,10.52,-5.48,30.66,0.34,-0.46,0.65,-0.50,61.29,0.67,158
1970-01-01 00:01:07.902,-16.01,20.58,-0.69,20.26,-5.46,1.02,-7.79,2.05,1.02,6.23,10.52,-5.48,30.66,0.34,-0.46,0.65,-0.50,61.29,0.67,155
1970-01-01 00:01:07.934,-16.01,20.58,-0.69,20.26,-5.46,1.02,-7.79,2.05,1.02,6.23,10.52,-5.48,30.66,0.34,-0.46,0.65,-0.50,61.17,0.67,155
1970-01-01 00:01:07.967,-16.01,20.58,-0.69,20.26,-5.46,1.02,-7.79,2.05,1.02,6.23,10.52,-5.48,30.66,0.34,-0.46,0.65,-0.50,61.36,0.67,156
1970-01-01 00:01:08.000,-16.01,20.58,-0.69,20.26,-5.46,1.02,-7.79,2.05,1.02,6.23,10.52,-5.48,30.66,0.34,-0.46,0.65,-0.50,61.29,0.73,154
1970-01-01 00:01:08.033,-16.01,20.58,-0.69,20.26,-5.46,1.02,-7.79,2.05,1.02,6.23,10.52,-5.48,30.66,0.34,-0.46,0.65,-0.50,61.29,0.67,183
1970-01-01 00:01:08.066,-16.01,20.58,-0.69,20.26,-5.46,1.02,-7.79,2.05,1.02,6.23,10.52,-5.48,30.66,0.34,-0.46,0.65,-0.50,61.23,0.73,156
1970-01-01 00:01:08.099,-16.01,20.58,-0.69,20.26,-5.46,1.02,-7.79,2.05,1.02,6.23,10.52,-5.48,30.66,0.34,-0.46,0.65,-0.50,61.36,0.61,151
1970-01-01 00:01:08.132,-16.01,20.58,-0.69,20.26,-5.46,1.02,-7.79,2.05,1.02,6.23,10.52,-5.48,30.66,0.34,-0.46,0.65,-0.50,61.23,0.73,161
1970-01-01 00:01:08.164,-16.01,20.58,-0.69,20.26,-5.46,1.02,-7.79,2.05,1.02,6.23,10.52,-5.48,30.66,0.34,-0.46,0.65,-0.50,61.36,0.61,161
1970-01-01 00:01:08.197,-16.01,20.58,-0.69,20.26,-5.46,1.02,-7.79,2.05,1.02,6.23,10.52,-5.48,30.66,0.34,-0.46,0.65,-0.50,61.17,0.67,159
1970-01-01 00:01:08.230,-16.01,20.58,-0.69,20.26,-5.46,1.02,-7.79,2.05,1.02,6.23,10.52,-5.48,30.66,0.34,-0.46,0.65,-0.50,61.36,0.67,157
1970-01-01 00:01:08.263,-16.01,20.58,-0.69,20.26,-5.46,1.02,-7.79,2.05,1.02,6.23,10.52,-5.48,30.66,0.34,-0.46,0.65,-0.50,61.36,0.67,158
1970-01-01 00:01:08.296,-16.01,20.58,-0.69,20.26,-5.46,1.02,-7.79,2.05,1.02,6.23,10.52,-5.48,30.66,0.34,-0.46,0.65,-0.50,61.29,0.61,156
1970-01-01 00:01:08.328,-16.01,20.58,-0.69,20.26,-5.46,1.02,-7.79,2.05,1.02,6.23,10.52,-5.48,30.66,0.34,-0.46,0.65,-0.50,61.11,0.73,155
1970-01-01 00:01:08.360,-16.01,20.58,-0.69,20.26,-5.46,1.02,-7.79,2.05,1.02,6.23,10.52,-5.48,30.66,0.34,-0.46,0.65,-0.50,61.23,0.73,157
1970-01-01 00:01:08.392,-16.01,20.58,-0.69,20.26,-5.46,1.02,-7.79,2.05,1.02,6.23,10.52,-5.48,30.66,0.34,-0.46,0.65,-0.50,61.29,0.61,160
1970-01-01 00:01:08.424,-16.01,20.58,-0.69,20.26,-5.46,1.02,-7.79,2.05,1.02,6.23,10.52,-5.48,30.66,0.34,-0.46,0.65,-0.50,61.29,0.73,156
1970-01-01 00:01:08.457,-16.01,20.58,-0.69,20.26,-5.46,1.02,-7.79,2.05,1.02,6.23,10.52,-5.48,30.66,0.34,-0.46,0.65,-0.50,61.29,0.67,156
1970-01-01 00:01:08.489,-16.01,20.58,-0.69,20.26,-5.46,1.02,-7.79,2.05,1.02,6.23,10.52,-5.48,30.66,0.34,-0.46,0.65,-0.50,61.36,0.61,153
1970-01-01 00:01:08.522,-16.01,20.58,-0.69,20.26,-5.46,1.02,-7.79,2.05,1.02,6.23,10.52,-5.48,30.66,0.34,-0.46,0.65,-0.50,61.36,0.61,160
1970-01-01 00:01:08.554,-16.01,20.58,-0.69,20.26,-5.46,1.02,-7.79,2.05,1.02,6.23,10.52,-5.48,30.66,0.34,-0.46,0.65,-0.50,61.11,0.61,154
1970-01-01 00:01:08.587,-16.01,20.58,-0.69,20.26,-5.46,1.02,-7.79,2.05,1.02,6.23,10.52,-5.48,30.66,0.34,-0.46,0.65,-0.50,61.36,0.61,157
1970-01-01 00:01:08.620,-16.01,20.58,-0.69,20.26,-5.46,1.02,-7.79,2.05,1.02,6.23,10.52,-5.48,30.66,0.34,-0.46,0.65,-0.50,61.36,0.67,157
1970-01-01 00:01:08.653,-16.01,20.58,-0.69,20.26,-5.46,1.02,-7.79,2.05,1.02,6.23,10.52,-5.48,30.66,0.34,-0.46,0.65,-0.50,61.17,0.67,156
1970-01-01 00:01:08.685,-16.01,20.58,-0.69,20.26,-5.46,1.02,-7.79,2.05,1.02,6.23,10.52,-5.48,30.66,0.34,-0.46,0.65,-0.50,61.29,0.67,161
1970-01-01 00:01:08.718,-16.01,20.58,-0.69,20.26,-5.46,1.02,-7.79,2.05,1.02,6.23,10.52,-5.48,30.66,0.34,-0.46,0.65,-0.50,61.36,0.61,155
1970-01-01 00:01:08.751,-16.01,20.58,-0.69,20.26,-5.46,1.02,-7.79,2.05,1.02,6.23,10.52,-5.48,30.66,0.34,-0.46,0.65,-0.50,61.36,0.61,157
1970-01-01 00:01:08.784,-16.01,20.58,-0.69,20.26,-5.46,1.02,-7.79,2.05,1.02,6.23,10.52,-5.48,30.66,0.34,-0.46,0.65,-0.50,61.29,0.61,156
1970-01-01 00:01:08.817,-16.01,20.58,-0.69,20.26,-5.46,1.02,-7.79,2.05,1.02,6.23,10.52,-5.48,30.66,0.34,-0.46,0.65,-0.50,61.29,0.61,155
1970-01-01 00:01:08.849,-16.01,20.58,-0.69,20.26,-5.46,1.02,-7.79,2.05,1.02,6.23,10.52,-5.48,30.66,0.34,-0.46,0.65,-0.50,61.29,0.67,156
1970-01-01 00:01:08.882,-16.01,20.58,-0.69,20.26,-5.46,1.02,-7.79,2.05,1.02,6.23,10.52,-5.48,30.66,0.34,-0.46,0.65,-0.50,61.23,0.73,155
1970-01-01 00:01:08.915,-16.01,20.58,-0.69,20.26,-5.46,1.02,-7.79,2.05,1.02,6.23,10.52,-5.48,30.66,0.34,-0.46,0.65,-0.50,61.29,0.67,157
1970-01-01 00:01:08.948,-16.01,20.58,-0.69,20.26,-5.46,1.02,-7.79,2.05,1.02,6.23,10.52,-5.48,30.66,0.34,-0.46,0.65,-0.50,61.17,0.67,157
1970-01-01 00:01:08.980,-16.01,20.58,-0.69,20.26,-5.46,1.02,-7.79,2.05,1.02,6.23,10.52,-5.48,30.66,0.34,-0.46,0.65,-0.50,61.29,0.67,159
1970-01-01 00:01:09.013,-16.01,20.58,-0.69,20.26,-5.46,1.02,-7.79,2.05,1.02,6.23,10.52,-5.48,30.66,0.34,-0.46,0.65,-0.50,61.23,0.67,153
1970-01-01 00:01:09.046,-16.01,20.58,-0.69,20.26,-5.46,1.02,-7.79,2.05,1.02,6.23,10.52,-5.48,30.66,0.34,-0.46,0.65,-0.50,61.42,0.61,157
1970-01-01 00:01:09.079,-16.01,20.58,-0.69,20.26,-5.46,1.02,-7.79,2.05,1.02,6.23,10.52,-5.48,30.66,0.34,-0.46,0.65,-0.50,61.29,0.61,157
1970-01-01 00:01:09.112,-16.01,20.58,-0.69,20.26,-5.46,1.02,-7.79,2.05,1.02,6.23,10.52,-5.48,30.66,0.34,-0.46,0.65,-0.50,61.17,0.67,161
1970-01-01 00:01:09.145,-16.01,20.58,-0.69,20.26,-5.46,1.02,-7.79,2.05,1.02,6.23,10.52,-5.48,30.66,0.34,-0.46,0.65,-0.50,61.23,0.67,158
1970-01-01 00:01:09.177,-16.01,20.58,-0.69,20.26,-5.46,1.02,-7.79,2.05,1.02,6.23,10.52,-5.48,30.66,0.34,-0.46,0.65,-0.50,61.23,0.67,157
1970-01-01 00:01:09.210,-16.01,20.58,-0.69,20.26,-5.46,1.02,-7.79,2.05,1.02,6.23,10.52,-5.48,30.66,0.34,-0.46,0.65,-0.50,61.17,0.67,154
1970-01-01 00:01:09.243,-16.01,20.58,-0.69,20.26,-5.46,1.02,-7.79,2.05,1.02,6.23,10.52,-5.48,30.66,0.34,-0.46,0.65,-0.50,61.36,0.67,159
1970-01-01 00:01:09.276,-16.01,20.58,-0.69,20.26,-5.46,1.02,-7.79,2.05,1.02,6.23,10.52,-5.48,30.66,0.34,-0.46,0.65,-0.50,61.36,0.67,156
1970-01-01 00:01:09.308,-16.01,20.58,-0.69,20.26,-5.46,1.02,-7.79,2.05,1.02,6.23,10.52,-5.48,30.66,0.34,-0.46,0.65,-0.50,61.42,0.61,157
1970-01-01 00:01:09.341,-16.01,20.58,-0.69,20.26,-5.46,1.02,-7.79,2.05,1.02,6.23,10.52,-5.48,30.66,0.34,-0.46,0.65,-0.50,61.36,0.67,157
1970-01-01 00:01:09.373,-16.01,20.58,-0.69,20.26,-5.46,1.02,-7.79,2.05,1.02,6.23,10.52,-5.48,30.66,0.34,-0.46,0.65,-0.50,61.17,0.67,160
1970-01-01 00:01:09.405,-16.01,20.58,-0.69,20.26,-5.46,1.02,-7.79,2.05,1.02,6.23,10.52,-5.48,30.66,0.34,-0.46,0.65,-0.50,61.36,0.61,157
1970-01-01 00:01:09.437,-16.01,20.58,-0.69,20.26,-5.46,1.02,-7.79,2.05,1.02,6.23,10.52,-5.48,30.66,0.34,-0.46,0.65,-0.50,61.17,0.67,154
1970-01-01 00:01:09.470,-16.01,20.58,-0.69,20.26,-5.46,1.02,-7.79,2.05,1.02,6.23,10.52,-5.48,30.66,0.34,-0.46,0.65,-0.50,61.36,0.55,154
1970-01-01 00:01:09.502,-16.01,20.58,-0.69,20.26,-5.46,1.02,-7.79,2.05,1.02,6.23,10.52,-5.48,30.66,0.34,-0.46,0.65,-0.50,61.36,0.61,160
1970-01-01 00:01:09.535,-16.01,20.58,-0.69,20.26,-5.46,1.02,-7.79,2.05,1.02,6.23,10.52,-5.48,30.66,0.34,-0.46,0.65,-0.50,61.42,0.61,160
1970-01-01 00:01:09.567,-16.01,20.58,-0.69,20.26,-5.46,1.02,-7.79,2.05,1.02,6.23,10.52,-5.48,30.66,0.34,-0.46,0.65,-0.50,61.05,0.67,159
1970-01-01 00:01:09.600,-16.01,20.58,-0.69,20.26,-5.46,1.02,-7.79,2.05,1.02,6.23,10.52,-5.48,30.66,0.34,-0.46,0.65,-0.50,61.17,0.67,158
1970-01-01 00:01:09.633,-16.01,20.58,-0.69,20.26,-5.46,1.02,-7.79,2.05,1.02,6.23,10.52,-5.48,30.66,0.34,-0.46,0.65,-0.50,61.29,0.67,158
1970-01-01 00:01:09.665,-16.01,20.58,-0.69,20.26,-5.46,1.02,-7.79,2.05,1.02,6.23,10.52,-5.48,30.66,0.34,-0.46,0.65,-0.50,61.23,0.73,157
1970-01-01 00:01:09.698,-16.01,20.58,-0.69,20.26,-5.46,1.02,-7.79,2.05,1.02,6.23,10.52,-5.48,30.66,0.34,-0.46,0.65,-0.50,61.42,0.67,162
1970-01-01 00:01:09.731,-16.01,20.58,-0.69,20.26,-5.46,1.02,-7.79,2.05,1.02,6.23,10.52,-5.48,30.66,0.34,-0.46,0.65,-0.50,61.23,0.73,156
1970-01-01 00:01:09.764,-16.01,20.58,-0.69,20.26,-5.46,1.02,-7.79,2.05,1.02,6.23,10.52,-5.48,30.66,0.34,-0.46,0.65,-0.50,61.29,0.67,146
1970-01-01 00:01:09.797,-16.01,20.58,-0.69,20.26,-5.46,1.02,-7.79,2.05,1.02,6.23,10.52,-5.48,30.66,0.34,-0.46,0.65,-0.50,61.17,0.67,158
1970-01-01 00:01:09.830,-16.01,20.58,-0.69,20.26,-5.46,1.02,-7.79,2.05,1.02,6.23,10.52,-5.48,30.66,0.34,-0.46,0.65,-0.50,61.36,0.55,155
1970-01-01 00:01:09.863,-16.01,20.58,-0.69,20.26,-5.46,1.02,-7.79,2.05,1.02,6.23,10.52,-5.48,30.66,0.34,-0.46,0.65,-0.50,61.36,0.55,153
1970-01-01 00:01:09.895,-16.01,20.58,-0.69,20.26,-5.46,1.02,-7.79,2.05,1.02,6.23,10.52,-5.48,30.66,0.34,-0.46,0.65,-0.50,61.23,0.67,157
1970-01-01 00:01:09.928,-16.01,20.58,-0.69,20.26,-5.46,1.02,-7.79,2.05,1.02,6.23,10.52,-5.48,30.66,0.34,-0.46,0.65,-0.50,61.29,0.61,155
1970-01-01 00:01:09.960,-16.01,20.58,-0.69,20.26,-5.46,1.02,-7.79,2.05,1.02,6.23,10.52,-5.48,30.66,0.34,-0.46,0.65,-0.50,61.36,0.67,170
1970-01-01 00:01:09.993,-16.01,20.58,-0.69,20.26,-5.46,1.02,-7.79,2.05,1.02,6.23,10.52,-5.48,30.66,0.34,-0.46,0.65,-0.50,61.23,0.67,154
1970-01-01 00:01:10.026,-16.01,20.58,-0.69,20.26,-5.46,1.02,-7.79,2.05,1.02,6.23,10.52,-5.48,30.66,0.34,-0.46,0.65,-0.50,61.36,0.61,159
1970-01-01 00:01:10.059,-16.01,20.58,-0.69,20.26,-5.46,1.02,-7.79,2.05,1.02,6.23,10.52,-5.48,30.66,0.34,-0.46,0.65,-0.50,61.29,0.61,157
1970-01-01 00:01:10.092,-16.01,20.58,-0.69,20.26,-5.46,1.02,-7.79,2.05,1.02,6.23,10.52,-5.48,30.66,0.34,-0.46,0.65,-0.50,61.42,0.61,159
1970-01-01 00:01:10.124,-16.01,20.58,-0.69,20.26,-5.46,1.02,-7.79,2.05,1.02,6.23,10.52,-5.48,30.66,0.34,-0.46,0.65,-0.50,61.29,0.67,157
1970-01-01 00:01:10.157,-16.01,20.58,-0.69,20.26,-5.46,1.02,-7.79,2.05,1.02,6.23,10.52,-5.48,30.66,0.34,-0.46,0.65,-0.50,61.29,0.73,155
1970-01-01 00:01:10.190,-16.01,20.58,-0.69,20.26,-5.46,1.02,-7.79,2.05,1.02,6.23,10.52,-5.48,30.66,0.34,-0.46,0.65,-0.50,61.29,0.73,160
1970-01-01 00:01:10.223,-16.01,20.58,-0.69,20.26,-5.46,1.02,-7.79,2.05,1.02,6.23,10.52,-5.48,30.66,0.34,-0.46,0.65,-0.50,61.42,0.67,158
1970-01-01 00:01:10.256,-16.01,20.58,-0.69,20.26,-5.46,1.02,-7.79,2.05,1.02,6.23,10.52,-5.48,30.66,0.34,-0.46,0.65,-0.50,61.36,0.55,175
1970-01-01 00:01:10.288,-16.01,20.58,-0.69,20.26,-5.46,1.02,-7.79,2.05,1.02,6.23,10.52,-5.48,30.66,0.34,-0.46,0.65,-0.50,61.36,0.49,154
1970-01-01 00:01:10.320,-16.01,20.58,-0.69,20.26,-5.46,1.02,-7.79,2.05,1.02,6.23,10.52,-5.48,30.66,0.34,-0.46,0.65,-0.50,61.36,0.67,158
1970-01-01 00:01:10.352,-16.01,20.58,-0.69,20.26,-5.46,1.02,-7.79,2.05,1.02,6.23,10.52,-5.48,30.66,0.34,-0.46,0.65,-0.50,61.36,0.61,159
1970-01-01 00:01:10.391,-16.01,20.58,-0.69,20.26,-5.46,1.02,-7.79,2.05,1.02,6.23,10.52,-5.48,30.66,0.34,-0.46,0.65,-0.50,61.29,0.67,157
1970-01-01 00:01:10.423,-16.01,20.58,-0.69,20.26,-5.46,1.02,-7.79,2.05,1.02,6.23,10.52,-5.48,30.66,0.34,-0.46,0.65,-0.50,61.29,0.61,157
1970-01-01 00:01:10.456,-16.01,20.58,-0.69,20.26,-5.46,1.02,-7.79,2.05,1.02,6.23,10.52,-5.48,30.66,0.34,-0.46,0.65,-0.50,61.36,0.61,156
1970-01-01 00:01:10.488,-16.01,20.58,-0.69,20.26,-5.46,1.02,-7.79,2.05,1.02,6.23,10.52,-5.48,30.66,0.34,-0.46,0.65,-0.50,61.23,0.67,156
1970-01-01 00:01:10.521,-16.01,20.58,-0.69,20.26,-5.46,1.02,-7.79,2.05,1.02,6.23,10.52,-5.48,30.66,0.34,-0.46,0.65,-0.50,61.29,0.61,155
1970-01-01 00:01:10.553,-16.01,20.58,-0.69,20.26,-5.46,1.02,-7.79,2.05,1.02,6.23,10.52,-5.48,30.66,0.34,-0.46,0.65,-0.50,61.23,0.61,144
1970-01-01 00:01:10.586,-16.01,20.58,-0.69,20.26,-5.46,1.02,-7.79,2.05,1.02,6.23,10.52,-5.48,30.66,0.34,-0.46,0.65,-0.50,61.17,0.67,158
1970-01-01 00:01:10.619,-16.01,20.58,-0.69,20.26,-5.46,1.02,-7.79,2.05,1.02,6.23,10.52,-5.48,30.66,0.34,-0.46,0.65,-0.50,61.29,0.67,157
1970-01-01 00:01:10.652,-16.01,20.58,-0.69,20.26,-5.46,1.02,-7.79,2.05,1.02,6.23,10.52,-5.48,30.66,0.34,-0.46,0.65,-0.50,61.36,0.61,155
1970-01-01 00:01:10.685,-16.01,20.58,-0.69,20.26,-5.46,1.02,-7.79,2.05,1.02,6.23,10.52,-5.48,30.66,0.34,-0.46,0.65,-0.50,61.42,0.61,153
1970-01-01 00:01:10.718,-16.01,20.58,-0.69,20.26,-5.46,1.02,-7.79,2.05,1.02,6.23,10.52,-5.48,30.66,0.34,-0.46,0.65,-0.50,61.48,0.61,155
1970-01-01 00:01:10.753,-16.01,20.58,-0.69,20.26,-5.46,1.02,-7.79,2.05,1.02,6.23,10.52,-5.48,30.66,0.34,-0.46,0.65,-0.50,61.23,0.67,145
1970-01-01 00:01:10.786,-16.01,20.58,-0.69,20.26,-5.46,1.02,-7.79,2.05,1.02,6.23,10.52,-5.48,30.66,0.34,-0.46,0.65,-0.50,61.36,0.61,152
1970-01-01 00:01:10.819,-16.01,20.58,-0.69,20.26,-5.46,1.02,-7.79,2.05,1.02,6.23,10.52,-5.48,30.66,0.34,-0.46,0.65,-0.50,61.42,0.61,159
1970-01-01 00:01:10.852,-16.01,20.58,-0.69,20.26,-5.46,1.02,-7.79,2.05,1.02,6.23,10.52,-5.48,30.66,0.34,-0.46,0.65,-0.50,61.42,0.61,158
1970-01-01 00:01:10.885,-16.01,20.58,-0.69,20.26,-5.46,1.02,-7.79,2.05,1.02,6.23,10.52,-5.48,30.66,0.34,-0.46,0.65,-0.50,61.42,0.61,156
1970-01-01 00:01:10.918,-16.01,20.58,-0.69,20.26,-5.46,1.02,-7.79,2.05,1.02,6.23,10.52,-5.48,30.66,0.34,-0.46,0.65,-0.50,61.29,0.49,151
1970-01-01 00:01:10.951,-16.01,20.58,-0.69,20.26,-5.46,1.02,-7.79,2.05,1.02,6.23,10.52,-5.48,30.66,0.34,-0.46,0.65,-0.50,61.36,0.61,155
1970-01-01 00:01:10.984,-16.01,20.58,-0.69,20.26,-5.46,1.02,-7.79,2.05,1.02,6.23,10.52,-5.48,30.66,0.34,-0.46,0.65,-0.50,61.36,0.67,160
1970-01-01 00:01:11.017,-16.01,20.58,-0.69,20.26,-5.46,1.02,-7.79,2.05,1.02,6.23,10.52,-5.48,30.66,0.34,-0.46,0.65,-0.50,61.42,0.49,152
1970-01-01 00:01:11.049,-16.01,20.58,-0.69,20.26,-5.46,1.02,-7.79,2.05,1.02,6.23,10.52,-5.48,30.66,0.34,-0.46,0.65,-0.50,61.36,0.67,151
1970-01-01 00:01:11.082,-16.01,20.58,-0.69,20.26,-5.46,1.02,-7.79,2.05,1.02,6.23,10.52,-5.48,30.66,0.34,-0.46,0.65,-0.50,61.42,0.67,164
1970-01-01 00:01:11.115,-16.01,20.58,-0.69,20.26,-5.46,1.02,-7.79,2.05,1.02,6.23,10.52,-5.48,30.66,0.34,-0.46,0.65,-0.50,61.11,0.67,158
1970-01-01 00:01:11.148,-16.01,20.58,-0.69,20.26,-5.46,1.02,-7.79,2.05,1.02,6.23,10.52,-5.48,30.66,0.34,-0.46,0.65,-0.50,61.29,0.61,157
1970-01-01 00:01:11.181,-16.01,20.58,-0.69,20.26,-5.46,1.02,-7.79,2.05,1.02,6.23,10.52,-5.48,30.66,0.34,-0.46,0.65,-0.50,61.23,0.67,157
1970-01-01 00:01:11.214,-16.01,20.58,-0.69,20.26,-5.46,1.02,-7.79,2.05,1.02,6.23,10.52,-5.48,30.66,0.34,-0.46,0.65,-0.50,61.23,0.79,157
1970-01-01 00:01:11.247,-16.01,20.58,-0.69,20.26,-5.46,1.02,-7.79,2.05,1.02,6.23,10.52,-5.48,30.66,0.34,-0.46,0.65,-0.50,61.29,0.67,154
1970-01-01 00:01:11.279,-16.01,20.58,-0.69,20.26,-5.46,1.02,-7.79,2.05,1.02,6.23,10.52,-5.48,30.66,0.34,-0.46,0.65,-0.50,61.23,0.67,155
1970-01-01 00:01:11.311,-16.01,20.58,-0.69,20.26,-5.46,1.02,-7.79,2.05,1.02,6.23,10.52,-5.48,30.66,0.34,-0.46,0.65,-0.50,61.36,0.61,156
1970-01-01 00:01:11.343,-16.01,20.58,-0.69,20.26,-5.46,1.02,-7.79,2.05,1.02,6.23,10.52,-5.48,30.66,0.34,-0.46,0.65,-0.50,61.42,0.67,155
1970-01-01 00:01:11.375,-16.01,20.58,-0.69,20.26,-5.46,1.02,-7.79,2.05,1.02,6.23,10.52,-5.48,30.66,0.34,-0.46,0.65,-0.50,61.36,0.67,157
1970-01-01 00:01:11.408,-16.01,20.58,-0.69,20.26,-5.46,1.02,-7.79,2.05,1.02,6.23,10.52,-5.48,30.66,0.34,-0.46,0.65,-0.50,61.23,0.67,162
1970-01-01 00:01:11.440,-16.01,20.58,-0.69,20.26,-5.46,1.02,-7.79,2.05,1.02,6.23,10.52,-5.48,30.66,0.34,-0.46,0.65,-0.50,61.29,0.61,157
1970-01-01 00:01:11.473,-16.01,20.58,-0.69,20.26,-5.46,1.02,-7.79,2.05,1.02,6.23,10.52,-5.48,30.66,0.34,-0.46,0.65,-0.50,61.17,0.67,155
1970-01-01 00:01:11.505,-16.01,20.58,-0.69,20.26,-5.46,1.02,-7.79,2.05,1.02,6.23,10.52,-5.48,30.66,0.34,-0.46,0.65,-0.50,61.29,0.61,158
1970-01-01 00:01:11.538,-16.01,20.58,-0.69,20.26,-5.46,1.02,-7.79,2.05,1.02,6.23,10.52,-5.48,30.66,0.34,-0.46,0.65,-0.50,61.05,0.67,175
1970-01-01 00:01:11.571,-16.01,20.58,-0.69,20.26,-5.46,1.02,-7.79,2.05,1.02,6.23,10.52,-5.48,30.66,0.34,-0.46,0.65,-0.50,61.29,0.61,156
1970-01-01 00:01:11.603,-16.01,20.58,-0.69,20.26,-5.46,1.02,-7.79,2.05,1.02,6.23,10.52,-5.48,30.66,0.34,-0.46,0.65,-0.50,61.42,0.67,143
1970-01-01 00:01:11.636,-16.01,20.58,-0.69,20.26,-5.46,1.02,-7.79,2.05,1.02,6.23,10.52,-5.48,30.66,0.34,-0.46,0.65,-0.50,61.29,0.61,157
1970-01-01 00:01:11.669,-16.01,20.58,-0.69,20.26,-5.46,1.02,-7.79,2.05,1.02,6.23,10.52,-5.48,30.66,0.34,-0.46,0.65,-0.50,61.42,0.61,158
1970-01-01 00:01:11.702,-16.01,20.58,-0.69,20.26,-5.46,1.02,-7.79,2.05,1.02,6.23,10.52,-5.48,30.66,0.34,-0.46,0.65,-0.50,61.29,0.67,157
1970-01-01 00:01:11.735,-16.01,20.58,-0.69,20.26,-5.46,1.02,-7.79,2.05,1.02,6.23,10.52,-5.48,30.66,0.34,-0.46,0.65,-0.50,61.42,0.61,158
1970-01-01 00:01:11.768,-16.01,20.58,-0.69,20.26,-5.46,1.02,-7.79,2.05,1.02,6.23,10.52,-5.48,30.66,0.34,-0.46,0.65,-0.50,61.42,0.61,147
1970-01-01 00:01:11.801,-16.01,20.58,-0.69,20.26,-5.46,1.02,-7.79,2.05,1.02,6.23,10.52,-5.48,30.66,0.34,-0.46,0.65,-0.50,61.23,0.67,156
1970-01-01 00:01:11.833,-16.01,20.58,-0.69,20.26,-5.46,1.02,-7.79,2.05,1.02,6.23,10.52,-5.48,30.66,0.34,-0.46,0.65,-0.50,61.36,0.67,156
1970-01-01 00:01:11.866,-16.01,20.58,-0.69,20.26,-5.46,1.02,-7.79,2.05,1.02,6.23,10.52,-5.48,30.66,0.34,-0.46,0.65,-0.50,61.29,0.67,157
1970-01-01 00:01:11.899,-16.01,20.58,-0.69,20.26,-5.46,1.02,-7.79,2.05,1.02,6.23,10.52,-5.48,30.66,0.34,-0.46,0.65,-0.50,61.36,0.61,153
1970-01-01 00:01:11.932,-16.01,20.58,-0.69,20.26,-5.46,1.02,-7.79,2.05,1.02,6.23,10.52,-5.48,30.66,0.34,-0.46,0.65,-0.50,61.29,0.61,150
1970-01-01 00:01:11.965,-16.01,20.58,-0.69,20.26,-5.46,1.02,-7.79,2.05,1.02,6.23,10.52,-5.48,30.66,0.34,-0.46,0.65,-0.50,61.36,0.67,156
1970-01-01 00:01:11.998,-16.01,20.58,-0.69,20.26,-5.46,1.02,-7.79,2.05,1.02,6.23,10.52,-5.48,30.66,0.34,-0.46,0.65,-0.50,61.17,0.67,156
1970-01-01 00:01:12.030,-16.01,20.58,-0.69,20.26,-5.46,1.02,-7.79,2.05,1.02,6.23,10.52,-5.48,30.66,0.34,-0.46,0.65,-0.50,61.23,0.67,157
1970-01-01 00:01:12.063,-16.01,20.58,-0.69,20.26,-5.46,1.02,-7.79,2.05,1.02,6.23,10.52,-5.48,30.66,0.34,-0.46,0.65,-0.50,61.36,0.67,138
1970-01-01 00:01:12.096,-16.01,20.58,-0.69,20.26,-5.46,1.02,-7.79,2.05,1.02,6.23,10.52,-5.48,30.66,0.34,-0.46,0.65,-0.50,61.11,0.55,161
1970-01-01 00:01:12.129,-16.01,20.58,-0.69,20.26,-5.46,1.02,-7.79,2.05,1.02,6.23,10.52,-5.48,30.66,0.34,-0.46,0.65,-0.50,61.36,0.67,158
1970-01-01 00:01:12.162,-16.01,20.58,-0.69,20.26,-5.46,1.02,-7.79,2.05,1.02,6.23,10.52,-5.48,30.66,0.34,-0.46,0.65,-0.50,61.29,0.67,158
1970-01-01 00:01:12.194,-16.01,20.58,-0.69,20.26,-5.46,1.02,-7.79,2.05,1.02,6.23,10.52,-5.48,30.66,0.34,-0.46,0.65,-0.50,61.42,0.61,158
1970-01-01 00:01:12.227,-16.01,20.58,-0.69,20.26,-5.46,1.02,-7.79,2.05,1.02,6.23,10.52,-5.48,30.66,0.34,-0.46,0.65,-0.50,61.05,0.61,157
1970-01-01 00:01:12.259,-16.01,20.58,-0.69,20.26,-5.46,1.02,-7.79,2.05,1.02,6.23,10.52,-5.48,30.66,0.34,-0.46,0.65,-0.50,61.17,0.67,159
1970-01-01 00:01:12.292,-16.01,20.58,-0.69,20.26,-5.46,1.02,-7.79,2.05,1.02,6.23,10.52,-5.48,30.66,0.34,-0.46,0.65,-0.50,61.36,0.67,173
1970-01-01 00:01:12.324,-16.01,20.58,-0.69,20.26,-5.46,1.02,-7.79,2.05,1.02,6.23,10.52,-5.48,30.66,0.34,-0.46,0.65,-0.50,61.17,0.67,154
1970-01-01 00:01:12.356,-16.01,20.58,-0.69,20.26,-5.46,1.02,-7.79,2.05,1.02,6.23,10.52,-5.48,30.66,0.34,-0.46,0.65,-0.50,61.23,0.67,158
1970-01-01 00:01:12.389,-16.01,20.58,-0.69,20.26,-5.46,1.02,-7.79,2.05,1.02,6.23,10.52,-5.48,30.66,0.34,-0.46,0.65,-0.50,61.36,0.67,157
1970-01-01 00:01:12.421,-16.01,20.58,-0.69,20.26,-5.46,1.02,-7.79,2.05,1.02,6.23,10.52,-5.48,30.66,0.34,-0.46,0.65,-0.50,61.29,0.61,161
1970-01-01 00:01:12.454,-16.01,20.58,-0.69,20.26,-5.46,1.02,-7.79,2.05,1.02,6.23,10.52,-5.48,30.66,0.34,-0.46,0.65,-0.50,61.23,0.73,162
1970-01-01 00:01:12.486,-16.01,20.58,-0.69,20.26,-5.46,1.02,-7.79,2.05,1.02,6.23,10.52,-5.48,30.66,0.34,-0.46,0.65,-0.50,61.36,0.67,157
1970-01-01 00:01:12.519,-16.01,20.58,-0.69,20.26,-5.46,1.02,-7.79,2.05,1.02,6.23,10.52,-5.48,30.66,0.34,-0.46,0.65,-0.50,61.42,0.61,160
1970-01-01 00:01:12.552,-16.01,20.58,-0.69,20.26,-5.46,1.02,-7.79,2.05,1.02,6.23,10.52,-5.48,30.66,0.34,-0.46,0.65,-0.50,61.36,0.61,157
1970-01-01 00:01:12.584,-16.01,20.58,-0.69,20.26,-5.46,1.02,-7.79,2.05,1.02,6.23,10.52,-5.48,30.66,0.34,-0.46,0.65,-0.50,61.23,0.73,157
1970-01-01 00:01:12.617,-16.01,20.58,-0.69,20.26,-5.46,1.02,-7.79,2.05,1.02,6.23,10.52,-5.48,30.66,0.34,-0.46,0.65,-0.50,61.29,0.67,158
1970-01-01 00:01:12.650,-16.01,20.58,-0.69,20.26,-5.46,1.02,-7.79,2.05,1.02,6.23,10.52,-5.48,30.66,0.34,-0.46,0.65,-0.50,61.17,0.67,157
1970-01-01 00:01:12.683,-16.01,20.58,-0.69,20.26,-5.46,1.02,-7.79,2.05,1.02,6.23,10.52,-5.48,30.66,0.34,-0.46,0.65,-0.50,61.23,0.67,152
1970-01-01 00:01:12.716,-16.01,20.58,-0.69,20.26,-5.46,1.02,-7.79,2.05,1.02,6.23,10.52,-5.48,30.66,0.34,-0.46,0.65,-0.50,61.29,0.73,155
1970-01-01 00:01:12.749,-16.01,20.58,-0.69,20.26,-5.46,1.02,-7.79,2.05,1.02,6.23,10.52,-5.48,30.66,0.34,-0.46,0.65,-0.50,61.29,0.55,157
1970-01-01 00:01:12.782,-16.01,20.58,-0.69,20.26,-5.46,1.02,-7.79,2.05,1.02,6.23,10.52,-5.48,30.66,0.34,-0.46,0.65,-0.50,61.48,0.55,144
1970-01-01 00:01:12.814,-16.01,20.58,-0.69,20.26,-5.46,1.02,-7.79,2.05,1.02,6.23,10.52,-5.48,30.66,0.34,-0.46,0.65,-0.50,61.42,0.61,156
1970-01-01 00:01:12.847,-16.01,20.58,-0.69,20.26,-5.46,1.02,-7.79,2.05,1.02,6.23,10.52,-5.48,30.66,0.34,-0.46,0.65,-0.50,61.29,0.61,154
1970-01-01 00:01:12.880,-16.01,20.58,-0.69,20.26,-5.46,1.02,-7.79,2.05,1.02,6.23,10.52,-5.48,30.66,0.34,-0.46,0.65,-0.50,61.23,0.67,156
1970-01-01 00:01:12.913,-16.01,20.58,-0.69,20.26,-5.46,1.02,-7.79,2.05,1.02,6.23,10.52,-5.48,30.66,0.34,-0.46,0.65,-0.50,61.29,0.73,168
1970-01-01 00:01:12.946,-16.01,20.58,-0.69,20.26,-5.46,1.02,-7.79,2.05,1.02,6.23,10.52,-5.48,30.66,0.34,-0.46,0.65,-0.50,61.17,0.67,155
1970-01-01 00:01:12.979,-16.01,20.58,-0.69,20.26,-5.46,1.02,-7.79,2.05,1.02,6.23,10.52,-5.48,30.66,0.34,-0.46,0.65,-0.50,61.29,0.73,158
1970-01-01 00:01:13.011,-16.01,20.58,-0.69,20.26,-5.46,1.02,-7.79,2.05,1.02,6.23,10.52,-5.48,30.66,0.34,-0.46,0.65,-0.50,61.42,0.61,158
1970-01-01 00:01:13.044,-16.01,20.58,-0.69,20.26,-5.46,1.02,-7.79,2.05,1.02,6.23,10.52,-5.48,30.66,0.34,-0.46,0.65,-0.50,61.23,0.73,159
1970-01-01 00:01:13.076,-16.01,20.58,-0.69,20.26,-5.46,1.02,-7.79,2.05,1.02,6.23,10.52,-5.48,30.66,0.34,-0.46,0.65,-0.50,61.23,0.61,155
1970-01-01 00:01:13.109,-16.01,20.58,-0.69,20.26,-5.46,1.02,-7.79,2.05,1.02,6.23,10.52,-5.48,30.66,0.34,-0.46,0.65,-0.50,61.23,0.67,153
1970-01-01 00:01:13.142,-16.01,20.58,-0.69,20.26,-5.46,1.02,-7.79,2.05,1.02,6.23,10.52,-5.48,30.66,0.34,-0.46,0.65,-0.50,61.17,0.67,160
1970-01-01 00:01:13.175,-16.01,20.58,-0.69,20.26,-5.46,1.02,-7.79,2.05,1.02,6.23,10.52,-5.48,30.66,0.34,-0.46,0.65,-0.50,61.36,0.61,161
1970-01-01 00:01:13.208,-16.01,20.58,-0.69,20.26,-5.46,1.02,-7.79,2.05,1.02,6.23,10.52,-5.48,30.66,0.34,-0.46,0.65,-0.50,61.23,0.61,158
1970-01-01 00:01:13.240,-16.01,20.58,-0.69,20.26,-5.46,1.02,-7.79,2.05,1.02,6.23,10.52,-5.48,30.66,0.34,-0.46,0.65,-0.50,61.36,0.61,161
1970-01-01 00:01:13.272,-16.01,20.58,-0.69,20.26,-5.46,1.02,-7.79,2.05,1.02,6.23,10.52,-5.48,30.66,0.34,-0.46,0.65,-0.50,61.29,0.55,156
1970-01-01 00:01:13.304,-16.01,20.58,-0.69,20.26,-5.46,1.02,-7.79,2.05,1.02,6.23,10.52,-5.48,30.66,0.34,-0.46,0.65,-0.50,61.23,0.67,157
1970-01-01 00:01:13.337,-16.01,20.58,-0.69,20.26,-5.46,1.02,-7.79,2.05,1.02,6.23,10.52,-5.48,30.66,0.34,-0.46,0.65,-0.50,61.17,0.67,156
1970-01-01 00:01:13.369,-16.01,20.58,-0.69,20.26,-5.46,1.02,-7.79,2.05,1.02,6.23,10.52,-5.48,30.66,0.34,-0.46,0.65,-0.50,61.29,0.67,156
1970-01-01 00:01:13.402,-16.01,20.58,-0.69,20.26,-5.46,1.02,-7.79,2.05,1.02,6.23,10.52,-5.48,30.66,0.34,-0.46,0.65,-0.50,61.42,0.61,155
1970-01-01 00:01:13.434,-16.01,20.58,-0.69,20.26,-5.46,1.02,-7.79,2.05,1.02,6.23,10.52,-5.48,30.66,0.34,-0.46,0.65,-0.50,61.42,0.67,156
1970-01-01 00:01:13.467,-16.01,20.58,-0.69,20.26,-5.46,1.02,-7.79,2.05,1.02,6.23,10.52,-5.48,30.66,0.34,-0.46,0.65,-0.50,61.42,0.61,160
1970-01-01 00:01:13.500,-16.01,20.58,-0.69,20.26,-5.46,1.02,-7.79,2.05,1.02,6.23,10.52,-5.48,30.66,0.34,-0.46,0.65,-0.50,61.23,0.67,156
1970-01-01 00:01:13.532,-16.01,20.58,-0.69,20.26,-5.46,1.02,-7.79,2.05,1.02,6.23,10.52,-5.48,30.66,0.34,-0.46,0.65,-0.50,61.23,0.61,157
1970-01-01 00:01:13.565,-16.01,20.58,-0.69,20.26,-5.46,1.02,-7.79,2.05,1.02,6.23,10.52,-5.48,30.66,0.34,-0.46,0.65,-0.50,61.29,0.61,158
1970-01-01 00:01:13.598,-16.01,20.58,-0.69,20.26,-5.46,1.02,-7.79,2.05,1.02,6.23,10.52,-5.48,30.66,0.34,-0.46,0.65,-0.50,61.48,0.67,157
1970-01-01 00:01:13.630,-16.01,20.58,-0.69,20.26,-5.46,1.02,-7.79,2.05,1.02,6.23,10.52,-5.48,30.66,0.34,-0.46,0.65,-0.50,61.11,0.73,156
1970-01-01 00:01:13.663,-16.01,20.58,-0.69,20.26,-5.46,1.02,-7.79,2.05,1.02,6.23,10.52,-5.48,30.66,0.34,-0.46,0.65,-0.50,61.17,0.61,157
1970-01-01 00:01:13.696,-16.01,20.58,-0.69,20.26,-5.46,1.02,-7.79,2.05,1.02,6.23,10.52,-5.48,30.66,0.34,-0.46,0.65,-0.50,61.36,0.61,157
1970-01-01 00:01:13.729,-16.01,20.58,-0.69,20.26,-5.46,1.02,-7.79,2.05,1.02,6.23,10.52,-5.48,30.66,0.34,-0.46,0.65,-0.50,61.29,0.67,178
1970-01-01 00:01:13.762,-16.01,20.58,-0.69,20.26,-5.46,1.02,-7.79,2.05,1.02,6.23,10.52,-5.48,30.66,0.34,-0.46,0.65,-0.50,61.48,0.61,157
1970-01-01 00:01:13.795,-16.01,20.58,-0.69,20.26,-5.46,1.02,-7.79,2.05,1.02,6.23,10.52,-5.48,30.66,0.34,-0.46,0.65,-0.50,61.23,0.67,158
1970-01-01 00:01:13.827,-16.01,20.58,-0.69,20.26,-5.46,1.02,-7.79,2.05,1.02,6.23,10.52,-5.48,30.66,0.34,-0.46,0.65,-0.50,61.29,0.61,157
1970-01-01 00:01:13.860,-16.01,20.58,-0.69,20.26,-5.46,1.02,-7.79,2.05,1.02,6.23,10.52,-5.48,30.66,0.34,-0.46,0.65,-0.50,61.36,0.67,155
1970-01-01 00:01:13.893,-16.01,20.58,-0.69,20.26,-5.46,1.02,-7.79,2.05,1.02,6.23,10.52,-5.48,30.66,0.34,-0.46,0.65,-0.50,61.42,0.55,159
1970-01-01 00:01:13.926,-16.01,20.58,-0.69,20.26,-5.46,1.02,-7.79,2.05,1.02,6.23,10.52,-5.48,30.66,0.34,-0.46,0.65,-0.50,61.29,0.67,152
1970-01-01 00:01:13.958,-16.01,20.58,-0.69,20.26,-5.46,1.02,-7.79,2.05,1.02,6.23,10.52,-5.48,30.66,0.34,-0.46,0.65,-0.50,61.17,0.67,156
1970-01-01 00:01:13.992,-16.01,20.58,-0.69,20.26,-5.46,1.02,-7.79,2.05,1.02,6.23,10.52,-5.48,30.66,0.34,-0.46,0.65,-0.50,61.05,0.67,155
1970-01-01 00:01:14.024,-16.01,20.58,-0.69,20.26,-5.46,1.02,-7.79,2.05,1.02,6.23,10.52,-5.48,30.66,0.34,-0.46,0.65,-0.50,61.29,0.67,155
1970-01-01 00:01:14.057,-16.01,20.58,-0.69,20.26,-5.46,1.02,-7.79,2.05,1.02,6.23,10.52,-5.48,30.66,0.34,-0.46,0.65,-0.50,61.36,0.67,157
1970-01-01 00:01:14.090,-16.01,20.58,-0.69,20.26,-5.46,1.02,-7.79,2.05,1.02,6.23,10.52,-5.48,30.66,0.34,-0.46,0.65,-0.50,61.36,0.55,165
1970-01-01 00:01:14.122,-16.01,20.58,-0.69,20.26,-5.46,1.02,-7.79,2.05,1.02,6.23,10.52,-5.48,30.66,0.34,-0.46,0.65,-0.50,61.17,0.67,157
1970-01-01 00:01:14.155,-16.01,20.58,-0.69,20.26,-5.46,1.02,-7.79,2.05,1.02,6.23,10.52,-5.48,30.66,0.34,-0.46,0.65,-0.50,61.36,0.61,155
1970-01-01 00:01:14.188,-16.01,20.58,-0.69,20.26,-5.46,1.02,-7.79,2.05,1.02,6.23,10.52,-5.48,30.66,0.34,-0.46,0.65,-0.50,61.42,0.61,157
1970-01-01 00:01:14.220,-16.01,20.58,-0.69,20.26,-5.46,1.02,-7.79,2.05,1.02,6.23,10.52,-5.48,30.66,0.34,-0.46,0.65,-0.50,61.23,0.67,159
1970-01-01 00:01:14.252,-16.01,20.58,-0.69,20.26,-5.46,1.02,-7.79,2.05,1.02,6.23,10.52,-5.48,30.66,0.34,-0.46,0.65,-0.50,61.42,0.61,149
1970-01-01 00:01:14.284,-16.01,20.58,-0.69,20.26,-5.46,1.02,-7.79,2.05,1.02,6.23,10.52,-5.48,30.66,0.34,-0.46,0.65,-0.50,61.29,0.67,156
1970-01-01 00:01:14.317,-16.01,20.58,-0.69,20.26,-5.46,1.02,-7.79,2.05,1.02,6.23,10.52,-5.48,30.66,0.34,-0.46,0.65,-0.50,61.23,0.67,156
1970-01-01 00:01:14.350,-16.01,20.58,-0.69,20.26,-5.46,1.02,-7.79,2.05,1.02,6.23,10.52,-5.48,30.66,0.34,-0.46,0.65,-0.50,61.17,0.67,151
1970-01-01 00:01:14.382,-16.01,20.58,-0.69,20.26,-5.46,1.02,-7.79,2.05,1.02,6.23,10.52,-5.48,30.66,0.34,-0.46,0.65,-0.50,61.36,0.67,156
1970-01-01 00:01:14.415,-16.01,20.58,-0.69,20.26,-5.46,1.02,-7.79,2.05,1.02,6.23,10.52,-5.48,30.66,0.34,-0.46,0.65,-0.50,61.17,0.73,161
1970-01-01 00:01:14.447,-16.01,20.58,-0.69,20.26,-5.46,1.02,-7.79,2.05,1.02,6.23,10.52,-5.48,30.66,0.34,-0.46,0.65,-0.50,61.36,0.61,157
1970-01-01 00:01:14.480,-16.01,20.58,-0.69,20.26,-5.46,1.02,-7.79,2.05,1.02,6.23,10.52,-5.48,30.66,0.34,-0.46,0.65,-0.50,61.36,0.67,163
1970-01-01 00:01:14.513,-16.01,20.58,-0.69,20.26,-5.46,1.02,-7.79,2.05,1.02,6.23,10.52,-5.48,30.66,0.34,-0.46,0.65,-0.50,61.23,0.67,156
1970-01-01 00:01:14.545,-16.01,20.58,-0.69,20.26,-5.46,1.02,-7.79,2.05,1.02,6.23,10.52,-5.48,30.66,0.34,-0.46,0.65,-0.50,61.17,0.73,152
1970-01-01 00:01:14.578,-16.01,20.58,-0.69,20.26,-5.46,1.02,-7.79,2.05,1.02,6.23,10.52,-5.48,30.66,0.34,-0.46,0.65,-0.50,61.29,0.67,156
1970-01-01 00:01:14.611,-16.01,20.58,-0.69,20.26,-5.46,1.02,-7.79,2.05,1.02,6.23,10.52,-5.48,30.66,0.34,-0.46,0.65,-0.50,61.42,0.67,157
1970-01-01 00:01:14.644,-16.01,20.58,-0.69,20.26,-5.46,1.02,-7.79,2.05,1.02,6.23,10.52,-5.48,30.66,0.34,-0.46,0.65,-0.50,61.17,0.67,152
1970-01-01 00:01:14.677,-16.01,20.58,-0.69,20.26,-5.46,1.02,-7.79,2.05,1.02,6.23,10.52,-5.48,30.66,0.34,-0.46,0.65,-0.50,61.17,0.73,164
1970-01-01 00:01:14.709,-16.01,20.58,-0.69,20.26,-5.46,1.02,-7.79,2.05,1.02,6.23,10.52,-5.48,30.66,0.34,-0.46,0.65,-0.50,61.29,0.67,136
1970-01-01 00:01:14.742,-16.01,20.58,-0.69,20.26,-5.46,1.02,-7.79,2.05,1.02,6.23,10.52,-5.48,30.66,0.34,-0.46,0.65,-0.50,61.23,0.73,158
1970-01-01 00:01:14.775,-16.01,20.58,-0.69,20.26,-5.46,1.02,-7.79,2.05,1.02,6.23,10.52,-5.48,30.66,0.34,-0.46,0.65,-0.50,61.42,0.61,155
1970-01-01 00:01:14.808,-16.01,20.58,-0.69,20.26,-5.46,1.02,-7.79,2.05,1.02,6.23,10.52,-5.48,30.66,0.34,-0.46,0.65,-0.50,61.36,0.67,157
1970-01-01 00:01:14.842,-16.01,20.58,-0.69,20.26,-5.46,1.02,-7.79,2.05,1.02,6.23,10.52,-5.48,30.66,0.34,-0.46,0.65,-0.50,61.29,0.61,156
1970-01-01 00:01:14.875,-16.01,20.58,-0.69,20.26,-5.46,1.02,-7.79,2.05,1.02,6.23,10.52,-5.48,30.66,0.34,-0.46,0.65,-0.50,61.36,0.61,159
1970-01-01 00:01:14.908,-16.01,20.58,-0.69,20.26,-5.46,1.02,-7.79,2.05,1.02,6.23,10.52,-5.48,30.66,0.34,-0.46,0.65,-0.50,61.23,0.67,158
1970-01-01 00:01:14.941,-16.01,20.58,-0.69,20.26,-5.46,1.02,-7.79,2.05,1.02,6.23,10.52,-5.48,30.66,0.34,-0.46,0.65,-0.50,61.23,0.73,156
1970-01-01 00:01:14.974,-16.01,20.58,-0.69,20.26,-5.46,1.02,-7.79,2.05,1.02,6.23,10.52,-5.48,30.66,0.34,-0.46,0.65,-0.50,61.17,0.73,164
1970-01-01 00:01:15.007,-16.01,20.58,-0.69,20.26,-5.46,1.02,-7.79,2.05,1.02,6.23,10.52,-5.48,30.66,0.34,-0.46,0.65,-0.50,61.17,0.73,155
1970-01-01 00:01:15.039,-16.01,20.58,-0.69,20.26,-5.46,1.02,-7.79,2.05,1.02,6.23,10.52,-5.48,30.66,0.34,-0.46,0.65,-0.50,61.36,0.67,157
1970-01-01 00:01:15.072,-16.01,20.58,-0.69,20.26,-5.46,1.02,-7.79,2.05,1.02,6.23,10.52,-5.48,30.66,0.34,-0.46,0.65,-0.50,61.11,0.73,160
1970-01-01 00:01:15.105,-16.01,20.58,-0.69,20.26,-5.46,1.02,-7.79,2.05,1.02,6.23,10.52,-5.48,30.66,0.34,-0.46,0.65,-0.50,61.36,0.67,156
1970-01-01 00:01:15.138,-16.01,20.58,-0.69,20.26,-5.46,1.02,-7.79,2.05,1.02,6.23,10.52,-5.48,30.66,0.34,-0.46,0.65,-0.50,61.29,0.61,157
1970-01-01 00:01:15.170,-16.01,20.58,-0.69,20.26,-5.46,1.02,-7.79,2.05,1.02,6.23,10.52,-5.48,30.66,0.34,-0.46,0.65,-0.50,61.36,0.61,156
1970-01-01 00:01:15.203,-16.01,20.58,-0.69,20.26,-5.46,1.02,-7.79,2.05,1.02,6.23,10.52,-5.48,30.66,0.34,-0.46,0.65,-0.50,61.17,0.67,149
1970-01-01 00:01:15.235,-16.01,20.58,-0.69,20.26,-5.46,1.02,-7.79,2.05,1.02,6.23,10.52,-5.48,30.66,0.34,-0.46,0.65,-0.50,61.23,0.67,156
1970-01-01 00:01:15.267,-16.01,20.58,-0.69,20.26,-5.46,1.02,-7.79,2.05,1.02,6.23,10.52,-5.48,30.66,0.34,-0.46,0.65,-0.50,61.42,0.55,155
1970-01-01 00:01:15.299,-16.01,20.58,-0.69,20.26,-5.46,1.02,-7.79,2.05,1.02,6.23,10.52,-5.48,30.66,0.34,-0.46,0.65,-0.50,61.36,0.61,156
1970-01-01 00:01:15.332,-16.01,20.58,-0.69,20.26,-5.46,1.02,-7.79,2.05,1.02,6.23,10.52,-5.48,30.66,0.34,-0.46,0.65,-0.50,61.42,0.61,157
1970-01-01 00:01:15.364,-16.01,20.58,-0.69,20.26,-5.46,1.02,-7.79,2.05,1.02,6.23,10.52,-5.48,30.66,0.34,-0.46,0.65,-0.50,61.36,0.67,154
1970-01-01 00:01:15.397,-16.01,20.58,-0.69,20.26,-5.46,1.02,-7.79,2.05,1.02,6.23,10.52,-5.48,30.66,0.34,-0.46,0.65,-0.50,61.17,0.67,156
1970-01-01 00:01:15.429,-16.01,20.58,-0.69,20.26,-5.46,1.02,-7.79,2.05,1.02,6.23,10.52,-5.48,30.66,0.34,-0.46,0.65,-0.50,61.36,0.67,161
1970-01-01 00:01:15.462,-16.01,20.58,-0.69,20.26,-5.46,1.02,-7.79,2.05,1.02,6.23,10.52,-5.48,30.66,0.34,-0.46,0.65,-0.50,61.36,0.67,155
1970-01-01 00:01:15.495,-16.01,20.58,-0.69,20.26,-5.46,1.02,-7.79,2.05,1.02,6.23,10.52,-5.48,30.66,0.34,-0.46,0.65,-0.50,61.29,0.67,177
1970-01-01 00:01:15.528,-16.01,20.58,-0.69,20.26,-5.46,1.02,-7.79,2.05,1.02,6.23,10.52,-5.48,30.66,0.34,-0.46,0.65,-0.50,61.29,0.67,156
1970-01-01 00:01:15.561,-16.01,20.58,-0.69,20.26,-5.46,1.02,-7.79,2.05,1.02,6.23,10.52,-5.48,30.66,0.34,-0.46,0.65,-0.50,61.29,0.61,157
1970-01-01 00:01:15.593,-16.01,20.58,-0.69,20.26,-5.46,1.02,-7.79,2.05,1.02,6.23,10.52,-5.48,30.66,0.34,-0.46,0.65,-0.50,61.48,0.55,150
1970-01-01 00:01:15.626,-16.01,20.58,-0.69,20.26,-5.46,1.02,-7.79,2.05,1.02,6.23,10.52,-5.48,30.66,0.34,-0.46,0.65,-0.50,61.29,0.67,155
1970-01-01 00:01:15.659,-16.01,20.58,-0.69,20.26,-5.46,1.02,-7.79,2.05,1.02,6.23,10.52,-5.48,30.66,0.34,-0.46,0.65,-0.50,61.23,0.55,156
1970-01-01 00:01:15.692,-16.01,20.58,-0.69,20.26,-5.46,1.02,-7.79,2.05,1.02,6.23,10.52,-5.48,30.66,0.34,-0.46,0.65,-0.50,61.23,0.61,144
1970-01-01 00:01:15.724,-16.01,20.58,-0.69,20.26,-5.46,1.02,-7.79,2.05,1.02,6.23,10.52,-5.48,30.66,0.34,-0.46,0.65,-0.50,61.36,0.55,156
1970-01-01 00:01:15.757,-16.01,20.58,-0.69,20.26,-5.46,1.02,-7.79,2.05,1.02,6.23,10.52,-5.48,30.66,0.34,-0.46,0.65,-0.50,61.36,0.67,155
1970-01-01 00:01:15.790,-16.01,20.58,-0.69,20.26,-5.46,1.02,-7.79,2.05,1.02,6.23,10.52,-5.48,30.66,0.34,-0.46,0.65,-0.50,61.29,0.67,158
1970-01-01 00:01:15.823,-16.01,20.58,-0.69,20.26,-5.46,1.02,-7.79,2.05,1.02,6.23,10.52,-5.48,30.66,0.34,-0.46,0.65,-0.50,61.17,0.73,155
1970-01-01 00:01:15.856,-16.01,20.58,-0.69,20.26,-5.46,1.02,-7.79,2.05,1.02,6.23,10.52,-5.48,30.66,0.34,-0.46,0.65,-0.50,61.29,0.61,156
1970-01-01 00:01:15.889,-16.01,20.58,-0.69,20.26,-5.46,1.02,-7.79,2.05,1.02,6.23,10.52,-5.48,30.66,0.34,-0.46,0.65,-0.50,61.29,0.73,160
1970-01-01 00:01:15.922,-16.01,20.58,-0.69,20.26,-5.46,1.02,-7.79,2.05,1.02,6.23,10.52,-5.48,30.66,0.34,-0.46,0.65,-0.50,61.36,0.61,155
1970-01-01 00:01:15.954,-16.01,20.58,-0.69,20.26,-5.46,1.02,-7.79,2.05,1.02,6.23,10.52,-5.48,30.66,0.34,-0.46,0.65,-0.50,61.11,0.73,154
1970-01-01 00:01:15.987,-16.01,20.58,-0.69,20.26,-5.46,1.02,-7.79,2.05,1.02,6.23,10.52,-5.48,30.66,0.34,-0.46,0.65,-0.50,61.17,0.67,157
1970-01-01 00:01:16.020,-16.01,20.58,-0.69,20.26,-5.46,1.02,-7.79,2.05,1.02,6.23,10.52,-5.48,30.66,0.34,-0.46,0.65,-0.50,61.36,0.67,157
1970-01-01 00:01:16.053,-16.01,20.58,-0.69,20.26,-5.46,1.02,-7.79,2.05,1.02,6.23,10.52,-5.48,30.66,0.34,-0.46,0.65,-0.50,61.17,0.67,157
1970-01-01 00:01:16.086,-16.01,20.58,-0.69,20.26,-5.46,1.02,-7.79,2.05,1.02,6.23,10.52,-5.48,30.66,0.34,-0.46,0.65,-0.50,61.23,0.67,155
1970-01-01 00:01:16.119,-16.01,20.58,-0.69,20.26,-5.46,1.02,-7.79,2.05,1.02,6.23,10.52,-5.48,30.66,0.34,-0.46,0.65,-0.50,61.29,0.61,156
1970-01-01 00:01:16.151,-16.01,20.58,-0.69,20.26,-5.46,1.02,-7.79,2.05,1.02,6.23,10.52,-5.48,30.66,0.34,-0.46,0.65,-0.50,61.42,0.55,151
1970-01-01 00:01:16.183,-16.01,20.58,-0.69,20.26,-5.46,1.02,-7.79,2.05,1.02,6.23,10.52,-5.48,30.66,0.34,-0.46,0.65,-0.50,61.17,0.67,157
1970-01-01 00:01:16.215,-16.01,20.58,-0.69,20.26,-5.46,1.02,-7.79,2.05,1.02,6.23,10.52,-5.48,30.66,0.34,-0.46,0.65,-0.50,61.17,0.61,160
1970-01-01 00:01:16.247,-16.01,20.58,-0.69,20.26,-5.46,1.02,-7.79,2.05,1.02,6.23,10.52,-5.48,30.66,0.34,-0.46,0.65,-0.50,61.17,0.67,163
1970-01-01 00:01:16.280,-16.01,20.58,-0.69,20.26,-5.46,1.02,-7.79,2.05,1.02,6.23,10.52,-5.48,30.66,0.34,-0.46,0.65,-0.50,61.36,0.67,157
1970-01-01 00:01:16.313,-16.01,20.58,-0.69,20.26,-5.46,1.02,-7.79,2.05,1.02,6.23,10.52,-5.48,30.66,0.34,-0.46,0.65,-0.50,61.23,0.67,153
1970-01-01 00:01:16.345,-16.01,20.58,-0.69,20.26,-5.46,1.02,-7.79,2.05,1.02,6.23,10.52,-5.48,30.66,0.34,-0.46,0.65,-0.50,61.23,0.67,159
1970-01-01 00:01:16.378,-16.01,20.58,-0.69,20.26,-5.46,1.02,-7.79,2.05,1.02,6.23,10.52,-5.48,30.66,0.34,-0.46,0.65,-0.50,61.17,0.61,154
1970-01-01 00:01:16.410,-16.01,20.58,-0.69,20.26,-5.46,1.02,-7.79,2.05,1.02,6.23,10.52,-5.48,30.66,0.34,-0.46,0.65,-0.50,61.29,0.61,147
1970-01-01 00:01:16.443,-16.01,20.58,-0.69,20.26,-5.46,1.02,-7.79,2.05,1.02,6.23,10.52,-5.48,30.66,0.34,-0.46,0.65,-0.50,61.29,0.67,165
1970-01-01 00:01:16.476,-16.01,20.58,-0.69,20.26,-5.46,1.02,-7.79,2.05,1.02,6.23,10.52,-5.48,30.66,0.34,-0.46,0.65,-0.50,61.29,0.61,156
1970-01-01 00:01:16.509,-16.01,20.58,-0.69,20.26,-5.46,1.02,-7.79,2.05,1.02,6.23,10.52,-5.48,30.66,0.34,-0.46,0.65,-0.50,61.29,0.67,174
1970-01-01 00:01:16.542,-16.01,20.58,-0.69,20.26,-5.46,1.02,-7.79,2.05,1.02,6.23,10.52,-5.48,30.66,0.34,-0.46,0.65,-0.50,61.42,0.67,155
1970-01-01 00:01:16.574,-16.01,20.58,-0.69,20.26,-5.46,1.02,-7.79,2.05,1.02,6.23,10.52,-5.48,30.66,0.34,-0.46,0.65,-0.50,61.29,0.67,155
1970-01-01 00:01:16.607,-16.01,20.58,-0.69,20.26,-5.46,1.02,-7.79,2.05,1.02,6.23,10.52,-5.48,30.66,0.34,-0.46,0.65,-0.50,61.29,0.67,157
1970-01-01 00:01:16.640,-16.01,20.58,-0.69,20.26,-5.46,1.02,-7.79,2.05,1.02,6.23,10.52,-5.48,30.66,0.34,-0.46,0.65,-0.50,61.36,0.61,160
1970-01-01 00:01:16.673,-16.01,20.58,-0.69,20.26,-5.46,1.02,-7.79,2.05,1.02,6.23,10.52,-5.48,30.66,0.34,-0.46,0.65,-0.50,61.42,0.61,159
1970-01-01 00:01:16.705,-16.01,20.58,-0.69,20.26,-5.46,1.02,-7.79,2.05,1.02,6.23,10.52,-5.48,30.66,0.34,-0.46,0.65,-0.50,61.29,0.67,154
1970-01-01 00:01:16.738,-16.01,20.58,-0.69,20.26,-5.46,1.02,-7.79,2.05,1.02,6.23,10.52,-5.48,30.66,0.34,-0.46,0.65,-0.50,61.29,0.67,157
1970-01-01 00:01:16.771,-16.01,20.58,-0.69,20.26,-5.46,1.02,-7.79,2.05,1.02,6.23,10.52,-5.48,30.66,0.34,-0.46,0.65,-0.50,61.23,0.67,157
1970-01-01 00:01:16.804,-16.01,20.58,-0.69,20.26,-5.46,1.02,-7.79,2.05,1.02,6.23,10.52,-5.48,30.66,0.34,-0.46,0.65,-0.50,61.23,0.67,161
1970-01-01 00:01:16.836,-16.01,20.58,-0.69,20.26,-5.46,1.02,-7.79,2.05,1.02,6.23,10.52,-5.48,30.66,0.34,-0.46,0.65,-0.50,61.23,0.67,158
1970-01-01 00:01:16.869,-16.01,20.58,-0.69,20.26,-5.46,1.02,-7.79,2.05,1.02,6.23,10.52,-5.48,30.66,0.34,-0.46,0.65,-0.50,61.42,0.55,154
1970-01-01 00:01:16.902,-16.01,20.58,-0.69,20.26,-5.46,1.02,-7.79,2.05,1.02,6.23,10.52,-5.48,30.66,0.34,-0.46,0.65,-0.50,61.23,0.67,157
1970-01-01 00:01:16.935,-16.01,20.58,-0.69,20.26,-5.46,1.02,-7.79,2.05,1.02,6.23,10.52,-5.48,30.66,0.34,-0.46,0.65,-0.50,61.29,0.61,155
1970-01-01 00:01:16.968,-16.01,20.58,-0.69,20.26,-5.46,1.02,-7.79,2.05,1.02,6.23,10.52,-5.48,30.66,0.34,-0.46,0.65,-0.50,61.17,0.73,154
1970-01-01 00:01:17.001,-16.01,20.58,-0.69,20.26,-5.46,1.02,-7.79,2.05,1.02,6.23,10.52,-5.48,30.66,0.34,-0.46,0.65,-0.50,61.23,0.67,157
1970-01-01 00:01:17.033,-16.01,20.58,-0.69,20.26,-5.46,1.02,-7.79,2.05,1.02,6.23,10.52,-5.48,30.66,0.34,-0.46,0.65,-0.50,61.29,0.73,158
1970-01-01 00:01:17.067,-16.01,20.58,-0.69,20.26,-5.46,1.02,-7.79,2.05,1.02,6.23,10.52,-5.48,30.66,0.34,-0.46,0.65,-0.50,61.23,0.73,156
1970-01-01 00:01:17.099,-16.01,20.58,-0.69,20.26,-5.46,1.02,-7.79,2.05,1.02,6.23,10.52,-5.48,30.66,0.34,-0.46,0.65,-0.50,61.36,0.67,159
1970-01-01 00:01:17.131,-16.01,20.58,-0.69,20.26,-5.46,1.02,-7.79,2.05,1.02,6.23,10.52,-5.48,30.66,0.34,-0.46,0.65,-0.50,61.29,0.73,158
1970-01-01 00:01:17.163,-16.01,20.58,-0.69,20.26,-5.46,1.02,-7.79,2.05,1.02,6.23,10.52,-5.48,30.66,0.34,-0.46,0.65,-0.50,61.36,0.73,153
1970-01-01 00:01:17.195,-16.01,20.58,-0.69,20.26,-5.46,1.02,-7.79,2.05,1.02,6.23,10.52,-5.48,30.66,0.34,-0.46,0.65,-0.50,61.23,0.67,154
1970-01-01 00:01:17.227,-16.01,20.58,-0.69,20.26,-5.46,1.02,-7.79,2.05,1.02,6.23,10.52,-5.48,30.66,0.34,-0.46,0.65,-0.50,61.11,0.67,158
1970-01-01 00:01:17.260,-16.01,20.58,-0.69,20.26,-5.46,1.02,-7.79,2.05,1.02,6.23,10.52,-5.48,30.66,0.34,-0.46,0.65,-0.50,61.29,0.67,155
1970-01-01 00:01:17.293,-16.01,20.58,-0.69,20.26,-5.46,1.02,-7.79,2.05,1.02,6.23,10.52,-5.48,30.66,0.34,-0.46,0.65,-0.50,61.17,0.67,159
1970-01-01 00:01:17.325,-16.01,20.58,-0.69,20.26,-5.46,1.02,-7.79,2.05,1.02,6.23,10.52,-5.48,30.66,0.34,-0.46,0.65,-0.50,61.36,0.67,157
1970-01-01 00:01:17.358,-16.01,20.58,-0.69,20.26,-5.46,1.02,-7.79,2.05,1.02,6.23,10.52,-5.48,30.66,0.34,-0.46,0.65,-0.50,61.23,0.67,157
1970-01-01 00:01:17.390,-16.01,20.58,-0.69,20.26,-5.46,1.02,-7.79,2.05,1.02,6.23,10.52,-5.48,30.66,0.34,-0.46,0.65,-0.50,61.36,0.61,162
1970-01-01 00:01:17.423,-16.01,20.58,-0.69,20.26,-5.46,1.02,-7.79,2.05,1.02,6.23,10.52,-5.48,30.66,0.34,-0.46,0.65,-0.50,61.29,0.67,155
1970-01-01 00:01:17.456,-16.01,20.58,-0.69,20.26,-5.46,1.02,-7.79,2.05,1.02,6.23,10.52,-5.48,30.66,0.34,-0.46,0.65,-0.50,61.42,0.55,151
1970-01-01 00:01:17.489,-16.01,20.58,-0.69,20.26,-5.46,1.02,-7.79,2.05,1.02,6.23,10.52,-5.48,30.66,0.34,-0.46,0.65,-0.50,61.17,0.67,157
1970-01-01 00:01:17.522,-16.01,20.58,-0.69,20.26,-5.46,1.02,-7.79,2.05,1.02,6.23,10.52,-5.48,30.66,0.34,-0.46,0.65,-0.50,61.29,0.61,156
1970-01-01 00:01:17.554,-16.01,20.58,-0.69,20.26,-5.46,1.02,-7.79,2.05,1.02,6.23,10.52,-5.48,30.66,0.34,-0.46,0.65,-0.50,61.23,0.73,160
1970-01-01 00:01:17.588,-16.01,20.58,-0.69,20.26,-5.46,1.02,-7.79,2.05,1.02,6.23,10.52,-5.48,30.66,0.34,-0.46,0.65,-0.50,61.23,0.67,157
1970-01-01 00:01:17.621,-16.01,20.58,-0.69,20.26,-5.46,1.02,-7.79,2.05,1.02,6.23,10.52,-5.48,30.66,0.34,-0.46,0.65,-0.50,61.36,0.55,169
1970-01-01 00:01:17.654,-16.01,20.58,-0.69,20.26,-5.46,1.02,-7.79,2.05,1.02,6.23,10.52,-5.48,30.66,0.34,-0.46,0.65,-0.50,61.36,0.61,158
1970-01-01 00:01:17.686,-16.01,20.58,-0.69,20.26,-5.46,1.02,-7.79,2.05,1.02,6.23,10.52,-5.48,30.66,0.34,-0.46,0.65,-0.50,61.36,0.61,156
1970-01-01 00:01:17.719,-16.01,20.58,-0.69,20.26,-5.46,1.02,-7.79,2.05,1.02,6.23,10.52,-5.48,30.66,0.34,-0.46,0.65,-0.50,61.29,0.61,156
1970-01-01 00:01:17.752,-16.01,20.58,-0.69,20.26,-5.46,1.02,-7.79,2.05,1.02,6.23,10.52,-5.48,30.66,0.34,-0.46,0.65,-0.50,61.23,0.67,157
1970-01-01 00:01:17.785,-16.01,20.58,-0.69,20.26,-5.46,1.02,-7.79,2.05,1.02,6.23,10.52,-5.48,30.66,0.34,-0.46,0.65,-0.50,61.17,0.67,159
1970-01-01 00:01:17.817,-16.01,20.58,-0.69,20.26,-5.46,1.02,-7.79,2.05,1.02,6.23,10.52,-5.48,30.66,0.34,-0.46,0.65,-0.50,61.23,0.61,156
1970-01-01 00:01:17.850,-16.01,20.58,-0.69,20.26,-5.46,1.02,-7.79,2.05,1.02,6.23,10.52,-5.48,30.66,0.34,-0.46,0.65,-0.50,61.17,0.73,161
1970-01-01 00:01:17.883,-16.01,20.58,-0.69,20.26,-5.46,1.02,-7.79,2.05,1.02,6.23,10.52,-5.48,30.66,0.34,-0.46,0.65,-0.50,61.36,0.67,154
1970-01-01 00:01:17.916,-16.01,20.58,-0.69,20.26,-5.46,1.02,-7.79,2.05,1.02,6.23,10.52,-5.48,30.66,0.34,-0.46,0.65,-0.50,61.11,0.67,155
1970-01-01 00:01:17.949,-16.01,20.58,-0.69,20.26,-5.46,1.02,-7.79,2.05,1.02,6.23,10.52,-5.48,30.66,0.34,-0.46,0.65,-0.50,61.36,0.61,159
1970-01-01 00:01:17.982,-16.01,20.58,-0.69,20.26,-5.46,1.02,-7.79,2.05,1.02,6.23,10.52,-5.48,30.66,0.34,-0.46,0.65,-0.50,61.23,0.61,149
1970-01-01 00:01:18.015,-16.01,20.58,-0.69,20.26,-5.46,1.02,-7.79,2.05,1.02,6.23,10.52,-5.48,30.66,0.34,-0.46,0.65,-0.50,61.29,0.73,144
1970-01-01 00:01:18.047,-16.01,20.58,-0.69,20.26,-5.46,1.02,-7.79,2.05,1.02,6.23,10.52,-5.48,30.66,0.34,-0.46,0.65,-0.50,61.36,0.67,157
1970-01-01 00:01:18.080,-16.01,20.58,-0.69,20.26,-5.46,1.02,-7.79,2.05,1.02,6.23,10.52,-5.48,30.66,0.34,-0.46,0.65,-0.50,61.23,0.67,156
1970-01-01 00:01:18.112,-16.01,20.58,-0.69,20.26,-5.46,1.02,-7.79,2.05,1.02,6.23,10.52,-5.48,30.66,0.34,-0.46,0.65,-0.50,61.36,0.61,158
1970-01-01 00:01:18.144,-16.01,20.58,-0.69,20.26,-5.46,1.02,-7.79,2.05,1.02,6.23,10.52,-5.48,30.66,0.34,-0.46,0.65,-0.50,61.42,0.79,165
1970-01-01 00:01:18.176,-16.01,20.58,-0.69,20.26,-5.46,1.02,-7.79,2.05,1.02,6.23,10.52,-5.48,30.66,0.34,-0.46,0.65,-0.50,61.17,0.73,156
1970-01-01 00:01:18.208,-16.01,20.58,-0.69,20.26,-5.46,1.02,-7.79,2.05,1.02,6.23,10.52,-5.48,30.66,0.34,-0.46,0.65,-0.50,61.48,0.55,191
1970-01-01 00:01:18.241,-16.01,20.58,-0.69,20.26,-5.46,1.02,-7.79,2.05,1.02,6.23,10.52,-5.48,30.66,0.34,-0.46,0.65,-0.50,61.29,0.67,153
1970-01-01 00:01:18.274,-16.01,20.58,-0.69,20.26,-5.46,1.02,-7.79,2.05,1.02,6.23,10.52,-5.48,30.66,0.34,-0.46,0.65,-0.50,61.23,0.67,157
1970-01-01 00:01:18.306,-16.01,20.58,-0.69,20.26,-5.46,1.02,-7.79,2.05,1.02,6.23,10.52,-5.48,30.66,0.34,-0.46,0.65,-0.50,61.17,0.73,155
1970-01-01 00:01:18.339,-16.01,20.58,-0.69,20.26,-5.46,1.02,-7.79,2.05,1.02,6.23,10.52,-5.48,30.66,0.34,-0.46,0.65,-0.50,61.36,0.67,158
1970-01-01 00:01:18.371,-16.01,20.58,-0.69,20.26,-5.46,1.02,-7.79,2.05,1.02,6.23,10.52,-5.48,30.66,0.34,-0.46,0.65,-0.50,61.23,0.73,157
1970-01-01 00:01:18.404,-16.01,20.58,-0.69,20.26,-5.46,1.02,-7.79,2.05,1.02,6.23,10.52,-5.48,30.66,0.34,-0.46,0.65,-0.50,61.23,0.73,157
1970-01-01 00:01:18.437,-16.01,20.58,-0.69,20.26,-5.46,1.02,-7.79,2.05,1.02,6.23,10.52,-5.48,30.66,0.34,-0.46,0.65,-0.50,61.42,0.61,159
1970-01-01 00:01:18.470,-16.01,20.58,-0.69,20.26,-5.46,1.02,-7.79,2.05,1.02,6.23,10.52,-5.48,30.66,0.34,-0.46,0.65,-0.50,61.36,0.67,158
1970-01-01 00:01:18.502,-16.01,20.58,-0.69,20.26,-5.46,1.02,-7.79,2.05,1.02,6.23,10.52,-5.48,30.66,0.34,-0.46,0.65,-0.50,61.42,0.61,157
1970-01-01 00:01:18.535,-16.01,20.58,-0.69,20.26,-5.46,1.02,-7.79,2.05,1.02,6.23,10.52,-5.48,30.66,0.34,-0.46,0.65,-0.50,61.23,0.73,158
1970-01-01 00:01:18.569,-16.01,20.58,-0.69,20.26,-5.46,1.02,-7.79,2.05,1.02,6.23,10.52,-5.48,30.66,0.34,-0.46,0.65,-0.50,61.17,0.73,159
1970-01-01 00:01:18.602,-16.01,20.58,-0.69,20.26,-5.46,1.02,-7.79,2.05,1.02,6.23,10.52,-5.48,30.66,0.34,-0.46,0.65,-0.50,61.29,0.61,131
1970-01-01 00:01:18.635,-16.01,20.58,-0.69,20.26,-5.46,1.02,-7.79,2.05,1.02,6.23,10.52,-5.48,30.66,0.34,-0.46,0.65,-0.50,61.42,0.61,159
1970-01-01 00:01:18.667,-16.01,20.58,-0.69,20.26,-5.46,1.02,-7.79,2.05,1.02,6.23,10.52,-5.48,30.66,0.34,-0.46,0.65,-0.50,61.36,0.61,158
1970-01-01 00:01:18.700,-16.01,20.58,-0.69,20.26,-5.46,1.02,-7.79,2.05,1.02,6.23,10.52,-5.48,30.66,0.34,-0.46,0.65,-0.50,61.29,0.67,156
1970-01-01 00:01:18.733,-16.01,20.58,-0.69,20.26,-5.46,1.02,-7.79,2.05,1.02,6.23,10.52,-5.48,30.66,0.34,-0.46,0.65,-0.50,61.29,0.61,155
1970-01-01 00:01:18.766,-16.01,20.58,-0.69,20.26,-5.46,1.02,-7.79,2.05,1.02,6.23,10.52,-5.48,30.66,0.34,-0.46,0.65,-0.50,61.17,0.67,157
1970-01-01 00:01:18.798,-16.01,20.58,-0.69,20.26,-5.46,1.02,-7.79,2.05,1.02,6.23,10.52,-5.48,30.66,0.34,-0.46,0.65,-0.50,61.42,0.79,158
1970-01-01 00:01:18.831,-16.01,20.58,-0.69,20.26,-5.46,1.02,-7.79,2.05,1.02,6.23,10.52,-5.48,30.66,0.34,-0.46,0.65,-0.50,61.11,0.73,156
1970-01-01 00:01:18.864,-16.01,20.58,-0.69,20.26,-5.46,1.02,-7.79,2.05,1.02,6.23,10.52,-5.48,30.66,0.34,-0.46,0.65,-0.50,61.42,0.67,156
1970-01-01 00:01:18.897,-16.01,20.58,-0.69,20.26,-5.46,1.02,-7.79,2.05,1.02,6.23,10.52,-5.48,30.66,0.34,-0.46,0.65,-0.50,61.36,0.61,158
1970-01-01 00:01:18.931,-16.01,20.58,-0.69,20.26,-5.46,1.02,-7.79,2.05,1.02,6.23,10.52,-5.48,30.66,0.34,-0.46,0.65,-0.50,61.23,0.67,157
1970-01-01 00:01:18.964,-16.01,20.58,-0.69,20.26,-5.46,1.02,-7.79,2.05,1.02,6.23,10.52,-5.48,30.66,0.34,-0.46,0.65,-0.50,61.29,0.67,154
1970-01-01 00:01:18.998,-16.01,20.58,-0.69,20.26,-5.46,1.02,-7.79,2.05,1.02,6.23,10.52,-5.48,30.66,0.34,-0.46,0.65,-0.50,61.36,0.67,159
1970-01-01 00:01:19.030,-16.01,20.58,-0.69,20.26,-5.46,1.02,-7.79,2.05,1.02,6.23,10.52,-5.48,30.66,0.34,-0.46,0.65,-0.50,61.36,0.55,162
1970-01-01 00:01:19.063,-16.01,20.58,-0.69,20.26,-5.46,1.02,-7.79,2.05,1.02,6.23,10.52,-5.48,30.66,0.34,-0.46,0.65,-0.50,61.29,0.67,152
1970-01-01 00:01:19.095,-16.01,20.58,-0.69,20.26,-5.46,1.02,-7.79,2.05,1.02,6.23,10.52,-5.48,30.66,0.34,-0.46,0.65,-0.50,61.29,0.67,156
1970-01-01 00:01:19.128,-16.01,20.58,-0.69,20.26,-5.46,1.02,-7.79,2.05,1.02,6.23,10.52,-5.48,30.66,0.34,-0.46,0.65,-0.50,61.48,0.61,155
1970-01-01 00:01:19.160,-16.01,20.58,-0.69,20.26,-5.46,1.02,-7.79,2.05,1.02,6.23,10.52,-5.48,30.66,0.34,-0.46,0.65,-0.50,61.42,0.67,156
1970-01-01 00:01:19.192,-16.01,20.58,-0.69,20.26,-5.46,1.02,-7.79,2.05,1.02,6.23,10.52,-5.48,30.66,0.34,-0.46,0.65,-0.50,61.23,0.67,156
1970-01-01 00:01:19.225,-16.01,20.58,-0.69,20.26,-5.46,1.02,-7.79,2.05,1.02,6.23,10.52,-5.48,30.66,0.34,-0.46,0.65,-0.50,61.42,0.67,154
1970-01-01 00:01:19.257,-16.01,20.58,-0.69,20.26,-5.46,1.02,-7.79,2.05,1.02,6.23,10.52,-5.48,30.66,0.34,-0.46,0.65,-0.50,61.17,0.67,156
1970-01-01 00:01:19.289,-16.01,20.58,-0.69,20.26,-5.46,1.02,-7.79,2.05,1.02,6.23,10.52,-5.48,30.66,0.34,-0.46,0.65,-0.50,61.23,0.61,157
1970-01-01 00:01:19.322,-16.01,20.58,-0.69,20.26,-5.46,1.02,-7.79,2.05,1.02,6.23,10.52,-5.48,30.66,0.34,-0.46,0.65,-0.50,61.17,0.67,157
1970-01-01 00:01:19.354,-16.01,20.58,-0.69,20.26,-5.46,1.02,-7.79,2.05,1.02,6.23,10.52,-5.48,30.66,0.34,-0.46,0.65,-0.50,61.17,0.61,160
1970-01-01 00:01:19.387,-16.01,20.58,-0.69,20.26,-5.46,1.02,-7.79,2.05,1.02,6.23,10.52,-5.48,30.66,0.34,-0.46,0.65,-0.50,61.36,0.61,157
1970-01-01 00:01:19.420,-16.01,20.58,-0.69,20.26,-5.46,1.02,-7.79,2.05,1.02,6.23,10.52,-5.48,30.66,0.34,-0.46,0.65,-0.50,61.17,0.61,155
1970-01-01 00:01:19.453,-16.01,20.58,-0.69,20.26,-5.46,1.02,-7.79,2.05,1.02,6.23,10.52,-5.48,30.66,0.34,-0.46,0.65,-0.50,61.36,0.67,156
1970-01-01 00:01:19.486,-16.01,20.58,-0.69,20.26,-5.46,1.02,-7.79,2.05,1.02,6.23,10.52,-5.48,30.66,0.34,-0.46,0.65,-0.50,61.17,0.67,158
1970-01-01 00:01:19.518,-16.01,20.58,-0.69,20.26,-5.46,1.02,-7.79,2.05,1.02,6.23,10.52,-5.48,30.66,0.34,-0.46,0.65,-0.50,61.29,0.67,158
1970-01-01 00:01:19.551,-16.01,20.58,-0.69,20.26,-5.46,1.02,-7.79,2.05,1.02,6.23,10.52,-5.48,30.66,0.34,-0.46,0.65,-0.50,61.42,0.61,160
1970-01-01 00:01:19.584,-16.01,20.58,-0.69,20.26,-5.46,1.02,-7.79,2.05,1.02,6.23,10.52,-5.48,30.66,0.34,-0.46,0.65,-0.50,61.36,0.61,157
1970-01-01 00:01:19.617,-16.01,20.58,-0.69,20.26,-5.46,1.02,-7.79,2.05,1.02,6.23,10.52,-5.48,30.66,0.34,-0.46,0.65,-0.50,61.42,0.67,156
1970-01-01 00:01:19.650,-16.01,20.58,-0.69,20.26,-5.46,1.02,-7.79,2.05,1.02,6.23,10.52,-5.48,30.66,0.34,-0.46,0.65,-0.50,61.36,0.67,157
1970-01-01 00:01:19.682,-16.01,20.58,-0.69,20.26,-5.46,1.02,-7.79,2.05,1.02,6.23,10.52,-5.48,30.66,0.34,-0.46,0.65,-0.50,61.29,0.67,157
1970-01-01 00:01:19.715,-16.01,20.58,-0.69,20.26,-5.46,1.02,-7.79,2.05,1.02,6.23,10.52,-5.48,30.66,0.34,-0.46,0.65,-0.50,61.42,0.67,152
1970-01-01 00:01:19.748,-16.01,20.58,-0.69,20.26,-5.46,1.02,-7.79,2.05,1.02,6.23,10.52,-5.48,30.66,0.34,-0.46,0.65,-0.50,61.23,0.61,156
1970-01-01 00:01:19.780,-16.01,20.58,-0.69,20.26,-5.46,1.02,-7.79,2.05,1.02,6.23,10.52,-5.48,30.66,0.34,-0.46,0.65,-0.50,61.42,0.61,154
1970-01-01 00:01:19.813,-16.01,20.58,-0.69,20.26,-5.46,1.02,-7.79,2.05,1.02,6.23,10.52,-5.48,30.66,0.34,-0.46,0.65,-0.50,61.29,0.73,159
1970-01-01 00:01:19.846,-16.01,20.58,-0.69,20.26,-5.46,1.02,-7.79,2.05,1.02,6.23,10.52,-5.48,30.66,0.34,-0.46,0.65,-0.50,61.29,0.73,157
1970-01-01 00:01:19.879,-16.01,20.58,-0.69,20.26,-5.46,1.02,-7.79,2.05,1.02,6.23,10.52,-5.48,30.66,0.34,-0.46,0.65,-0.50,61.23,0.67,154
1970-01-01 00:01:19.912,-16.01,20.58,-0.69,20.26,-5.46,1.02,-7.79,2.05,1.02,6.23,10.52,-5.48,30.66,0.34,-0.46,0.65,-0.50,61.36,0.67,157
1970-01-01 00:01:19.945,-16.01,20.58,-0.69,20.26,-5.46,1.02,-7.79,2.05,1.02,6.23,10.52,-5.48,30.66,0.34,-0.46,0.65,-0.50,61.17,0.67,156
1970-01-01 00:01:19.977,-16.01,20.58,-0.69,20.26,-5.46,1.02,-7.79,2.05,1.02,6.23,10.52,-5.48,30.66,0.34,-0.46,0.65,-0.50,61.36,0.67,160
1970-01-01 00:01:20.010,-16.01,20.58,-0.69,20.26,-5.46,1.02,-7.79,2.05,1.02,6.23,10.52,-5.48,30.66,0.34,-0.46,0.65,-0.50,61.23,0.67,156
1970-01-01 00:01:20.043,-16.01,20.58,-0.69,20.26,-5.46,1.02,-7.79,2.05,1.02,6.23,10.52,-5.48,30.66,0.34,-0.46,0.65,-0.50,61.29,0.73,158
1970-01-01 00:01:20.075,-16.01,20.58,-0.69,20.26,-5.46,1.02,-7.79,2.05,1.02,6.23,10.52,-5.48,30.66,0.34,-0.46,0.65,-0.50,61.23,0.67,154
1970-01-01 00:01:20.107,-16.01,20.58,-0.69,20.26,-5.46,1.02,-7.79,2.05,1.02,6.23,10.52,-5.48,30.66,0.34,-0.46,0.65,-0.50,61.23,0.67,157
1970-01-01 00:01:20.140,-16.01,20.58,-0.69,20.26,-5.46,1.02,-7.79,2.05,1.02,6.23,10.52,-5.48,30.66,0.34,-0.46,0.65,-0.50,61.23,0.67,157
1970-01-01 00:01:20.172,-16.01,20.58,-0.69,20.26,-5.46,1.02,-7.79,2.05,1.02,6.23,10.52,-5.48,30.66,0.34,-0.46,0.65,-0.50,61.42,0.61,157
1970-01-01 00:01:20.205,-16.01,20.58,-0.69,20.26,-5.46,1.02,-7.79,2.05,1.02,6.23,10.52,-5.48,30.66,0.34,-0.46,0.65,-0.50,61.17,0.67,157
1970-01-01 00:01:20.237,-16.01,20.58,-0.69,20.26,-5.46,1.02,-7.79,2.05,1.02,6.23,10.52,-5.48,30.66,0.34,-0.46,0.65,-0.50,61.23,0.73,157
1970-01-01 00:01:20.269,-16.01,20.58,-0.69,20.26,-5.46,1.02,-7.79,2.05,1.02,6.23,10.52,-5.48,30.66,0.34,-0.46,0.65,-0.50,61.36,0.67,155
1970-01-01 00:01:20.302,-16.01,20.58,-0.69,20.26,-5.46,1.02,-7.79,2.05,1.02,6.23,10.52,-5.48,30.66,0.34,-0.46,0.65,-0.50,61.23,0.67,160
1970-01-01 00:01:20.334,-16.01,20.58,-0.69,20.26,-5.46,1.02,-7.79,2.05,1.02,6.23,10.52,-5.48,30.66,0.34,-0.46,0.65,-0.50,61.29,0.67,159
1970-01-01 00:01:20.367,-16.01,20.58,-0.69,20.26,-5.46,1.02,-7.79,2.05,1.02,6.23,10.52,-5.48,30.66,0.34,-0.46,0.65,-0.50,61.17,0.67,155
1970-01-01 00:01:20.400,-16.01,20.58,-0.69,20.26,-5.46,1.02,-7.79,2.05,1.02,6.23,10.52,-5.48,30.66,0.34,-0.46,0.65,-0.50,61.17,0.73,157
1970-01-01 00:01:20.433,-16.01,20.58,-0.69,20.26,-5.46,1.02,-7.79,2.05,1.02,6.23,10.52,-5.48,30.66,0.34,-0.46,0.65,-0.50,61.42,0.73,155
1970-01-01 00:01:20.466,-16.01,20.58,-0.69,20.26,-5.46,1.02,-7.79,2.05,1.02,6.23,10.52,-5.48,30.66,0.34,-0.46,0.65,-0.50,61.29,0.67,157
1970-01-01 00:01:20.498,-16.01,20.58,-0.69,20.26,-5.46,1.02,-7.79,2.05,1.02,6.23,10.52,-5.48,30.66,0.34,-0.46,0.65,-0.50,61.23,0.67,157
1970-01-01 00:01:20.531,-16.01,20.58,-0.69,20.26,-5.46,1.02,-7.79,2.05,1.02,6.23,10.52,-5.48,30.66,0.34,-0.46,0.65,-0.50,61.29,0.61,181
1970-01-01 00:01:20.564,-16.01,20.58,-0.69,20.26,-5.46,1.02,-7.79,2.05,1.02,6.23,10.52,-5.48,30.66,0.34,-0.46,0.65,-0.50,61.23,0.61,148
1970-01-01 00:01:20.597,-16.01,20.58,-0.69,20.26,-5.46,1.02,-7.79,2.05,1.02,6.23,10.52,-5.48,30.66,0.34,-0.46,0.65,-0.50,61.36,0.67,158
1970-01-01 00:01:20.630,-16.01,20.58,-0.69,20.26,-5.46,1.02,-7.79,2.05,1.02,6.23,10.52,-5.48,30.66,0.34,-0.46,0.65,-0.50,61.42,0.55,157
1970-01-01 00:01:20.663,-16.01,20.58,-0.69,20.26,-5.46,1.02,-7.79,2.05,1.02,6.23,10.52,-5.48,30.66,0.34,-0.46,0.65,-0.50,61.36,0.67,156
1970-01-01 00:01:20.696,-16.01,20.58,-0.69,20.26,-5.46,1.02,-7.79,2.05,1.02,6.23,10.52,-5.48,30.66,0.34,-0.46,0.65,-0.50,61.42,0.55,157
1970-01-01 00:01:20.728,-16.01,20.58,-0.69,20.26,-5.46,1.02,-7.79,2.05,1.02,6.23,10.52,-5.48,30.66,0.34,-0.46,0.65,-0.50,61.23,0.67,162
1970-01-01 00:01:20.761,-16.01,20.58,-0.69,20.26,-5.46,1.02,-7.79,2.05,1.02,6.23,10.52,-5.48,30.66,0.34,-0.46,0.65,-0.50,61.42,0.67,157
1970-01-01 00:01:20.794,-16.01,20.58,-0.69,20.26,-5.46,1.02,-7.79,2.05,1.02,6.23,10.52,-5.48,30.66,0.34,-0.46,0.65,-0.50,61.42,0.61,158
1970-01-01 00:01:20.827,-16.01,20.58,-0.69,20.26,-5.46,1.02,-7.79,2.05,1.02,6.23,10.52,-5.48,30.66,0.34,-0.46,0.65,-0.50,61.36,0.67,152
1970-01-01 00:01:20.859,-16.01,20.58,-0.69,20.26,-5.46,1.02,-7.79,2.05,1.02,6.23,10.52,-5.48,30.66,0.34,-0.46,0.65,-0.50,61.42,0.61,150
1970-01-01 00:01:20.892,-16.01,20.58,-0.69,20.26,-5.46,1.02,-7.79,2.05,1.02,6.23,10.52,-5.48,30.66,0.34,-0.46,0.65,-0.50,61.36,0.61,156
1970-01-01 00:01:20.925,-16.01,20.58,-0.69,20.26,-5.46,1.02,-7.79,2.05,1.02,6.23,10.52,-5.48,30.66,0.34,-0.46,0.65,-0.50,61.48,0.73,156
1970-01-01 00:01:20.958,-16.01,20.58,-0.69,20.26,-5.46,1.02,-7.79,2.05,1.02,6.23,10.52,-5.48,30.66,0.34,-0.46,0.65,-0.50,61.29,0.61,156
1970-01-01 00:01:20.991,-16.01,20.58,-0.69,20.26,-5.46,1.02,-7.79,2.05,1.02,6.23,10.52,-5.48,30.66,0.34,-0.46,0.65,-0.50,61.17,0.67,159
1970-01-01 00:01:21.024,-16.01,20.58,-0.69,20.26,-5.46,1.02,-7.79,2.05,1.02,6.23,10.52,-5.48,30.66,0.34,-0.46,0.65,-0.50,61.42,0.67,158
1970-01-01 00:01:21.056,-16.01,20.58,-0.69,20.26,-5.46,1.02,-7.79,2.05,1.02,6.23,10.52,-5.48,30.66,0.34,-0.46,0.65,-0.50,61.23,0.67,156
1970-01-01 00:01:21.088,-16.01,20.58,-0.69,20.26,-5.46,1.02,-7.79,2.05,1.02,6.23,10.52,-5.48,30.66,0.34,-0.46,0.65,-0.50,61.23,0.67,157
1970-01-01 00:01:21.120,-16.01,20.58,-0.69,20.26,-5.46,1.02,-7.79,2.05,1.02,6.23,10.52,-5.48,30.66,0.34,-0.46,0.65,-0.50,61.36,0.61,158
1970-01-01 00:01:21.152,-16.01,20.58,-0.69,20.26,-5.46,1.02,-7.79,2.05,1.02,6.23,10.52,-5.48,30.66,0.34,-0.46,0.65,-0.50,61.29,0.67,158
1970-01-01 00:01:21.185,-16.01,20.58,-0.69,20.26,-5.46,1.02,-7.79,2.05,1.02,6.23,10.52,-5.48,30.66,0.34,-0.46,0.65,-0.50,61.23,0.73,155
1970-01-01 00:01:21.217,-16.01,20.58,-0.69,20.26,-5.46,1.02,-7.79,2.05,1.02,6.23,10.52,-5.48,30.66,0.34,-0.46,0.65,-0.50,61.23,0.67,157
1970-01-01 00:01:21.250,-16.01,20.58,-0.69,20.26,-5.46,1.02,-7.79,2.05,1.02,6.23,10.52,-5.48,30.66,0.34,-0.46,0.65,-0.50,61.23,0.67,155
1970-01-01 00:01:21.282,-16.01,20.58,-0.69,20.26,-5.46,1.02,-7.79,2.05,1.02,6.23,10.52,-5.48,30.66,0.34,-0.46,0.65,-0.50,61.17,0.67,157
1970-01-01 00:01:21.315,-16.01,20.58,-0.69,20.26,-5.46,1.02,-7.79,2.05,1.02,6.23,10.52,-5.48,30.66,0.34,-0.46,0.65,-0.50,61.36,0.67,152
1970-01-01 00:01:21.348,-16.01,20.58,-0.69,20.26,-5.46,1.02,-7.79,2.05,1.02,6.23,10.52,-5.48,30.66,0.34,-0.46,0.65,-0.50,61.17,0.67,157
1970-01-01 00:01:21.381,-16.01,20.58,-0.69,20.26,-5.46,1.02,-7.79,2.05,1.02,6.23,10.52,-5.48,30.66,0.34,-0.46,0.65,-0.50,61.23,0.61,155
1970-01-01 00:01:21.413,-16.01,20.58,-0.69,20.26,-5.46,1.02,-7.79,2.05,1.02,6.23,10.52,-5.48,30.66,0.34,-0.46,0.65,-0.50,61.29,0.67,156
1970-01-01 00:01:21.446,-16.01,20.58,-0.69,20.26,-5.46,1.02,-7.79,2.05,1.02,6.23,10.52,-5.48,30.66,0.34,-0.46,0.65,-0.50,61.42,0.61,155
1970-01-01 00:01:21.479,-16.01,20.58,-0.69,20.26,-5.46,1.02,-7.79,2.05,1.02,6.23,10.52,-5.48,30.66,0.34,-0.46,0.65,-0.50,61.23,0.73,158
1970-01-01 00:01:21.512,-16.01,20.58,-0.69,20.26,-5.46,1.02,-7.79,2.05,1.02,6.23,10.52,-5.48,30.66,0.34,-0.46,0.65,-0.50,61.36,0.61,157
1970-01-01 00:01:21.545,-16.01,20.58,-0.69,20.26,-5.46,1.02,-7.79,2.05,1.02,6.23,10.52,-5.48,30.66,0.34,-0.46,0.65,-0.50,61.17,0.61,158
1970-01-01 00:01:21.578,-16.01,20.58,-0.69,20.26,-5.46,1.02,-7.79,2.05,1.02,6.23,10.52,-5.48,30.66,0.34,-0.46,0.65,-0.50,61.23,0.73,158
1970-01-01 00:01:21.610,-16.01,20.58,-0.69,20.26,-5.46,1.02,-7.79,2.05,1.02,6.23,10.52,-5.48,30.66,0.34,-0.46,0.65,-0.50,61.48,0.67,146
1970-01-01 00:01:21.643,-16.01,20.58,-0.69,20.26,-5.46,1.02,-7.79,2.05,1.02,6.23,10.52,-5.48,30.66,0.34,-0.46,0.65,-0.50,61.42,0.55,159
1970-01-01 00:01:21.676,-16.01,20.58,-0.69,20.26,-5.46,1.02,-7.79,2.05,1.02,6.23,10.52,-5.48,30.66,0.34,-0.46,0.65,-0.50,61.17,0.67,156
1970-01-01 00:01:21.709,-16.01,20.58,-0.69,20.26,-5.46,1.02,-7.79,2.05,1.02,6.23,10.52,-5.48,30.66,0.34,-0.46,0.65,-0.50,61.23,0.67,159
1970-01-01 00:01:21.742,-16.01,20.58,-0.69,20.26,-5.46,1.02,-7.79,2.05,1.02,6.23,10.52,-5.48,30.66,0.34,-0.46,0.65,-0.50,61.36,0.67,154
1970-01-01 00:01:21.775,-16.01,20.58,-0.69,20.26,-5.46,1.02,-7.79,2.05,1.02,6.23,10.52,-5.48,30.66,0.34,-0.46,0.65,-0.50,61.17,0.73,155
1970-01-01 00:01:21.807,-16.01,20.58,-0.69,20.26,-5.46,1.02,-7.79,2.05,1.02,6.23,10.52,-5.48,30.66,0.34,-0.46,0.65,-0.50,61.23,0.67,158
1970-01-01 00:01:21.840,-16.01,20.58,-0.69,20.26,-5.46,1.02,-7.79,2.05,1.02,6.23,10.52,-5.48,30.66,0.34,-0.46,0.65,-0.50,61.36,0.67,157
1970-01-01 00:01:21.873,-16.01,20.58,-0.69,20.26,-5.46,1.02,-7.79,2.05,1.02,6.23,10.52,-5.48,30.66,0.34,-0.46,0.65,-0.50,61.17,0.61,155
1970-01-01 00:01:21.906,-16.01,20.58,-0.69,20.26,-5.46,1.02,-7.79,2.05,1.02,6.23,10.52,-5.48,30.66,0.34,-0.46,0.65,-0.50,61.11,0.67,156
1970-01-01 00:01:21.939,-16.01,20.58,-0.69,20.26,-5.46,1.02,-7.79,2.05,1.02,6.23,10.52,-5.48,30.66,0.34,-0.46,0.65,-0.50,61.29,0.61,157
1970-01-01 00:01:21.971,-16.01,20.58,-0.69,20.26,-5.46,1.02,-7.79,2.05,1.02,6.23,10.52,-5.48,30.66,0.34,-0.46,0.65,-0.50,61.23,0.67,156
1970-01-01 00:01:22.004,-16.01,20.58,-0.69,20.26,-5.46,1.02,-7.79,2.05,1.02,6.23,10.52,-5.48,30.66,0.34,-0.46,0.65,-0.50,61.42,0.61,155
1970-01-01 00:01:22.036,-16.01,20.58,-0.69,20.26,-5.46,1.02,-7.79,2.05,1.02,6.23,10.52,-5.48,30.66,0.34,-0.46,0.65,-0.50,61.42,0.61,157
1970-01-01 00:01:22.069,-16.01,20.58,-0.69,20.26,-5.46,1.02,-7.79,2.05,1.02,6.23,10.52,-5.48,30.66,0.34,-0.46,0.65,-0.50,61.17,0.73,160
1970-01-01 00:01:22.101,-16.01,20.58,-0.69,20.26,-5.46,1.02,-7.79,2.05,1.02,6.23,10.52,-5.48,30.66,0.34,-0.46,0.65,-0.50,61.29,0.61,159
1970-01-01 00:01:22.133,-16.01,20.58,-0.69,20.26,-5.46,1.02,-7.79,2.05,1.02,6.23,10.52,-5.48,30.66,0.34,-0.46,0.65,-0.50,61.29,0.61,160
1970-01-01 00:01:22.166,-16.01,20.58,-0.69,20.26,-5.46,1.02,-7.79,2.05,1.02,6.23,10.52,-5.48,30.66,0.34,-0.46,0.65,-0.50,61.23,0.73,158
1970-01-01 00:01:22.198,-16.01,20.58,-0.69,20.26,-5.46,1.02,-7.79,2.05,1.02,6.23,10.52,-5.48,30.66,0.34,-0.46,0.65,-0.50,61.36,0.61,158
1970-01-01 00:01:22.231,-16.01,20.58,-0.69,20.26,-5.46,1.02,-7.79,2.05,1.02,6.23,10.52,-5.48,30.66,0.34,-0.46,0.65,-0.50,61.23,0.67,157
1970-01-01 00:01:22.263,-16.01,20.58,-0.69,20.26,-5.46,1.02,-7.79,2.05,1.02,6.23,10.52,-5.48,30.66,0.34,-0.46,0.65,-0.50,61.36,0.67,158
1970-01-01 00:01:22.296,-16.01,20.58,-0.69,20.26,-5.46,1.02,-7.79,2.05,1.02,6.23,10.52,-5.48,30.66,0.34,-0.46,0.65,-0.50,61.23,0.67,155
1970-01-01 00:01:22.329,-16.01,20.58,-0.69,20.26,-5.46,1.02,-7.79,2.05,1.02,6.23,10.52,-5.48,30.66,0.34,-0.46,0.65,-0.50,61.23,0.67,163
1970-01-01 00:01:22.361,-16.01,20.58,-0.69,20.26,-5.46,1.02,-7.79,2.05,1.02,6.23,10.52,-5.48,30.66,0.34,-0.46,0.65,-0.50,61.17,0.73,156
1970-01-01 00:01:22.394,-16.01,20.58,-0.69,20.26,-5.46,1.02,-7.79,2.05,1.02,6.23,10.52,-5.48,30.66,0.34,-0.46,0.65,-0.50,61.17,0.67,153
1970-01-01 00:01:22.427,-16.01,20.58,-0.69,20.26,-5.46,1.02,-7.79,2.05,1.02,6.23,10.52,-5.48,30.66,0.34,-0.46,0.65,-0.50,61.36,0.61,156
1970-01-01 00:01:22.460,-16.01,20.58,-0.69,20.26,-5.46,1.02,-7.79,2.05,1.02,6.23,10.52,-5.48,30.66,0.34,-0.46,0.65,-0.50,61.42,0.61,154
1970-01-01 00:01:22.493,-16.01,20.58,-0.69,20.26,-5.46,1.02,-7.79,2.05,1.02,6.23,10.52,-5.48,30.66,0.34,-0.46,0.65,-0.50,61.23,0.67,160
1970-01-01 00:01:22.526,-16.01,20.58,-0.69,20.26,-5.46,1.02,-7.79,2.05,1.02,6.23,10.52,-5.48,30.66,0.34,-0.46,0.65,-0.50,61.29,0.61,158
1970-01-01 00:01:22.558,-16.01,20.58,-0.69,20.26,-5.46,1.02,-7.79,2.05,1.02,6.23,10.52,-5.48,30.66,0.34,-0.46,0.65,-0.50,61.36,0.67,158
1970-01-01 00:01:22.591,-16.01,20.58,-0.69,20.26,-5.46,1.02,-7.79,2.05,1.02,6.23,10.52,-5.48,30.66,0.34,-0.46,0.65,-0.50,61.23,0.73,159
1970-01-01 00:01:22.624,-16.01,20.58,-0.69,20.26,-5.46,1.02,-7.79,2.05,1.02,6.23,10.52,-5.48,30.66,0.34,-0.46,0.65,-0.50,61.29,0.67,160
1970-01-01 00:01:22.657,-16.01,20.58,-0.69,20.26,-5.46,1.02,-7.79,2.05,1.02,6.23,10.52,-5.48,30.66,0.34,-0.46,0.65,-0.50,61.42,0.61,153
1970-01-01 00:01:22.690,-16.01,20.58,-0.69,20.26,-5.46,1.02,-7.79,2.05,1.02,6.23,10.52,-5.48,30.66,0.34,-0.46,0.65,-0.50,61.17,0.67,156
1970-01-01 00:01:22.723,-16.01,20.58,-0.69,20.26,-5.46,1.02,-7.79,2.05,1.02,6.23,10.52,-5.48,30.66,0.34,-0.46,0.65,-0.50,61.23,0.67,155
1970-01-01 00:01:22.756,-16.01,20.58,-0.69,20.26,-5.46,1.02,-7.79,2.05,1.02,6.23,10.52,-5.48,30.66,0.34,-0.46,0.65,-0.50,61.17,0.61,157
1970-01-01 00:01:22.788,-16.01,20.58,-0.69,20.26,-5.46,1.02,-7.79,2.05,1.02,6.23,10.52,-5.48,30.66,0.34,-0.46,0.65,-0.50,61.11,0.73,160
1970-01-01 00:01:22.821,-16.01,20.58,-0.69,20.26,-5.46,1.02,-7.79,2.05,1.02,6.23,10.52,-5.48,30.66,0.34,-0.46,0.65,-0.50,61.23,0.67,158
1970-01-01 00:01:22.854,-16.01,20.58,-0.69,20.26,-5.46,1.02,-7.79,2.05,1.02,6.23,10.52,-5.48,30.66,0.34,-0.46,0.65,-0.50,61.11,0.67,160
1970-01-01 00:01:22.887,-16.01,20.58,-0.69,20.26,-5.46,1.02,-7.79,2.05,1.02,6.23,10.52,-5.48,30.66,0.34,-0.46,0.65,-0.50,61.36,0.61,158
1970-01-01 00:01:22.919,-16.01,20.58,-0.69,20.26,-5.46,1.02,-7.79,2.05,1.02,6.23,10.52,-5.48,30.66,0.34,-0.46,0.65,-0.50,61.36,0.61,156
1970-01-01 00:01:22.952,-16.01,20.58,-0.69,20.26,-5.46,1.02,-7.79,2.05,1.02,6.23,10.52,-5.48,30.66,0.34,-0.46,0.65,-0.50,61.23,0.67,161
1970-01-01 00:01:22.985,-16.01,20.58,-0.69,20.26,-5.46,1.02,-7.79,2.05,1.02,6.23,10.52,-5.48,30.66,0.34,-0.46,0.65,-0.50,61.29,0.67,155
1970-01-01 00:01:23.019,-16.01,20.58,-0.69,20.26,-5.46,1.02,-7.79,2.05,1.02,6.23,10.52,-5.48,30.66,0.34,-0.46,0.65,-0.50,61.36,0.67,157
1970-01-01 00:01:23.051,-16.01,20.58,-0.69,20.26,-5.46,1.02,-7.79,2.05,1.02,6.23,10.52,-5.48,30.66,0.34,-0.46,0.65,-0.50,61.17,0.67,156
1970-01-01 00:01:23.083,-16.01,20.58,-0.69,20.26,-5.46,1.02,-7.79,2.05,1.02,6.23,10.52,-5.48,30.66,0.34,-0.46,0.65,-0.50,61.05,0.67,175
1970-01-01 00:01:23.116,-16.01,20.58,-0.69,20.26,-5.46,1.02,-7.79,2.05,1.02,6.23,10.52,-5.48,30.66,0.34,-0.46,0.65,-0.50,61.23,0.73,159
1970-01-01 00:01:23.148,-16.01,20.58,-0.69,20.26,-5.46,1.02,-7.79,2.05,1.02,6.23,10.52,-5.48,30.66,0.34,-0.46,0.65,-0.50,61.29,0.67,152
1970-01-01 00:01:23.181,-16.01,20.58,-0.69,20.26,-5.46,1.02,-7.79,2.05,1.02,6.23,10.52,-5.48,30.66,0.34,-0.46,0.65,-0.50,61.48,0.67,158
1970-01-01 00:01:23.213,-16.01,20.58,-0.69,20.26,-5.46,1.02,-7.79,2.05,1.02,6.23,10.52,-5.48,30.66,0.34,-0.46,0.65,-0.50,61.17,0.67,157
1970-01-01 00:01:23.246,-16.01,20.58,-0.69,20.26,-5.46,1.02,-7.79,2.05,1.02,6.23,10.52,-5.48,30.66,0.34,-0.46,0.65,-0.50,61.42,0.67,154
1970-01-01 00:01:23.279,-16.01,20.58,-0.69,20.26,-5.46,1.02,-7.79,2.05,1.02,6.23,10.52,-5.48,30.66,0.34,-0.46,0.65,-0.50,61.17,0.67,158
1970-01-01 00:01:23.311,-16.01,20.58,-0.69,20.26,-5.46,1.02,-7.79,2.05,1.02,6.23,10.52,-5.48,30.66,0.34,-0.46,0.65,-0.50,61.23,0.67,159
1970-01-01 00:01:23.344,-16.01,20.58,-0.69,20.26,-5.46,1.02,-7.79,2.05,1.02,6.23,10.52,-5.48,30.66,0.34,-0.46,0.65,-0.50,61.48,0.67,179
1970-01-01 00:01:23.377,-16.01,20.58,-0.69,20.26,-5.46,1.02,-7.79,2.05,1.02,6.23,10.52,-5.48,30.66,0.34,-0.46,0.65,-0.50,61.29,0.67,156
1970-01-01 00:01:23.409,-16.01,20.58,-0.69,20.26,-5.46,1.02,-7.79,2.05,1.02,6.23,10.52,-5.48,30.66,0.34,-0.46,0.65,-0.50,61.23,0.67,161
1970-01-01 00:01:23.442,-16.01,20.58,-0.69,20.26,-5.46,1.02,-7.79,2.05,1.02,6.23,10.52,-5.48,30.66,0.34,-0.46,0.65,-0.50,61.42,0.61,158
1970-01-01 00:01:23.475,-16.01,20.58,-0.69,20.26,-5.46,1.02,-7.79,2.05,1.02,6.23,10.52,-5.48,30.66,0.34,-0.46,0.65,-0.50,61.23,0.73,158
1970-01-01 00:01:23.508,-16.01,20.58,-0.69,20.26,-5.46,1.02,-7.79,2.05,1.02,6.23,10.52,-5.48,30.66,0.34,-0.46,0.65,-0.50,61.23,0.61,157
1970-01-01 00:01:23.541,-16.01,20.58,-0.69,20.26,-5.46,1.02,-7.79,2.05,1.02,6.23,10.52,-5.48,30.66,0.34,-0.46,0.65,-0.50,61.23,0.67,159
1970-01-01 00:01:23.574,-16.01,20.58,-0.69,20.26,-5.46,1.02,-7.79,2.05,1.02,6.23,10.52,-5.48,30.66,0.34,-0.46,0.65,-0.50,61.29,0.61,156
1970-01-01 00:01:23.607,-16.01,20.58,-0.69,20.26,-5.46,1.02,-7.79,2.05,1.02,6.23,10.52,-5.48,30.66,0.34,-0.46,0.65,-0.50,61.17,0.73,156
1970-01-01 00:01:23.639,-16.01,20.58,-0.69,20.26,-5.46,1.02,-7.79,2.05,1.02,6.23,10.52,-5.48,30.66,0.34,-0.46,0.65,-0.50,61.36,0.67,169
1970-01-01 00:01:23.672,-16.01,20.58,-0.69,20.26,-5.46,1.02,-7.79,2.05,1.02,6.23,10.52,-5.48,30.66,0.34,-0.46,0.65,-0.50,61.42,0.61,156
1970-01-01 00:01:23.705,-16.01,20.58,-0.69,20.26,-5.46,1.02,-7.79,2.05,1.02,6.23,10.52,-5.48,30.66,0.34,-0.46,0.65,-0.50,61.36,0.61,155
1970-01-01 00:01:23.738,-16.01,20.58,-0.69,20.26,-5.46,1.02,-7.79,2.05,1.02,6.23,10.52,-5.48,30.66,0.34,-0.46,0.65,-0.50,61.29,0.67,159
1970-01-01 00:01:23.771,-16.01,20.58,-0.69,20.26,-5.46,1.02,-7.79,2.05,1.02,6.23,10.52,-5.48,30.66,0.34,-0.46,0.65,-0.50,61.42,0.61,157
1970-01-01 00:01:23.804,-16.01,20.58,-0.69,20.26,-5.46,1.02,-7.79,2.05,1.02,6.23,10.52,-5.48,30.66,0.34,-0.46,0.65,-0.50,61.23,0.67,155
1970-01-01 00:01:23.836,-16.01,20.58,-0.69,20.26,-5.46,1.02,-7.79,2.05,1.02,6.23,10.52,-5.48,30.66,0.34,-0.46,0.65,-0.50,61.17,0.73,154
1970-01-01 00:01:23.869,-16.01,20.58,-0.69,20.26,-5.46,1.02,-7.79,2.05,1.02,6.23,10.52,-5.48,30.66,0.34,-0.46,0.65,-0.50,61.23,0.73,157
1970-01-01 00:01:23.902,-16.01,20.58,-0.69,20.26,-5.46,1.02,-7.79,2.05,1.02,6.23,10.52,-5.48,30.66,0.34,-0.46,0.65,-0.50,61.42,0.61,155
1970-01-01 00:01:23.935,-16.01,20.58,-0.69,20.26,-5.46,1.02,-7.79,2.05,1.02,6.23,10.52,-5.48,30.66,0.34,-0.46,0.65,-0.50,61.36,0.73,159
1970-01-01 00:01:23.967,-16.01,20.58,-0.69,20.26,-5.46,1.02,-7.79,2.05,1.02,6.23,10.52,-5.48,30.66,0.34,-0.46,0.65,-0.50,61.23,0.67,157
1970-01-01 00:01:24.000,-16.01,20.58,-0.69,20.26,-5.46,1.02,-7.79,2.05,1.02,6.23,10.52,-5.48,30.66,0.34,-0.46,0.65,-0.50,61.36,0.61,158
1970-01-01 00:01:24.032,-16.01,20.58,-0.69,20.26,-5.46,1.02,-7.79,2.05,1.02,6.23,10.52,-5.48,30.66,0.34,-0.46,0.65,-0.50,61.17,0.73,158
1970-01-01 00:01:24.064,-16.01,20.58,-0.69,20.26,-5.46,1.02,-7.79,2.05,1.02,6.23,10.52,-5.48,30.66,0.34,-0.46,0.65,-0.50,61.29,0.61,157
1970-01-01 00:01:24.097,-16.01,20.58,-0.69,20.26,-5.46,1.02,-7.79,2.05,1.02,6.23,10.52,-5.48,30.66,0.34,-0.46,0.65,-0.50,61.36,0.67,153
1970-01-01 00:01:24.129,-16.01,20.58,-0.69,20.26,-5.46,1.02,-7.79,2.05,1.02,6.23,10.52,-5.48,30.66,0.34,-0.46,0.65,-0.50,61.48,0.67,158
1970-01-01 00:01:24.162,-16.01,20.58,-0.69,20.26,-5.46,1.02,-7.79,2.05,1.02,6.23,10.52,-5.48,30.66,0.34,-0.46,0.65,-0.50,61.23,0.67,156
1970-01-01 00:01:24.194,-16.01,20.58,-0.69,20.26,-5.46,1.02,-7.79,2.05,1.02,6.23,10.52,-5.48,30.66,0.34,-0.46,0.65,-0.50,61.42,0.61,158
1970-01-01 00:01:24.226,-16.01,20.58,-0.69,20.26,-5.46,1.02,-7.79,2.05,1.02,6.23,10.52,-5.48,30.66,0.34,-0.46,0.65,-0.50,61.23,0.67,156
1970-01-01 00:01:24.260,-16.01,20.58,-0.69,20.26,-5.46,1.02,-7.79,2.05,1.02,6.23,10.52,-5.48,30.66,0.34,-0.46,0.65,-0.50,61.11,0.73,158
1970-01-01 00:01:24.292,-16.01,20.58,-0.69,20.26,-5.46,1.02,-7.79,2.05,1.02,6.23,10.52,-5.48,30.66,0.34,-0.46,0.65,-0.50,61.36,0.67,156
1970-01-01 00:01:24.325,-16.01,20.58,-0.69,20.26,-5.46,1.02,-7.79,2.05,1.02,6.23,10.52,-5.48,30.66,0.34,-0.46,0.65,-0.50,61.29,0.67,160
1970-01-01 00:01:24.358,-16.01,20.58,-0.69,20.26,-5.46,1.02,-7.79,2.05,1.02,6.23,10.52,-5.48,30.66,0.34,-0.46,0.65,-0.50,61.29,0.61,157
1970-01-01 00:01:24.390,-16.01,20.58,-0.69,20.26,-5.46,1.02,-7.79,2.05,1.02,6.23,10.52,-5.48,30.66,0.34,-0.46,0.65,-0.50,61.11,0.61,156
1970-01-01 00:01:24.423,-16.01,20.58,-0.69,20.26,-5.46,1.02,-7.79,2.05,1.02,6.23,10.52,-5.48,30.66,0.34,-0.46,0.65,-0.50,61.42,0.61,158
1970-01-01 00:01:24.456,-16.01,20.58,-0.69,20.26,-5.46,1.02,-7.79,2.05,1.02,6.23,10.52,-5.48,30.66,0.34,-0.46,0.65,-0.50,61.48,0.61,156
1970-01-01 00:01:24.489,-16.01,20.58,-0.69,20.26,-5.46,1.02,-7.79,2.05,1.02,6.23,10.52,-5.48,30.66,0.34,-0.46,0.65,-0.50,61.36,0.61,159
1970-01-01 00:01:24.522,-16.01,20.58,-0.69,20.26,-5.46,1.02,-7.79,2.05,1.02,6.23,10.52,-5.48,30.66,0.34,-0.46,0.65,-0.50,61.29,0.61,157
1970-01-01 00:01:24.554,-16.01,20.58,-0.69,20.26,-5.46,1.02,-7.79,2.05,1.02,6.23,10.52,-5.48,30.66,0.34,-0.46,0.65,-0.50,61.23,0.73,156
1970-01-01 00:01:24.587,-16.01,20.58,-0.69,20.26,-5.46,1.02,-7.79,2.05,1.02,6.23,10.52,-5.48,30.66,0.34,-0.46,0.65,-0.50,61.11,0.67,148
1970-01-01 00:01:24.620,-16.01,20.58,-0.69,20.26,-5.46,1.02,-7.79,2.05,1.02,6.23,10.52,-5.48,30.66,0.34,-0.46,0.65,-0.50,61.42,0.67,156
1970-01-01 00:01:24.653,-16.01,20.58,-0.69,20.26,-5.46,1.02,-7.79,2.05,1.02,6.23,10.52,-5.48,30.66,0.34,-0.46,0.65,-0.50,61.36,0.67,155
1970-01-01 00:01:24.686,-16.01,20.58,-0.69,20.26,-5.46,1.02,-7.79,2.05,1.02,6.23,10.52,-5.48,30.66,0.34,-0.46,0.65,-0.50,61.36,0.67,156
1970-01-01 00:01:24.719,-16.01,20.58,-0.69,20.26,-5.46,1.02,-7.79,2.05,1.02,6.23,10.52,-5.48,30.66,0.34,-0.46,0.65,-0.50,61.29,0.61,158
1970-01-01 00:01:24.752,-16.01,20.58,-0.69,20.26,-5.46,1.02,-7.79,2.05,1.02,6.23,10.52,-5.48,30.66,0.34,-0.46,0.65,-0.50,61.23,0.67,159
1970-01-01 00:01:24.785,-16.01,20.58,-0.69,20.26,-5.46,1.02,-7.79,2.05,1.02,6.23,10.52,-5.48,30.66,0.34,-0.46,0.65,-0.50,61.23,0.73,154
1970-01-01 00:01:24.817,-16.01,20.58,-0.69,20.26,-5.46,1.02,-7.79,2.05,1.02,6.23,10.52,-5.48,30.66,0.34,-0.46,0.65,-0.50,61.36,0.67,157
1970-01-01 00:01:24.850,-16.01,20.58,-0.69,20.26,-5.46,1.02,-7.79,2.05,1.02,6.23,10.52,-5.48,30.66,0.34,-0.46,0.65,-0.50,61.17,0.73,156
1970-01-01 00:01:24.883,-16.01,20.58,-0.69,20.26,-5.46,1.02,-7.79,2.05,1.02,6.23,10.52,-5.48,30.66,0.34,-0.46,0.65,-0.50,61.17,0.67,157
1970-01-01 00:01:24.915,-16.01,20.58,-0.69,20.26,-5.46,1.02,-7.79,2.05,1.02,6.23,10.52,-5.48,30.66,0.34,-0.46,0.65,-0.50,61.23,0.73,157
1970-01-01 00:01:24.948,-16.01,20.58,-0.69,20.26,-5.46,1.02,-7.79,2.05,1.02,6.23,10.52,-5.48,30.66,0.34,-0.46,0.65,-0.50,61.29,0.61,154
1970-01-01 00:01:24.980,-16.01,20.58,-0.69,20.26,-5.46,1.02,-7.79,2.05,1.02,6.23,10.52,-5.48,30.66,0.34,-0.46,0.65,-0.50,61.42,0.61,158
1970-01-01 00:01:25.012,-16.01,20.58,-0.69,20.26,-5.46,1.02,-7.79,2.05,1.02,6.23,10.52,-5.48,30.66,0.34,-0.46,0.65,-0.50,61.29,0.67,154
1970-01-01 00:01:25.044,-16.01,20.58,-0.69,20.26,-5.46,1.02,-7.79,2.05,1.02,6.23,10.52,-5.48,30.66,0.34,-0.46,0.65,-0.50,61.29,0.67,157
1970-01-01 00:01:25.077,-16.01,20.58,-0.69,20.26,-5.46,1.02,-7.79,2.05,1.02,6.23,10.52,-5.48,30.66,0.34,-0.46,0.65,-0.50,61.36,0.61,155
1970-01-01 00:01:25.110,-16.01,20.58,-0.69,20.26,-5.46,1.02,-7.79,2.05,1.02,6.23,10.52,-5.48,30.66,0.34,-0.46,0.65,-0.50,61.23,0.67,156
1970-01-01 00:01:25.142,-16.01,20.58,-0.69,20.26,-5.46,1.02,-7.79,2.05,1.02,6.23,10.52,-5.48,30.66,0.34,-0.46,0.65,-0.50,61.05,0.73,171
1970-01-01 00:01:25.175,-16.01,20.58,-0.69,20.26,-5.46,1.02,-7.79,2.05,1.02,6.23,10.52,-5.48,30.66,0.34,-0.46,0.65,-0.50,61.36,0.61,157
1970-01-01 00:01:25.207,-16.01,20.58,-0.69,20.26,-5.46,1.02,-7.79,2.05,1.02,6.23,10.52,-5.48,30.66,0.34,-0.46,0.65,-0.50,61.17,0.67,154
1970-01-01 00:01:25.240,-16.01,20.58,-0.69,20.26,-5.46,1.02,-7.79,2.05,1.02,6.23,10.52,-5.48,30.66,0.34,-0.46,0.65,-0.50,61.29,0.73,160
1970-01-01 00:01:25.273,-16.01,20.58,-0.69,20.26,-5.46,1.02,-7.79,2.05,1.02,6.23,10.52,-5.48,30.66,0.34,-0.46,0.65,-0.50,61.36,0.61,158
1970-01-01 00:01:25.306,-16.01,20.58,-0.69,20.26,-5.46,1.02,-7.79,2.05,1.02,6.23,10.52,-5.48,30.66,0.34,-0.46,0.65,-0.50,61.36,0.67,158
1970-01-01 00:01:25.338,-16.01,20.58,-0.69,20.26,-5.46,1.02,-7.79,2.05,1.02,6.23,10.52,-5.48,30.66,0.34,-0.46,0.65,-0.50,61.36,0.67,155
1970-01-01 00:01:25.371,-16.01,20.58,-0.69,20.26,-5.46,1.02,-7.79,2.05,1.02,6.23,10.52,-5.48,30.66,0.34,-0.46,0.65,-0.50,61.36,0.67,158
1970-01-01 00:01:25.404,-16.01,20.58,-0.69,20.26,-5.46,1.02,-7.79,2.05,1.02,6.23,10.52,-5.48,30.66,0.34,-0.46,0.65,-0.50,61.29,0.67,157
1970-01-01 00:01:25.437,-16.01,20.58,-0.69,20.26,-5.46,1.02,-7.79,2.05,1.02,6.23,10.52,-5.48,30.66,0.34,-0.46,0.65,-0.50,61.36,0.61,156
1970-01-01 00:01:25.469,-16.01,20.58,-0.69,20.26,-5.46,1.02,-7.79,2.05,1.02,6.23,10.52,-5.48,30.66,0.34,-0.46,0.65,-0.50,61.42,0.61,154
1970-01-01 00:01:25.502,-16.01,20.58,-0.69,20.26,-5.46,1.02,-7.79,2.05,1.02,6.23,10.52,-5.48,30.66,0.34,-0.46,0.65,-0.50,61.36,0.67,155
1970-01-01 00:01:25.535,-16.01,20.58,-0.69,20.26,-5.46,1.02,-7.79,2.05,1.02,6.23,10.52,-5.48,30.66,0.34,-0.46,0.65,-0.50,61.23,0.61,155
1970-01-01 00:01:25.569,-16.01,20.58,-0.69,20.26,-5.46,1.02,-7.79,2.05,1.02,6.23,10.52,-5.48,30.66,0.34,-0.46,0.65,-0.50,61.23,0.67,158
1970-01-01 00:01:25.601,-16.01,20.58,-0.69,20.26,-5.46,1.02,-7.79,2.05,1.02,6.23,10.52,-5.48,30.66,0.34,-0.46,0.65,-0.50,61.29,0.73,155
1970-01-01 00:01:25.634,-16.01,20.58,-0.69,20.26,-5.46,1.02,-7.79,2.05,1.02,6.23,10.52,-5.48,30.66,0.34,-0.46,0.65,-0.50,61.29,0.67,150
1970-01-01 00:01:25.667,-16.01,20.58,-0.69,20.26,-5.46,1.02,-7.79,2.05,1.02,6.23,10.52,-5.48,30.66,0.34,-0.46,0.65,-0.50,61.42,0.67,152
1970-01-01 00:01:25.700,-16.01,20.58,-0.69,20.26,-5.46,1.02,-7.79,2.05,1.02,6.23,10.52,-5.48,30.66,0.34,-0.46,0.65,-0.50,61.29,0.67,154
1970-01-01 00:01:25.733,-16.01,20.58,-0.69,20.26,-5.46,1.02,-7.79,2.05,1.02,6.23,10.52,-5.48,30.66,0.34,-0.46,0.65,-0.50,61.17,0.73,156
1970-01-01 00:01:25.766,-16.01,20.58,-0.69,20.26,-5.46,1.02,-7.79,2.05,1.02,6.23,10.52,-5.48,30.66,0.34,-0.46,0.65,-0.50,61.17,0.79,124
1970-01-01 00:01:25.798,-16.01,20.58,-0.69,20.26,-5.46,1.02,-7.79,2.05,1.02,6.23,10.52,-5.48,30.66,0.34,-0.46,0.65,-0.50,61.42,0.67,156
1970-01-01 00:01:25.831,-16.01,20.58,-0.69,20.26,-5.46,1.02,-7.79,2.05,1.02,6.23,10.52,-5.48,30.66,0.34,-0.46,0.65,-0.50,61.29,0.61,158
1970-01-01 00:01:25.864,-16.01,20.58,-0.69,20.26,-5.46,1.02,-7.79,2.05,1.02,6.23,10.52,-5.48,30.66,0.34,-0.46,0.65,-0.50,61.23,0.73,155
1970-01-01 00:01:25.897,-16.01,20.58,-0.69,20.26,-5.46,1.02,-7.79,2.05,1.02,6.23,10.52,-5.48,30.66,0.34,-0.46,0.65,-0.50,61.23,0.67,156
1970-01-01 00:01:25.929,-16.01,20.58,-0.69,20.26,-5.46,1.02,-7.79,2.05,1.02,6.23,10.52,-5.48,30.66,0.34,-0.46,0.65,-0.50,61.36,0.61,158
1970-01-01 00:01:25.961,-16.01,20.58,-0.69,20.26,-5.46,1.02,-7.79,2.05,1.02,6.23,10.52,-5.48,30.66,0.34,-0.46,0.65,-0.50,61.29,0.73,152
1970-01-01 00:01:25.993,-16.01,20.58,-0.69,20.26,-5.46,1.02,-7.79,2.05,1.02,6.23,10.52,-5.48,30.66,0.34,-0.46,0.65,-0.50,61.17,0.73,170
1970-01-01 00:01:26.025,-16.01,20.58,-0.69,20.26,-5.46,1.02,-7.79,2.05,1.02,6.23,10.52,-5.48,30.66,0.34,-0.46,0.65,-0.50,61.29,0.73,155
1970-01-01 00:01:26.058,-16.01,20.58,-0.69,20.26,-5.46,1.02,-7.79,2.05,1.02,6.23,10.52,-5.48,30.66,0.34,-0.46,0.65,-0.50,61.42,0.61,162
1970-01-01 00:01:26.090,-16.01,20.58,-0.69,20.26,-5.46,1.02,-7.79,2.05,1.02,6.23,10.52,-5.48,30.66,0.34,-0.46,0.65,-0.50,61.23,0.73,156
1970-01-01 00:01:26.123,-16.01,20.58,-0.69,20.26,-5.46,1.02,-7.79,2.05,1.02,6.23,10.52,-5.48,30.66,0.34,-0.46,0.65,-0.50,61.29,0.73,156
1970-01-01 00:01:26.155,-16.01,20.58,-0.69,20.26,-5.46,1.02,-7.79,2.05,1.02,6.23,10.52,-5.48,30.66,0.34,-0.46,0.65,-0.50,61.11,0.73,173
1970-01-01 00:01:26.188,-16.01,20.58,-0.69,20.26,-5.46,1.02,-7.79,2.05,1.02,6.23,10.52,-5.48,30.66,0.34,-0.46,0.65,-0.50,61.17,0.73,151
1970-01-01 00:01:26.221,-16.01,20.58,-0.69,20.26,-5.46,1.02,-7.79,2.05,1.02,6.23,10.52,-5.48,30.66,0.34,-0.46,0.65,-0.50,61.11,0.73,154
1970-01-01 00:01:26.254,-16.01,20.58,-0.69,20.26,-5.46,1.02,-7.79,2.05,1.02,6.23,10.52,-5.48,30.66,0.34,-0.46,0.65,-0.50,61.11,0.55,157
1970-01-01 00:01:26.286,-16.01,20.58,-0.69,20.26,-5.46,1.02,-7.79,2.05,1.02,6.23,10.52,-5.48,30.66,0.34,-0.46,0.65,-0.50,61.11,0.67,154
1970-01-01 00:01:26.319,-16.01,20.58,-0.69,20.26,-5.46,1.02,-7.79,2.05,1.02,6.23,10.52,-5.48,30.66,0.34,-0.46,0.65,-0.50,61.17,0.67,158
1970-01-01 00:01:26.352,-16.01,20.58,-0.69,20.26,-5.46,1.02,-7.79,2.05,1.02,6.23,10.52,-5.48,30.66,0.34,-0.46,0.65,-0.50,61.36,0.61,157
1970-01-01 00:01:26.385,-16.01,20.58,-0.69,20.26,-5.46,1.02,-7.79,2.05,1.02,6.23,10.52,-5.48,30.66,0.34,-0.46,0.65,-0.50,61.36,0.61,161
1970-01-01 00:01:26.418,-16.01,20.58,-0.69,20.26,-5.46,1.02,-7.79,2.05,1.02,6.23,10.52,-5.48,30.66,0.34,-0.46,0.65,-0.50,61.29,0.73,152
1970-01-01 00:01:26.450,-16.01,20.58,-0.69,20.26,-5.46,1.02,-7.79,2.05,1.02,6.23,10.52,-5.48,30.66,0.34,-0.46,0.65,-0.50,61.36,0.67,156
1970-01-01 00:01:26.483,-16.01,20.58,-0.69,20.26,-5.46,1.02,-7.79,2.05,1.02,6.23,10.52,-5.48,30.66,0.34,-0.46,0.65,-0.50,61.23,0.67,157
1970-01-01 00:01:26.516,-16.01,20.58,-0.69,20.26,-5.46,1.02,-7.79,2.05,1.02,6.23,10.52,-5.48,30.66,0.34,-0.46,0.65,-0.50,61.23,0.67,158
1970-01-01 00:01:26.549,-16.01,20.58,-0.69,20.26,-5.46,1.02,-7.79,2.05,1.02,6.23,10.52,-5.48,30.66,0.34,-0.46,0.65,-0.50,61.42,0.61,157
1970-01-01 00:01:26.582,-16.01,20.58,-0.69,20.26,-5.46,1.02,-7.79,2.05,1.02,6.23,10.52,-5.48,30.66,0.34,-0.46,0.65,-0.50,61.36,0.61,158
1970-01-01 00:01:26.614,-16.01,20.58,-0.69,20.26,-5.46,1.02,-7.79,2.05,1.02,6.23,10.52,-5.48,30.66,0.34,-0.46,0.65,-0.50,61.17,0.67,160
1970-01-01 00:01:26.648,-16.01,20.58,-0.69,20.26,-5.46,1.02,-7.79,2.05,1.02,6.23,10.52,-5.48,30.66,0.34,-0.46,0.65,-0.50,61.29,0.67,157
1970-01-01 00:01:26.681,-16.01,20.58,-0.69,20.26,-5.46,1.02,-7.79,2.05,1.02,6.23,10.52,-5.48,30.66,0.34,-0.46,0.65,-0.50,61.23,0.73,159
1970-01-01 00:01:26.714,-16.01,20.58,-0.69,20.26,-5.46,1.02,-7.79,2.05,1.02,6.23,10.52,-5.48,30.66,0.34,-0.46,0.65,-0.50,61.23,0.67,155
1970-01-01 00:01:26.747,-16.01,20.58,-0.69,20.26,-5.46,1.02,-7.79,2.05,1.02,6.23,10.52,-5.48,30.66,0.34,-0.46,0.65,-0.50,61.42,0.67,157
1970-01-01 00:01:26.780,-16.01,20.58,-0.69,20.26,-5.46,1.02,-7.79,2.05,1.02,6.23,10.52,-5.48,30.66,0.34,-0.46,0.65,-0.50,61.36,0.61,157
1970-01-01 00:01:26.812,-16.01,20.58,-0.69,20.26,-5.46,1.02,-7.79,2.05,1.02,6.23,10.52,-5.48,30.66,0.34,-0.46,0.65,-0.50,61.29,0.55,155
1970-01-01 00:01:26.845,-16.01,20.58,-0.69,20.26,-5.46,1.02,-7.79,2.05,1.02,6.23,10.52,-5.48,30.66,0.34,-0.46,0.65,-0.50,61.29,0.55,153
1970-01-01 00:01:26.878,-16.01,20.58,-0.69,20.26,-5.46,1.02,-7.79,2.05,1.02,6.23,10.52,-5.48,30.66,0.34,-0.46,0.65,-0.50,61.17,0.73,154
1970-01-01 00:01:26.910,-16.01,20.58,-0.69,20.26,-5.46,1.02,-7.79,2.05,1.02,6.23,10.52,-5.48,30.66,0.34,-0.46,0.65,-0.50,61.42,0.61,158
1970-01-01 00:01:26.942,-16.01,20.58,-0.69,20.26,-5.46,1.02,-7.79,2.05,1.02,6.23,10.52,-5.48,30.66,0.34,-0.46,0.65,-0.50,61.17,0.73,154
1970-01-01 00:01:26.974,-16.01,20.58,-0.69,20.26,-5.46,1.02,-7.79,2.05,1.02,6.23,10.52,-5.48,30.66,0.34,-0.46,0.65,-0.50,61.36,0.73,142
1970-01-01 00:01:27.006,-16.01,20.58,-0.69,20.26,-5.46,1.02,-7.79,2.05,1.02,6.23,10.52,-5.48,30.66,0.34,-0.46,0.65,-0.50,61.36,0.61,163
1970-01-01 00:01:27.039,-16.01,20.58,-0.69,20.26,-5.46,1.02,-7.79,2.05,1.02,6.23,10.52,-5.48,30.66,0.34,-0.46,0.65,-0.50,61.36,0.67,155
1970-01-01 00:01:27.072,-16.01,20.58,-0.69,20.26,-5.46,1.02,-7.79,2.05,1.02,6.23,10.52,-5.48,30.66,0.34,-0.46,0.65,-0.50,61.36,0.67,143
1970-01-01 00:01:27.106,-16.01,20.58,-0.69,20.26,-5.46,1.02,-7.79,2.05,1.02,6.23,10.52,-5.48,30.66,0.34,-0.46,0.65,-0.50,61.42,0.55,150
1970-01-01 00:01:27.139,-16.01,20.58,-0.69,20.26,-5.46,1.02,-7.79,2.05,1.02,6.23,10.52,-5.48,30.66,0.34,-0.46,0.65,-0.50,61.17,0.73,159
1970-01-01 00:01:27.171,-16.01,20.58,-0.69,20.26,-5.46,1.02,-7.79,2.05,1.02,6.23,10.52,-5.48,30.66,0.34,-0.46,0.65,-0.50,61.17,0.67,157
1970-01-01 00:01:27.204,-16.01,20.58,-0.69,20.26,-5.46,1.02,-7.79,2.05,1.02,6.23,10.52,-5.48,30.66,0.34,-0.46,0.65,-0.50,61.42,0.61,155
1970-01-01 00:01:27.237,-16.01,20.58,-0.69,20.26,-5.46,1.02,-7.79,2.05,1.02,6.23,10.52,-5.48,30.66,0.34,-0.46,0.65,-0.50,61.11,0.67,157
1970-01-01 00:01:27.270,-16.01,20.58,-0.69,20.26,-5.46,1.02,-7.79,2.05,1.02,6.23,10.52,-5.48,30.66,0.34,-0.46,0.65,-0.50,61.29,0.61,158
1970-01-01 00:01:27.303,-16.01,20.58,-0.69,20.26,-5.46,1.02,-7.79,2.05,1.02,6.23,10.52,-5.48,30.66,0.34,-0.46,0.65,-0.50,61.11,0.73,153
1970-01-01 00:01:27.337,-16.01,20.58,-0.69,20.26,-5.46,1.02,-7.79,2.05,1.02,6.23,10.52,-5.48,30.66,0.34,-0.46,0.65,-0.50,61.29,0.61,158
1970-01-01 00:01:27.369,-16.01,20.58,-0.69,20.26,-5.46,1.02,-7.79,2.05,1.02,6.23,10.52,-5.48,30.66,0.34,-0.46,0.65,-0.50,61.42,0.67,158
1970-01-01 00:01:27.402,-16.01,20.58,-0.69,20.26,-5.46,1.02,-7.79,2.05,1.02,6.23,10.52,-5.48,30.66,0.34,-0.46,0.65,-0.50,61.42,0.67,158
1970-01-01 00:01:27.435,-16.01,20.58,-0.69,20.26,-5.46,1.02,-7.79,2.05,1.02,6.23,10.52,-5.48,30.66,0.34,-0.46,0.65,-0.50,61.29,0.67,156
1970-01-01 00:01:27.467,-16.01,20.58,-0.69,20.26,-5.46,1.02,-7.79,2.05,1.02,6.23,10.52,-5.48,30.66,0.34,-0.46,0.65,-0.50,61.17,0.67,155
1970-01-01 00:01:27.500,-16.01,20.58,-0.69,20.26,-5.46,1.02,-7.79,2.05,1.02,6.23,10.52,-5.48,30.66,0.34,-0.46,0.65,-0.50,61.29,0.67,156
1970-01-01 00:01:27.533,-16.01,20.58,-0.69,20.26,-5.46,1.02,-7.79,2.05,1.02,6.23,10.52,-5.48,30.66,0.34,-0.46,0.65,-0.50,61.48,0.67,140
1970-01-01 00:01:27.566,-16.01,20.58,-0.69,20.26,-5.46,1.02,-7.79,2.05,1.02,6.23,10.52,-5.48,30.66,0.34,-0.46,0.65,-0.50,61.36,0.67,159
1970-01-01 00:01:27.599,-16.01,20.58,-0.69,20.26,-5.46,1.02,-7.79,2.05,1.02,6.23,10.52,-5.48,30.66,0.34,-0.46,0.65,-0.50,61.29,0.73,158
1970-01-01 00:01:27.632,-16.01,20.58,-0.69,20.26,-5.46,1.02,-7.79,2.05,1.02,6.23,10.52,-5.48,30.66,0.34,-0.46,0.65,-0.50,61.36,0.61,155
1970-01-01 00:01:27.664,-16.01,20.58,-0.69,20.26,-5.46,1.02,-7.79,2.05,1.02,6.23,10.52,-5.48,30.66,0.34,-0.46,0.65,-0.50,61.17,0.73,156
1970-01-01 00:01:27.697,-16.01,20.58,-0.69,20.26,-5.46,1.02,-7.79,2.05,1.02,6.23,10.52,-5.48,30.66,0.34,-0.46,0.65,-0.50,61.36,0.61,151
1970-01-01 00:01:27.730,-16.01,20.58,-0.69,20.26,-5.46,1.02,-7.79,2.05,1.02,6.23,10.52,-5.48,30.66,0.34,-0.46,0.65,-0.50,61.17,0.67,154
1970-01-01 00:01:27.763,-16.01,20.58,-0.69,20.26,-5.46,1.02,-7.79,2.05,1.02,6.23,10.52,-5.48,30.66,0.34,-0.46,0.65,-0.50,61.36,0.73,158
1970-01-01 00:01:27.796,-16.01,20.58,-0.69,20.26,-5.46,1.02,-7.79,2.05,1.02,6.23,10.52,-5.48,30.66,0.34,-0.46,0.65,-0.50,61.36,0.61,160
1970-01-01 00:01:27.829,-16.01,20.58,-0.69,20.26,-5.46,1.02,-7.79,2.05,1.02,6.23,10.52,-5.48,30.66,0.34,-0.46,0.65,-0.50,61.29,0.67,158
1970-01-01 00:01:27.861,-16.01,20.58,-0.69,20.26,-5.46,1.02,-7.79,2.05,1.02,6.23,10.52,-5.48,30.66,0.34,-0.46,0.65,-0.50,61.23,0.67,157
1970-01-01 00:01:27.894,-16.01,20.58,-0.69,20.26,-5.46,1.02,-7.79,2.05,1.02,6.23,10.52,-5.48,30.66,0.34,-0.46,0.65,-0.50,61.36,0.61,159
1970-01-01 00:01:27.926,-16.01,20.58,-0.69,20.26,-5.46,1.02,-7.79,2.05,1.02,6.23,10.52,-5.48,30.66,0.34,-0.46,0.65,-0.50,61.29,0.67,154
1970-01-01 00:01:27.958,-16.01,20.58,-0.69,20.26,-5.46,1.02,-7.79,2.05,1.02,6.23,10.52,-5.48,30.66,0.34,-0.46,0.65,-0.50,61.23,0.67,155
1970-01-01 00:01:27.990,-16.01,20.58,-0.69,20.26,-5.46,1.02,-7.79,2.05,1.02,6.23,10.52,-5.48,30.66,0.34,-0.46,0.65,-0.50,61.42,0.67,155
1970-01-01 00:01:28.023,-16.01,20.58,-0.69,20.26,-5.46,1.02,-7.79,2.05,1.02,6.23,10.52,-5.48,30.66,0.34,-0.46,0.65,-0.50,61.29,0.73,156
1970-01-01 00:01:28.055,-16.01,20.58,-0.69,20.26,-5.46,1.02,-7.79,2.05,1.02,6.23,10.52,-5.48,30.66,0.34,-0.46,0.65,-0.50,61.36,0.67,155
1970-01-01 00:01:28.088,-16.01,20.58,-0.69,20.26,-5.46,1.02,-7.79,2.05,1.02,6.23,10.52,-5.48,30.66,0.34,-0.46,0.65,-0.50,61.29,0.61,156
1970-01-01 00:01:28.120,-16.01,20.58,-0.69,20.26,-5.46,1.02,-7.79,2.05,1.02,6.23,10.52,-5.48,30.66,0.34,-0.46,0.65,-0.50,61.23,0.67,157
1970-01-01 00:01:28.152,-16.01,20.58,-0.69,20.26,-5.46,1.02,-7.79,2.05,1.02,6.23,10.52,-5.48,30.66,0.34,-0.46,0.65,-0.50,61.29,0.61,156
1970-01-01 00:01:28.185,-16.01,20.58,-0.69,20.26,-5.46,1.02,-7.79,2.05,1.02,6.23,10.52,-5.48,30.66,0.34,-0.46,0.65,-0.50,61.29,0.67,155
1970-01-01 00:01:28.218,-16.01,20.58,-0.69,20.26,-5.46,1.02,-7.79,2.05,1.02,6.23,10.52,-5.48,30.66,0.34,-0.46,0.65,-0.50,61.29,0.67,157
1970-01-01 00:01:28.251,-16.01,20.58,-0.69,20.26,-5.46,1.02,-7.79,2.05,1.02,6.23,10.52,-5.48,30.66,0.34,-0.46,0.65,-0.50,61.17,0.73,157
1970-01-01 00:01:28.284,-16.01,20.58,-0.69,20.26,-5.46,1.02,-7.79,2.05,1.02,6.23,10.52,-5.48,30.66,0.34,-0.46,0.65,-0.50,61.36,0.67,156
1970-01-01 00:01:28.317,-16.01,20.58,-0.69,20.26,-5.46,1.02,-7.79,2.05,1.02,6.23,10.52,-5.48,30.66,0.34,-0.46,0.65,-0.50,61.29,0.61,156
1970-01-01 00:01:28.350,-16.01,20.58,-0.69,20.26,-5.46,1.02,-7.79,2.05,1.02,6.23,10.52,-5.48,30.66,0.34,-0.46,0.65,-0.50,61.29,0.67,157
1970-01-01 00:01:28.383,-16.01,20.58,-0.69,20.26,-5.46,1.02,-7.79,2.05,1.02,6.23,10.52,-5.48,30.66,0.34,-0.46,0.65,-0.50,61.17,0.73,159
1970-01-01 00:01:28.415,-16.01,20.58,-0.69,20.26,-5.46,1.02,-7.79,2.05,1.02,6.23,10.52,-5.48,30.66,0.34,-0.46,0.65,-0.50,61.42,0.61,152
1970-01-01 00:01:28.448,-16.01,20.58,-0.69,20.26,-5.46,1.02,-7.79,2.05,1.02,6.23,10.52,-5.48,30.66,0.34,-0.46,0.65,-0.50,61.36,0.61,155
1970-01-01 00:01:28.481,-16.01,20.58,-0.69,20.26,-5.46,1.02,-7.79,2.05,1.02,6.23,10.52,-5.48,30.66,0.34,-0.46,0.65,-0.50,61.36,0.67,156
1970-01-01 00:01:28.513,-16.01,20.58,-0.69,20.26,-5.46,1.02,-7.79,2.05,1.02,6.23,10.52,-5.48,30.66,0.34,-0.46,0.65,-0.50,61.29,0.61,154
1970-01-01 00:01:28.546,-16.01,20.58,-0.69,20.26,-5.46,1.02,-7.79,2.05,1.02,6.23,10.52,-5.48,30.66,0.34,-0.46,0.65,-0.50,61.36,0.67,157
1970-01-01 00:01:28.579,-16.01,20.58,-0.69,20.26,-5.46,1.02,-7.79,2.05,1.02,6.23,10.52,-5.48,30.66,0.34,-0.46,0.65,-0.50,61.36,0.61,157
1970-01-01 00:01:28.612,-16.01,20.58,-0.69,20.26,-5.46,1.02,-7.79,2.05,1.02,6.23,10.52,-5.48,30.66,0.34,-0.46,0.65,-0.50,61.36,0.61,159
1970-01-01 00:01:28.644,-16.01,20.58,-0.69,20.26,-5.46,1.02,-7.79,2.05,1.02,6.23,10.52,-5.48,30.66,0.34,-0.46,0.65,-0.50,61.17,0.61,157
1970-01-01 00:01:28.677,-16.01,20.58,-0.69,20.26,-5.46,1.02,-7.79,2.05,1.02,6.23,10.52,-5.48,30.66,0.34,-0.46,0.65,-0.50,61.36,0.67,157
1970-01-01 00:01:28.710,-16.01,20.58,-0.69,20.26,-5.46,1.02,-7.79,2.05,1.02,6.23,10.52,-5.48,30.66,0.34,-0.46,0.65,-0.50,61.42,0.61,156
1970-01-01 00:01:28.743,-16.01,20.58,-0.69,20.26,-5.46,1.02,-7.79,2.05,1.02,6.23,10.52,-5.48,30.66,0.34,-0.46,0.65,-0.50,61.36,0.61,153
1970-01-01 00:01:28.776,-16.01,20.58,-0.69,20.26,-5.46,1.02,-7.79,2.05,1.02,6.23,10.52,-5.48,30.66,0.34,-0.46,0.65,-0.50,61.36,0.67,155
1970-01-01 00:01:28.809,-16.01,20.58,-0.69,20.26,-5.46,1.02,-7.79,2.05,1.02,6.23,10.52,-5.48,30.66,0.34,-0.46,0.65,-0.50,61.23,0.67,154
1970-01-01 00:01:28.841,-16.01,20.58,-0.69,20.26,-5.46,1.02,-7.79,2.05,1.02,6.23,10.52,-5.48,30.66,0.34,-0.46,0.65,-0.50,61.29,0.73,158
1970-01-01 00:01:28.873,-16.01,20.58,-0.69,20.26,-5.46,1.02,-7.79,2.05,1.02,6.23,10.52,-5.48,30.66,0.34,-0.46,0.65,-0.50,61.36,0.61,160
1970-01-01 00:01:28.906,-16.01,20.58,-0.69,20.26,-5.46,1.02,-7.79,2.05,1.02,6.23,10.52,-5.48,30.66,0.34,-0.46,0.65,-0.50,61.36,0.61,154
1970-01-01 00:01:28.938,-16.01,20.58,-0.69,20.26,-5.46,1.02,-7.79,2.05,1.02,6.23,10.52,-5.48,30.66,0.34,-0.46,0.65,-0.50,61.42,0.67,154
1970-01-01 00:01:28.970,-16.01,20.58,-0.69,20.26,-5.46,1.02,-7.79,2.05,1.02,6.23,10.52,-5.48,30.66,0.34,-0.46,0.65,-0.50,61.17,0.73,155
1970-01-01 00:01:29.002,-16.01,20.58,-0.69,20.26,-5.46,1.02,-7.79,2.05,1.02,6.23,10.52,-5.48,30.66,0.34,-0.46,0.65,-0.50,61.17,0.73,157
1970-01-01 00:01:29.035,-16.01,20.58,-0.69,20.26,-5.46,1.02,-7.79,2.05,1.02,6.23,10.52,-5.48,30.66,0.34,-0.46,0.65,-0.50,61.36,0.61,156
1970-01-01 00:01:29.067,-16.01,20.58,-0.69,20.26,-5.46,1.02,-7.79,2.05,1.02,6.23,10.52,-5.48,30.66,0.34,-0.46,0.65,-0.50,61.42,0.61,158
1970-01-01 00:01:29.100,-16.01,20.58,-0.69,20.26,-5.46,1.02,-7.79,2.05,1.02,6.23,10.52,-5.48,30.66,0.34,-0.46,0.65,-0.50,61.42,0.67,158
1970-01-01 00:01:29.132,-16.01,20.58,-0.69,20.26,-5.46,1.02,-7.79,2.05,1.02,6.23,10.52,-5.48,30.66,0.34,-0.46,0.65,-0.50,61.11,0.61,158
1970-01-01 00:01:29.165,-16.01,20.58,-0.69,20.26,-5.46,1.02,-7.79,2.05,1.02,6.23,10.52,-5.48,30.66,0.34,-0.46,0.65,-0.50,61.23,0.67,157
1970-01-01 00:01:29.198,-16.01,20.58,-0.69,20.26,-5.46,1.02,-7.79,2.05,1.02,6.23,10.52,-5.48,30.66,0.34,-0.46,0.65,-0.50,61.29,0.61,157
1970-01-01 00:01:29.231,-16.01,20.58,-0.69,20.26,-5.46,1.02,-7.79,2.05,1.02,6.23,10.52,-5.48,30.66,0.34,-0.46,0.65,-0.50,61.05,0.67,158
1970-01-01 00:01:29.263,-16.01,20.58,-0.69,20.26,-5.46,1.02,-7.79,2.05,1.02,6.23,10.52,-5.48,30.66,0.34,-0.46,0.65,-0.50,61.36,0.61,160
1970-01-01 00:01:29.296,-16.01,20.58,-0.69,20.26,-5.46,1.02,-7.79,2.05,1.02,6.23,10.52,-5.48,30.66,0.34,-0.46,0.65,-0.50,61.23,0.67,158
1970-01-01 00:01:29.329,-16.01,20.58,-0.69,20.26,-5.46,1.02,-7.79,2.05,1.02,6.23,10.52,-5.48,30.66,0.34,-0.46,0.65,-0.50,61.29,0.67,154
1970-01-01 00:01:29.362,-16.01,20.58,-0.69,20.26,-5.46,1.02,-7.79,2.05,1.02,6.23,10.52,-5.48,30.66,0.34,-0.46,0.65,-0.50,61.36,0.67,156
1970-01-01 00:01:29.395,-16.01,20.58,-0.69,20.26,-5.46,1.02,-7.79,2.05,1.02,6.23,10.52,-5.48,30.66,0.34,-0.46,0.65,-0.50,61.29,0.55,158
1970-01-01 00:01:29.428,-16.01,20.58,-0.69,20.26,-5.46,1.02,-7.79,2.05,1.02,6.23,10.52,-5.48,30.66,0.34,-0.46,0.65,-0.50,61.36,0.61,156
1970-01-01 00:01:29.460,-16.01,20.58,-0.69,20.26,-5.46,1.02,-7.79,2.05,1.02,6.23,10.52,-5.48,30.66,0.34,-0.46,0.65,-0.50,61.42,0.67,156
1970-01-01 00:01:29.493,-16.01,20.58,-0.69,20.26,-5.46,1.02,-7.79,2.05,1.02,6.23,10.52,-5.48,30.66,0.34,-0.46,0.65,-0.50,61.42,0.61,159
1970-01-01 00:01:29.526,-16.01,20.58,-0.69,20.26,-5.46,1.02,-7.79,2.05,1.02,6.23,10.52,-5.48,30.66,0.34,-0.46,0.65,-0.50,61.48,0.61,157
1970-01-01 00:01:29.559,-16.01,20.58,-0.69,20.26,-5.46,1.02,-7.79,2.05,1.02,6.23,10.52,-5.48,30.66,0.34,-0.46,0.65,-0.50,61.36,0.61,157
1970-01-01 00:01:29.591,-16.01,20.58,-0.69,20.26,-5.46,1.02,-7.79,2.05,1.02,6.23,10.52,-5.48,30.66,0.34,-0.46,0.65,-0.50,61.36,0.67,156
1970-01-01 00:01:29.624,-16.01,20.58,-0.69,20.26,-5.46,1.02,-7.79,2.05,1.02,6.23,10.52,-5.48,30.66,0.34,-0.46,0.65,-0.50,61.36,0.67,155
1970-01-01 00:01:29.657,-16.01,20.58,-0.69,20.26,-5.46,1.02,-7.79,2.05,1.02,6.23,10.52,-5.48,30.66,0.34,-0.46,0.65,-0.50,61.36,0.61,159
1970-01-01 00:01:29.690,-16.01,20.58,-0.69,20.26,-5.46,1.02,-7.79,2.05,1.02,6.23,10.52,-5.48,30.66,0.34,-0.46,0.65,-0.50,61.29,0.61,155
1970-01-01 00:01:29.723,-16.01,20.58,-0.69,20.26,-5.46,1.02,-7.79,2.05,1.02,6.23,10.52,-5.48,30.66,0.34,-0.46,0.65,-0.50,61.05,0.61,148
1970-01-01 00:01:29.756,-16.01,20.58,-0.69,20.26,-5.46,1.02,-7.79,2.05,1.02,6.23,10.52,-5.48,30.66,0.34,-0.46,0.65,-0.50,61.29,0.67,158
1970-01-01 00:01:29.788,-16.01,20.58,-0.69,20.26,-5.46,1.02,-7.79,2.05,1.02,6.23,10.52,-5.48,30.66,0.34,-0.46,0.65,-0.50,61.23,0.67,158
1970-01-01 00:01:29.821,-16.01,20.58,-0.69,20.26,-5.46,1.02,-7.79,2.05,1.02,6.23,10.52,-5.48,30.66,0.34,-0.46,0.65,-0.50,61.42,0.61,154
1970-01-01 00:01:29.853,-16.01,20.58,-0.69,20.26,-5.46,1.02,-7.79,2.05,1.02,6.23,10.52,-5.48,30.66,0.34,-0.46,0.65,-0.50,61.23,0.67,157
1970-01-01 00:01:29.886,-16.01,20.58,-0.69,20.26,-5.46,1.02,-7.79,2.05,1.02,6.23,10.52,-5.48,30.66,0.34,-0.46,0.65,-0.50,61.17,0.67,155
1970-01-01 00:01:29.918,-16.01,20.58,-0.69,20.26,-5.46,1.02,-7.79,2.05,1.02,6.23,10.52,-5.48,30.66,0.34,-0.46,0.65,-0.50,61.36,0.61,157
1970-01-01 00:01:29.950,-16.01,20.58,-0.69,20.26,-5.46,1.02,-7.79,2.05,1.02,6.23,10.52,-5.48,30.66,0.34,-0.46,0.65,-0.50,61.42,0.61,159
1970-01-01 00:01:29.983,-16.01,20.58,-0.69,20.26,-5.46,1.02,-7.79,2.05,1.02,6.23,10.52,-5.48,30.66,0.34,-0.46,0.65,-0.50,61.11,0.67,153
1970-01-01 00:01:30.015,-16.01,20.58,-0.69,20.26,-5.46,1.02,-7.79,2.05,1.02,6.23,10.52,-5.48,30.66,0.34,-0.46,0.65,-0.50,61.17,0.67,153
1970-01-01 00:01:30.048,-16.01,20.58,-0.69,20.26,-5.46,1.02,-7.79,2.05,1.02,6.23,10.52,-5.48,30.66,0.34,-0.46,0.65,-0.50,61.42,0.61,154
1970-01-01 00:01:30.080,-16.01,20.58,-0.69,20.26,-5.46,1.02,-7.79,2.05,1.02,6.23,10.52,-5.48,30.66,0.34,-0.46,0.65,-0.50,61.36,0.67,159
1970-01-01 00:01:30.113,-16.01,20.58,-0.69,20.26,-5.46,1.02,-7.79,2.05,1.02,6.23,10.52,-5.48,30.66,0.34,-0.46,0.65,-0.50,61.17,0.67,157
1970-01-01 00:01:30.146,-16.01,20.58,-0.69,20.26,-5.46,1.02,-7.79,2.05,1.02,6.23,10.52,-5.48,30.66,0.34,-0.46,0.65,-0.50,61.29,0.61,158
1970-01-01 00:01:30.178,-16.01,20.58,-0.69,20.26,-5.46,1.02,-7.79,2.05,1.02,6.23,10.52,-5.48,30.66,0.34,-0.46,0.65,-0.50,61.29,0.67,157
1970-01-01 00:01:30.211,-16.01,20.58,-0.69,20.26,-5.46,1.02,-7.79,2.05,1.02,6.23,10.52,-5.48,30.66,0.34,-0.46,0.65,-0.50,61.11,0.73,160
1970-01-01 00:01:30.244,-16.01,20.58,-0.69,20.26,-5.46,1.02,-7.79,2.05,1.02,6.23,10.52,-5.48,30.66,0.34,-0.46,0.65,-0.50,61.23,0.61,153
1970-01-01 00:01:30.277,-16.01,20.58,-0.69,20.26,-5.46,1.02,-7.79,2.05,1.02,6.23,10.52,-5.48,30.66,0.34,-0.46,0.65,-0.50,61.29,0.61,156
1970-01-01 00:01:30.310,-16.01,20.58,-0.69,20.26,-5.46,1.02,-7.79,2.05,1.02,6.23,10.52,-5.48,30.66,0.34,-0.46,0.65,-0.50,61.29,0.61,160
1970-01-01 00:01:30.343,-16.01,20.58,-0.69,20.26,-5.46,1.02,-7.79,2.05,1.02,6.23,10.52,-5.48,30.66,0.34,-0.46,0.65,-0.50,61.29,0.67,157
1970-01-01 00:01:30.375,-16.01,20.58,-0.69,20.26,-5.46,1.02,-7.79,2.05,1.02,6.23,10.52,-5.48,30.66,0.34,-0.46,0.65,-0.50,61.23,0.67,153
1970-01-01 00:01:30.408,-16.01,20.58,-0.69,20.26,-5.46,1.02,-7.79,2.05,1.02,6.23,10.52,-5.48,30.66,0.34,-0.46,0.65,-0.50,61.29,0.61,157
1970-01-01 00:01:30.441,-16.01,20.58,-0.69,20.26,-5.46,1.02,-7.79,2.05,1.02,6.23,10.52,-5.48,30.66,0.34,-0.46,0.65,-0.50,61.29,0.61,157
1970-01-01 00:01:30.474,-16.01,20.58,-0.69,20.26,-5.46,1.02,-7.79,2.05,1.02,6.23,10.52,-5.48,30.66,0.34,-0.46,0.65,-0.50,61.23,0.67,161
1970-01-01 00:01:30.506,-16.01,20.58,-0.69,20.26,-5.46,1.02,-7.79,2.05,1.02,6.23,10.52,-5.48,30.66,0.34,-0.46,0.65,-0.50,61.23,0.67,157
1970-01-01 00:01:30.539,-16.01,20.58,-0.69,20.26,-5.46,1.02,-7.79,2.05,1.02,6.23,10.52,-5.48,30.66,0.34,-0.46,0.65,-0.50,61.29,0.61,158
1970-01-01 00:01:30.572,-16.01,20.58,-0.69,20.26,-5.46,1.02,-7.79,2.05,1.02,6.23,10.52,-5.48,30.66,0.34,-0.46,0.65,-0.50,61.42,0.61,156
1970-01-01 00:01:30.605,-16.01,20.58,-0.69,20.26,-5.46,1.02,-7.79,2.05,1.02,6.23,10.52,-5.48,30.66,0.34,-0.46,0.65,-0.50,61.23,0.73,162
1970-01-01 00:01:30.637,-16.01,20.58,-0.69,20.26,-5.46,1.02,-7.79,2.05,1.02,6.23,10.52,-5.48,30.66,0.34,-0.46,0.65,-0.50,61.36,0.67,157
1970-01-01 00:01:30.670,-16.01,20.58,-0.69,20.26,-5.46,1.02,-7.79,2.05,1.02,6.23,10.52,-5.48,30.66,0.34,-0.46,0.65,-0.50,61.23,0.67,156
1970-01-01 00:01:30.703,-16.01,20.58,-0.69,20.26,-5.46,1.02,-7.79,2.05,1.02,6.23,10.52,-5.48,30.66,0.34,-0.46,0.65,-0.50,61.23,0.61,157
1970-01-01 00:01:30.736,-16.01,20.58,-0.69,20.26,-5.46,1.02,-7.79,2.05,1.02,6.23,10.52,-5.48,30.66,0.34,-0.46,0.65,-0.50,61.23,0.61,157
1970-01-01 00:01:30.768,-16.01,20.58,-0.69,20.26,-5.46,1.02,-7.79,2.05,1.02,6.23,10.52,-5.48,30.66,0.34,-0.46,0.65,-0.50,61.42,0.61,157
1970-01-01 00:01:30.801,-16.01,20.58,-0.69,20.26,-5.46,1.02,-7.79,2.05,1.02,6.23,10.52,-5.48,30.66,0.34,-0.46,0.65,-0.50,61.23,0.67,160
1970-01-01 00:01:30.833,-16.01,20.58,-0.69,20.26,-5.46,1.02,-7.79,2.05,1.02,6.23,10.52,-5.48,30.66,0.34,-0.46,0.65,-0.50,61.17,0.67,157
1970-01-01 00:01:30.866,-16.01,20.58,-0.69,20.26,-5.46,1.02,-7.79,2.05,1.02,6.23,10.52,-5.48,30.66,0.34,-0.46,0.65,-0.50,61.36,0.61,158
1970-01-01 00:01:30.898,-16.01,20.58,-0.69,20.26,-5.46,1.02,-7.79,2.05,1.02,6.23,10.52,-5.48,30.66,0.34,-0.46,0.65,-0.50,61.29,0.73,157
1970-01-01 00:01:30.930,-16.01,20.58,-0.69,20.26,-5.46,1.02,-7.79,2.05,1.02,6.23,10.52,-5.48,30.66,0.34,-0.46,0.65,-0.50,61.29,0.67,155
1970-01-01 00:01:30.963,-16.01,20.58,-0.69,20.26,-5.46,1.02,-7.79,2.05,1.02,6.23,10.52,-5.48,30.66,0.34,-0.46,0.65,-0.50,61.23,0.61,156
1970-01-01 00:01:30.995,-16.01,20.58,-0.69,20.26,-5.46,1.02,-7.79,2.05,1.02,6.23,10.52,-5.48,30.66,0.34,-0.46,0.65,-0.50,61.36,0.67,156
1970-01-01 00:01:31.028,-16.01,20.58,-0.69,20.26,-5.46,1.02,-7.79,2.05,1.02,6.23,10.52,-5.48,30.66,0.34,-0.46,0.65,-0.50,61.36,0.61,156
1970-01-01 00:01:31.060,-16.01,20.58,-0.69,20.26,-5.46,1.02,-7.79,2.05,1.02,6.23,10.52,-5.48,30.66,0.34,-0.46,0.65,-0.50,61.29,0.67,156
1970-01-01 00:01:31.093,-16.01,20.58,-0.69,20.26,-5.46,1.02,-7.79,2.05,1.02,6.23,10.52,-5.48,30.66,0.34,-0.46,0.65,-0.50,61.36,0.67,157
1970-01-01 00:01:31.125,-16.01,20.58,-0.69,20.26,-5.46,1.02,-7.79,2.05,1.02,6.23,10.52,-5.48,30.66,0.34,-0.46,0.65,-0.50,61.36,0.67,157
1970-01-01 00:01:31.158,-16.01,20.58,-0.69,20.26,-5.46,1.02,-7.79,2.05,1.02,6.23,10.52,-5.48,30.66,0.34,-0.46,0.65,-0.50,61.23,0.73,156
1970-01-01 00:01:31.193,-16.01,20.58,-0.69,20.26,-5.46,1.02,-7.79,2.05,1.02,6.23,10.52,-5.48,30.66,0.34,-0.46,0.65,-0.50,61.42,0.61,162
1970-01-01 00:01:31.226,-16.01,20.58,-0.69,20.26,-5.46,1.02,-7.79,2.05,1.02,6.23,10.52,-5.48,30.66,0.34,-0.46,0.65,-0.50,61.17,0.67,158
1970-01-01 00:01:31.258,-16.01,20.58,-0.69,20.26,-5.46,1.02,-7.79,2.05,1.02,6.23,10.52,-5.48,30.66,0.34,-0.46,0.65,-0.50,61.29,0.73,162
1970-01-01 00:01:31.291,-16.01,20.58,-0.69,20.26,-5.46,1.02,-7.79,2.05,1.02,6.23,10.52,-5.48,30.66,0.34,-0.46,0.65,-0.50,61.29,0.61,153
1970-01-01 00:01:31.324,-16.01,20.58,-0.69,20.26,-5.46,1.02,-7.79,2.05,1.02,6.23,10.52,-5.48,30.66,0.34,-0.46,0.65,-0.50,61.23,0.67,154
1970-01-01 00:01:31.357,-16.01,20.58,-0.69,20.26,-5.46,1.02,-7.79,2.05,1.02,6.23,10.52,-5.48,30.66,0.34,-0.46,0.65,-0.50,61.36,0.67,157
1970-01-01 00:01:31.390,-16.01,20.58,-0.69,20.26,-5.46,1.02,-7.79,2.05,1.02,6.23,10.52,-5.48,30.66,0.34,-0.46,0.65,-0.50,61.29,0.61,157
1970-01-01 00:01:31.423,-16.01,20.58,-0.69,20.26,-5.46,1.02,-7.79,2.05,1.02,6.23,10.52,-5.48,30.66,0.34,-0.46,0.65,-0.50,61.17,0.67,157
1970-01-01 00:01:31.456,-16.01,20.58,-0.69,20.26,-5.46,1.02,-7.79,2.05,1.02,6.23,10.52,-5.48,30.66,0.34,-0.46,0.65,-0.50,61.17,0.73,156
1970-01-01 00:01:31.489,-16.01,20.58,-0.69,20.26,-5.46,1.02,-7.79,2.05,1.02,6.23,10.52,-5.48,30.66,0.34,-0.46,0.65,-0.50,61.23,0.67,161
1970-01-01 00:01:31.521,-16.01,20.58,-0.69,20.26,-5.46,1.02,-7.79,2.05,1.02,6.23,10.52,-5.48,30.66,0.34,-0.46,0.65,-0.50,61.29,0.67,159
1970-01-01 00:01:31.554,-16.01,20.58,-0.69,20.26,-5.46,1.02,-7.79,2.05,1.02,6.23,10.52,-5.48,30.66,0.34,-0.46,0.65,-0.50,61.42,0.67,156
1970-01-01 00:01:31.587,-16.01,20.58,-0.69,20.26,-5.46,1.02,-7.79,2.05,1.02,6.23,10.52,-5.48,30.66,0.34,-0.46,0.65,-0.50,61.36,0.73,156
1970-01-01 00:01:31.619,-16.01,20.58,-0.69,20.26,-5.46,1.02,-7.79,2.05,1.02,6.23,10.52,-5.48,30.66,0.34,-0.46,0.65,-0.50,61.29,0.61,154
1970-01-01 00:01:31.652,-16.01,20.58,-0.69,20.26,-5.46,1.02,-7.79,2.05,1.02,6.23,10.52,-5.48,30.66,0.34,-0.46,0.65,-0.50,61.36,0.61,158
1970-01-01 00:01:31.685,-16.01,20.58,-0.69,20.26,-5.46,1.02,-7.79,2.05,1.02,6.23,10.52,-5.48,30.66,0.34,-0.46,0.65,-0.50,61.29,0.61,157
1970-01-01 00:01:31.718,-16.01,20.58,-0.69,20.26,-5.46,1.02,-7.79,2.05,1.02,6.23,10.52,-5.48,30.66,0.34,-0.46,0.65,-0.50,61.36,0.67,174
1970-01-01 00:01:31.751,-16.01,20.58,-0.69,20.26,-5.46,1.02,-7.79,2.05,1.02,6.23,10.52,-5.48,30.66,0.34,-0.46,0.65,-0.50,61.17,0.73,157
1970-01-01 00:01:31.784,-16.01,20.58,-0.69,20.26,-5.46,1.02,-7.79,2.05,1.02,6.23,10.52,-5.48,30.66,0.34,-0.46,0.65,-0.50,61.36,0.67,158
1970-01-01 00:01:31.816,-16.01,20.58,-0.69,20.26,-5.46,1.02,-7.79,2.05,1.02,6.23,10.52,-5.48,30.66,0.34,-0.46,0.65,-0.50,61.36,0.55,157
1970-01-01 00:01:31.848,-16.01,20.58,-0.69,20.26,-5.46,1.02,-7.79,2.05,1.02,6.23,10.52,-5.48,30.66,0.34,-0.46,0.65,-0.50,61.29,0.61,155
1970-01-01 00:01:31.880,-16.01,20.58,-0.69,20.26,-5.46,1.02,-7.79,2.05,1.02,6.23,10.52,-5.48,30.66,0.34,-0.46,0.65,-0.50,61.36,0.67,156
1970-01-01 00:01:31.913,-16.01,20.58,-0.69,20.26,-5.46,1.02,-7.79,2.05,1.02,6.23,10.52,-5.48,30.66,0.34,-0.46,0.65,-0.50,61.36,0.61,157
1970-01-01 00:01:31.945,-16.01,20.58,-0.69,20.26,-5.46,1.02,-7.79,2.05,1.02,6.23,10.52,-5.48,30.66,0.34,-0.46,0.65,-0.50,61.29,0.67,159
1970-01-01 00:01:31.978,-16.01,20.58,-0.69,20.26,-5.46,1.02,-7.79,2.05,1.02,6.23,10.52,-5.48,30.66,0.34,-0.46,0.65,-0.50,61.23,0.67,156
1970-01-01 00:01:32.010,-16.01,20.58,-0.69,20.26,-5.46,1.02,-7.79,2.05,1.02,6.23,10.52,-5.48,30.66,0.34,-0.46,0.65,-0.50,61.42,0.67,164
1970-01-01 00:01:32.043,-16.01,20.58,-0.69,20.26,-5.46,1.02,-7.79,2.05,1.02,6.23,10.52,-5.48,30.66,0.34,-0.46,0.65,-0.50,61.17,0.73,157
1970-01-01 00:01:32.075,-16.01,20.58,-0.69,20.26,-5.46,1.02,-7.79,2.05,1.02,6.23,10.52,-5.48,30.66,0.34,-0.46,0.65,-0.50,61.48,0.73,152
1970-01-01 00:01:32.108,-16.01,20.58,-0.69,20.26,-5.46,1.02,-7.79,2.05,1.02,6.23,10.52,-5.48,30.66,0.34,-0.46,0.65,-0.50,61.29,0.61,159
1970-01-01 00:01:32.141,-16.01,20.58,-0.69,20.26,-5.46,1.02,-7.79,2.05,1.02,6.23,10.52,-5.48,30.66,0.34,-0.46,0.65,-0.50,61.42,0.73,157
1970-01-01 00:01:32.174,-16.01,20.58,-0.69,20.26,-5.46,1.02,-7.79,2.05,1.02,6.23,10.52,-5.48,30.66,0.34,-0.46,0.65,-0.50,61.42,0.61,155
1970-01-01 00:01:32.207,-16.01,20.58,-0.69,20.26,-5.46,1.02,-7.79,2.05,1.02,6.23,10.52,-5.48,30.66,0.34,-0.46,0.65,-0.50,61.29,0.73,163
1970-01-01 00:01:32.239,-16.01,20.58,-0.69,20.26,-5.46,1.02,-7.79,2.05,1.02,6.23,10.52,-5.48,30.66,0.34,-0.46,0.65,-0.50,61.42,0.73,157
1970-01-01 00:01:32.272,-16.01,20.58,-0.69,20.26,-5.46,1.02,-7.79,2.05,1.02,6.23,10.52,-5.48,30.66,0.34,-0.46,0.65,-0.50,61.36,0.67,154
1970-01-01 00:01:32.305,-16.01,20.58,-0.69,20.26,-5.46,1.02,-7.79,2.05,1.02,6.23,10.52,-5.48,30.66,0.34,-0.46,0.65,-0.50,61.29,0.73,156
1970-01-01 00:01:32.338,-16.01,20.58,-0.69,20.26,-5.46,1.02,-7.79,2.05,1.02,6.23,10.52,-5.48,30.66,0.34,-0.46,0.65,-0.50,61.29,0.61,150
1970-01-01 00:01:32.371,-16.01,20.58,-0.69,20.26,-5.46,1.02,-7.79,2.05,1.02,6.23,10.52,-5.48,30.66,0.34,-0.46,0.65,-0.50,61.36,0.61,155
1970-01-01 00:01:32.404,-16.01,20.58,-0.69,20.26,-5.46,1.02,-7.79,2.05,1.02,6.23,10.52,-5.48,30.66,0.34,-0.46,0.65,-0.50,61.23,0.67,158
1970-01-01 00:01:32.437,-16.01,20.58,-0.69,20.26,-5.46,1.02,-7.79,2.05,1.02,6.23,10.52,-5.48,30.66,0.34,-0.46,0.65,-0.50,61.23,0.67,152
1970-01-01 00:01:32.469,-16.01,20.58,-0.69,20.26,-5.46,1.02,-7.79,2.05,1.02,6.23,10.52,-5.48,30.66,0.34,-0.46,0.65,-0.50,61.17,0.73,155
1970-01-01 00:01:32.502,-16.01,20.58,-0.69,20.26,-5.46,1.02,-7.79,2.05,1.02,6.23,10.52,-5.48,30.66,0.34,-0.46,0.65,-0.50,61.11,0.67,154
1970-01-01 00:01:32.535,-16.01,20.58,-0.69,20.26,-5.46,1.02,-7.79,2.05,1.02,6.23,10.52,-5.48,30.66,0.34,-0.46,0.65,-0.50,61.42,0.61,152
1970-01-01 00:01:32.568,-16.01,20.58,-0.69,20.26,-5.46,1.02,-7.79,2.05,1.02,6.23,10.52,-5.48,30.66,0.34,-0.46,0.65,-0.50,61.48,0.61,152
1970-01-01 00:01:32.601,-16.01,20.58,-0.69,20.26,-5.46,1.02,-7.79,2.05,1.02,6.23,10.52,-5.48,30.66,0.34,-0.46,0.65,-0.50,61.36,0.61,155
1970-01-01 00:01:32.633,-16.01,20.58,-0.69,20.26,-5.46,1.02,-7.79,2.05,1.02,6.23,10.52,-5.48,30.66,0.34,-0.46,0.65,-0.50,61.42,0.67,155
1970-01-01 00:01:32.666,-16.01,20.58,-0.69,20.26,-5.46,1.02,-7.79,2.05,1.02,6.23,10.52,-5.48,30.66,0.34,-0.46,0.65,-0.50,61.36,0.61,160
1970-01-01 00:01:32.699,-16.01,20.58,-0.69,20.26,-5.46,1.02,-7.79,2.05,1.02,6.23,10.52,-5.48,30.66,0.34,-0.46,0.65,-0.50,61.17,0.67,156
1970-01-01 00:01:32.732,-16.01,20.58,-0.69,20.26,-5.46,1.02,-7.79,2.05,1.02,6.23,10.52,-5.48,30.66,0.34,-0.46,0.65,-0.50,61.36,0.67,157
1970-01-01 00:01:32.765,-16.01,20.58,-0.69,20.26,-5.46,1.02,-7.79,2.05,1.02,6.23,10.52,-5.48,30.66,0.34,-0.46,0.65,-0.50,61.36,0.61,155
1970-01-01 00:01:32.797,-16.01,20.58,-0.69,20.26,-5.46,1.02,-7.79,2.05,1.02,6.23,10.52,-5.48,30.66,0.34,-0.46,0.65,-0.50,61.29,0.61,154
1970-01-01 00:01:32.829,-16.01,20.58,-0.69,20.26,-5.46,1.02,-7.79,2.05,1.02,6.23,10.52,-5.48,30.66,0.34,-0.46,0.65,-0.50,61.23,0.73,156
1970-01-01 00:01:32.861,-16.01,20.58,-0.69,20.26,-5.46,1.02,-7.79,2.05,1.02,6.23,10.52,-5.48,30.66,0.34,-0.46,0.65,-0.50,61.36,0.73,155
1970-01-01 00:01:32.893,-16.01,20.58,-0.69,20.26,-5.46,1.02,-7.79,2.05,1.02,6.23,10.52,-5.48,30.66,0.34,-0.46,0.65,-0.50,61.29,0.61,156
1970-01-01 00:01:32.925,-16.01,20.58,-0.69,20.26,-5.46,1.02,-7.79,2.05,1.02,6.23,10.52,-5.48,30.66,0.34,-0.46,0.65,-0.50,61.29,0.67,155
1970-01-01 00:01:32.958,-16.01,20.58,-0.69,20.26,-5.46,1.02,-7.79,2.05,1.02,6.23,10.52,-5.48,30.66,0.34,-0.46,0.65,-0.50,61.29,0.73,156
1970-01-01 00:01:32.990,-16.01,20.58,-0.69,20.26,-5.46,1.02,-7.79,2.05,1.02,6.23,10.52,-5.48,30.66,0.34,-0.46,0.65,-0.50,61.29,0.67,158
1970-01-01 00:01:33.023,-16.01,20.58,-0.69,20.26,-5.46,1.02,-7.79,2.05,1.02,6.23,10.52,-5.48,30.66,0.34,-0.46,0.65,-0.50,61.23,0.73,157
1970-01-01 00:01:33.056,-16.01,20.58,-0.69,20.26,-5.46,1.02,-7.79,2.05,1.02,6.23,10.52,-5.48,30.66,0.34,-0.46,0.65,-0.50,61.36,0.67,156
1970-01-01 00:01:33.088,-16.01,20.58,-0.69,20.26,-5.46,1.02,-7.79,2.05,1.02,6.23,10.52,-5.48,30.66,0.34,-0.46,0.65,-0.50,61.42,0.61,150
1970-01-01 00:01:33.121,-16.01,20.58,-0.69,20.26,-5.46,1.02,-7.79,2.05,1.02,6.23,10.52,-5.48,30.66,0.34,-0.46,0.65,-0.50,61.42,0.67,157
1970-01-01 00:01:33.154,-16.01,20.58,-0.69,20.26,-5.46,1.02,-7.79,2.05,1.02,6.23,10.52,-5.48,30.66,0.34,-0.46,0.65,-0.50,61.36,0.61,151
1970-01-01 00:01:33.186,-16.01,20.58,-0.69,20.26,-5.46,1.02,-7.79,2.05,1.02,6.23,10.52,-5.48,30.66,0.34,-0.46,0.65,-0.50,61.42,0.67,159
1970-01-01 00:01:33.219,-16.01,20.58,-0.69,20.26,-5.46,1.02,-7.79,2.05,1.02,6.23,10.52,-5.48,30.66,0.34,-0.46,0.65,-0.50,61.36,0.67,154
1970-01-01 00:01:33.252,-16.01,20.58,-0.69,20.26,-5.46,1.02,-7.79,2.05,1.02,6.23,10.52,-5.48,30.66,0.34,-0.46,0.65,-0.50,61.29,0.67,154
1970-01-01 00:01:33.285,-16.01,20.58,-0.69,20.26,-5.46,1.02,-7.79,2.05,1.02,6.23,10.52,-5.48,30.66,0.34,-0.46,0.65,-0.50,61.29,0.61,157
1970-01-01 00:01:33.318,-16.01,20.58,-0.69,20.26,-5.46,1.02,-7.79,2.05,1.02,6.23,10.52,-5.48,30.66,0.34,-0.46,0.65,-0.50,61.17,0.67,157
1970-01-01 00:01:33.351,-16.01,20.58,-0.69,20.26,-5.46,1.02,-7.79,2.05,1.02,6.23,10.52,-5.48,30.66,0.34,-0.46,0.65,-0.50,61.17,0.67,153
1970-01-01 00:01:33.384,-16.01,20.58,-0.69,20.26,-5.46,1.02,-7.79,2.05,1.02,6.23,10.52,-5.48,30.66,0.34,-0.46,0.65,-0.50,61.36,0.67,166
1970-01-01 00:01:33.416,-16.01,20.58,-0.69,20.26,-5.46,1.02,-7.79,2.05,1.02,6.23,10.52,-5.48,30.66,0.34,-0.46,0.65,-0.50,61.36,0.67,156
1970-01-01 00:01:33.449,-16.01,20.58,-0.69,20.26,-5.46,1.02,-7.79,2.05,1.02,6.23,10.52,-5.48,30.66,0.34,-0.46,0.65,-0.50,61.17,0.67,158
1970-01-01 00:01:33.482,-16.01,20.58,-0.69,20.26,-5.46,1.02,-7.79,2.05,1.02,6.23,10.52,-5.48,30.66,0.34,-0.46,0.65,-0.50,61.23,0.73,159
1970-01-01 00:01:33.515,-16.01,20.58,-0.69,20.26,-5.46,1.02,-7.79,2.05,1.02,6.23,10.52,-5.48,30.66,0.34,-0.46,0.65,-0.50,61.23,0.73,156
1970-01-01 00:01:33.549,-16.01,20.58,-0.69,20.26,-5.46,1.02,-7.79,2.05,1.02,6.23,10.52,-5.48,30.66,0.34,-0.46,0.65,-0.50,61.48,0.67,152
1970-01-01 00:01:33.581,-16.01,20.58,-0.69,20.26,-5.46,1.02,-7.79,2.05,1.02,6.23,10.52,-5.48,30.66,0.34,-0.46,0.65,-0.50,61.29,0.55,160
1970-01-01 00:01:33.614,-16.01,20.58,-0.69,20.26,-5.46,1.02,-7.79,2.05,1.02,6.23,10.52,-5.48,30.66,0.34,-0.46,0.65,-0.50,61.23,0.67,156
1970-01-01 00:01:33.647,-16.01,20.58,-0.69,20.26,-5.46,1.02,-7.79,2.05,1.02,6.23,10.52,-5.48,30.66,0.34,-0.46,0.65,-0.50,61.29,0.67,155
1970-01-01 00:01:33.679,-16.01,20.58,-0.69,20.26,-5.46,1.02,-7.79,2.05,1.02,6.23,10.52,-5.48,30.66,0.34,-0.46,0.65,-0.50,61.23,0.61,156
1970-01-01 00:01:33.712,-16.01,20.58,-0.69,20.26,-5.46,1.02,-7.79,2.05,1.02,6.23,10.52,-5.48,30.66,0.34,-0.46,0.65,-0.50,61.29,0.67,157
1970-01-01 00:01:33.745,-16.01,20.58,-0.69,20.26,-5.46,1.02,-7.79,2.05,1.02,6.23,10.52,-5.48,30.66,0.34,-0.46,0.65,-0.50,61.17,0.61,156
1970-01-01 00:01:33.777,-16.01,20.58,-0.69,20.26,-5.46,1.02,-7.79,2.05,1.02,6.23,10.52,-5.48,30.66,0.34,-0.46,0.65,-0.50,61.36,0.67,156
1970-01-01 00:01:33.809,-16.01,20.58,-0.69,20.26,-5.46,1.02,-7.79,2.05,1.02,6.23,10.52,-5.48,30.66,0.34,-0.46,0.65,-0.50,61.29,0.61,154
1970-01-01 00:01:33.841,-16.01,20.58,-0.69,20.26,-5.46,1.02,-7.79,2.05,1.02,6.23,10.52,-5.48,30.66,0.34,-0.46,0.65,-0.50,61.36,0.61,156
1970-01-01 00:01:33.874,-16.01,20.58,-0.69,20.26,-5.46,1.02,-7.79,2.05,1.02,6.23,10.52,-5.48,30.66,0.34,-0.46,0.65,-0.50,61.42,0.61,154
1970-01-01 00:01:33.907,-16.01,20.58,-0.69,20.26,-5.46,1.02,-7.79,2.05,1.02,6.23,10.52,-5.48,30.66,0.34,-0.46,0.65,-0.50,61.23,0.67,158
1970-01-01 00:01:33.939,-16.01,20.58,-0.69,20.26,-5.46,1.02,-7.79,2.05,1.02,6.23,10.52,-5.48,30.66,0.34,-0.46,0.65,-0.50,61.17,0.61,152
1970-01-01 00:01:33.971,-16.01,20.58,-0.69,20.26,-5.46,1.02,-7.79,2.05,1.02,6.23,10.52,-5.48,30.66,0.34,-0.46,0.65,-0.50,61.36,0.67,158
1970-01-01 00:01:34.004,-16.01,20.58,-0.69,20.26,-5.46,1.02,-7.79,2.05,1.02,6.23,10.52,-5.48,30.66,0.34,-0.46,0.65,-0.50,61.23,0.55,142
1970-01-01 00:01:34.037,-16.01,20.58,-0.69,20.26,-5.46,1.02,-7.79,2.05,1.02,6.23,10.52,-5.48,30.66,0.34,-0.46,0.65,-0.50,61.23,0.67,160
1970-01-01 00:01:34.070,-16.01,20.58,-0.69,20.26,-5.46,1.02,-7.79,2.05,1.02,6.23,10.52,-5.48,30.66,0.34,-0.46,0.65,-0.50,61.17,0.67,157
1970-01-01 00:01:34.102,-16.01,20.58,-0.69,20.26,-5.46,1.02,-7.79,2.05,1.02,6.23,10.52,-5.48,30.66,0.34,-0.46,0.65,-0.50,61.36,0.61,153
1970-01-01 00:01:34.135,-16.01,20.58,-0.69,20.26,-5.46,1.02,-7.79,2.05,1.02,6.23,10.52,-5.48,30.66,0.34,-0.46,0.65,-0.50,61.36,0.61,157
1970-01-01 00:01:34.168,-16.01,20.58,-0.69,20.26,-5.46,1.02,-7.79,2.05,1.02,6.23,10.52,-5.48,30.66,0.34,-0.46,0.65,-0.50,61.29,0.67,150
1970-01-01 00:01:34.201,-16.01,20.58,-0.69,20.26,-5.46,1.02,-7.79,2.05,1.02,6.23,10.52,-5.48,30.66,0.34,-0.46,0.65,-0.50,61.17,0.67,154
1970-01-01 00:01:34.233,-16.01,20.58,-0.69,20.26,-5.46,1.02,-7.79,2.05,1.02,6.23,10.52,-5.48,30.66,0.34,-0.46,0.65,-0.50,61.29,0.61,157
1970-01-01 00:01:34.266,-16.01,20.58,-0.69,20.26,-5.46,1.02,-7.79,2.05,1.02,6.23,10.52,-5.48,30.66,0.34,-0.46,0.65,-0.50,61.17,0.67,156
1970-01-01 00:01:34.299,-16.01,20.58,-0.69,20.26,-5.46,1.02,-7.79,2.05,1.02,6.23,10.52,-5.48,30.66,0.34,-0.46,0.65,-0.50,61.36,0.61,154
1970-01-01 00:01:34.332,-16.01,20.58,-0.69,20.26,-5.46,1.02,-7.79,2.05,1.02,6.23,10.52,-5.48,30.66,0.34,-0.46,0.65,-0.50,61.23,0.67,157
1970-01-01 00:01:34.365,-16.01,20.58,-0.69,20.26,-5.46,1.02,-7.79,2.05,1.02,6.23,10.52,-5.48,30.66,0.34,-0.46,0.65,-0.50,61.36,0.73,158
1970-01-01 00:01:34.398,-16.01,20.58,-0.69,20.26,-5.46,1.02,-7.79,2.05,1.02,6.23,10.52,-5.48,30.66,0.34,-0.46,0.65,-0.50,61.17,0.67,155
1970-01-01 00:01:34.431,-16.01,20.58,-0.69,20.26,-5.46,1.02,-7.79,2.05,1.02,6.23,10.52,-5.48,30.66,0.34,-0.46,0.65,-0.50,61.36,0.67,157
1970-01-01 00:01:34.463,-16.01,20.58,-0.69,20.26,-5.46,1.02,-7.79,2.05,1.02,6.23,10.52,-5.48,30.66,0.34,-0.46,0.65,-0.50,61.29,0.61,159
1970-01-01 00:01:34.496,-16.01,20.58,-0.69,20.26,-5.46,1.02,-7.79,2.05,1.02,6.23,10.52,-5.48,30.66,0.34,-0.46,0.65,-0.50,61.17,0.73,158
1970-01-01 00:01:34.529,-16.01,20.58,-0.69,20.26,-5.46,1.02,-7.79,2.05,1.02,6.23,10.52,-5.48,30.66,0.34,-0.46,0.65,-0.50,61.23,0.73,144
1970-01-01 00:01:34.562,-16.01,20.58,-0.69,20.26,-5.46,1.02,-7.79,2.05,1.02,6.23,10.52,-5.48,30.66,0.34,-0.46,0.65,-0.50,61.36,0.61,155
1970-01-01 00:01:34.595,-16.01,20.58,-0.69,20.26,-5.46,1.02,-7.79,2.05,1.02,6.23,10.52,-5.48,30.66,0.34,-0.46,0.65,-0.50,61.42,0.67,156
1970-01-01 00:01:34.627,-16.01,20.58,-0.69,20.26,-5.46,1.02,-7.79,2.05,1.02,6.23,10.52,-5.48,30.66,0.34,-0.46,0.65,-0.50,61.36,0.61,156
1970-01-01 00:01:34.660,-16.01,20.58,-0.69,20.26,-5.46,1.02,-7.79,2.05,1.02,6.23,10.52,-5.48,30.66,0.34,-0.46,0.65,-0.50,61.42,0.67,159
1970-01-01 00:01:34.693,-16.01,20.58,-0.69,20.26,-5.46,1.02,-7.79,2.05,1.02,6.23,10.52,-5.48,30.66,0.34,-0.46,0.65,-0.50,61.29,0.73,157
1970-01-01 00:01:34.726,-16.01,20.58,-0.69,20.26,-5.46,1.02,-7.79,2.05,1.02,6.23,10.52,-5.48,30.66,0.34,-0.46,0.65,-0.50,61.48,0.61,157
1970-01-01 00:01:34.758,-16.01,20.58,-0.69,20.26,-5.46,1.02,-7.79,2.05,1.02,6.23,10.52,-5.48,30.66,0.34,-0.46,0.65,-0.50,61.29,0.61,161
1970-01-01 00:01:34.790,-16.01,20.58,-0.69,20.26,-5.46,1.02,-7.79,2.05,1.02,6.23,10.52,-5.48,30.66,0.34,-0.46,0.65,-0.50,61.11,0.61,154
1970-01-01 00:01:34.822,-16.01,20.58,-0.69,20.26,-5.46,1.02,-7.79,2.05,1.02,6.23,10.52,-5.48,30.66,0.34,-0.46,0.65,-0.50,61.23,0.67,157
1970-01-01 00:01:34.855,-16.01,20.58,-0.69,20.26,-5.46,1.02,-7.79,2.05,1.02,6.23,10.52,-5.48,30.66,0.34,-0.46,0.65,-0.50,61.36,0.67,155
1970-01-01 00:01:34.887,-16.01,20.58,-0.69,20.26,-5.46,1.02,-7.79,2.05,1.02,6.23,10.52,-5.48,30.66,0.34,-0.46,0.65,-0.50,61.42,0.67,157
1970-01-01 00:01:34.920,-16.01,20.58,-0.69,20.26,-5.46,1.02,-7.79,2.05,1.02,6.23,10.52,-5.48,30.66,0.34,-0.46,0.65,-0.50,61.23,0.67,158
1970-01-01 00:01:34.952,-16.01,20.58,-0.69,20.26,-5.46,1.02,-7.79,2.05,1.02,6.23,10.52,-5.48,30.66,0.34,-0.46,0.65,-0.50,61.23,0.67,155
1970-01-01 00:01:34.985,-16.01,20.58,-0.69,20.26,-5.46,1.02,-7.79,2.05,1.02,6.23,10.52,-5.48,30.66,0.34,-0.46,0.65,-0.50,61.29,0.55,157
1970-01-01 00:01:35.017,-16.01,20.58,-0.69,20.26,-5.46,1.02,-7.79,2.05,1.02,6.23,10.52,-5.48,30.66,0.34,-0.46,0.65,-0.50,61.29,0.61,162
1970-01-01 00:01:35.050,-16.01,20.58,-0.69,20.26,-5.46,1.02,-7.79,2.05,1.02,6.23,10.52,-5.48,30.66,0.34,-0.46,0.65,-0.50,61.17,0.67,153
1970-01-01 00:01:35.083,-16.01,20.58,-0.69,20.26,-5.46,1.02,-7.79,2.05,1.02,6.23,10.52,-5.48,30.66,0.34,-0.46,0.65,-0.50,61.29,0.61,158
1970-01-01 00:01:35.116,-16.01,20.58,-0.69,20.26,-5.46,1.02,-7.79,2.05,1.02,6.23,10.52,-5.48,30.66,0.34,-0.46,0.65,-0.50,61.11,0.73,157
1970-01-01 00:01:35.149,-16.01,20.58,-0.69,20.26,-5.46,1.02,-7.79,2.05,1.02,6.23,10.52,-5.48,30.66,0.34,-0.46,0.65,-0.50,61.23,0.67,157
1970-01-01 00:01:35.182,-16.01,20.58,-0.69,20.26,-5.46,1.02,-7.79,2.05,1.02,6.23,10.52,-5.48,30.66,0.34,-0.46,0.65,-0.50,61.29,0.67,159
1970-01-01 00:01:35.214,-16.01,20.58,-0.69,20.26,-5.46,1.02,-7.79,2.05,1.02,6.23,10.52,-5.48,30.66,0.34,-0.46,0.65,-0.50,61.29,0.61,153
1970-01-01 00:01:35.247,-16.01,20.58,-0.69,20.26,-5.46,1.02,-7.79,2.05,1.02,6.23,10.52,-5.48,30.66,0.34,-0.46,0.65,-0.50,61.29,0.61,160
1970-01-01 00:01:35.283,-16.01,20.58,-0.69,20.26,-5.46,1.02,-7.79,2.05,1.02,6.23,10.52,-5.48,30.66,0.34,-0.46,0.65,-0.50,61.29,0.61,170
1970-01-01 00:01:35.315,-16.01,20.58,-0.69,20.26,-5.46,1.02,-7.79,2.05,1.02,6.23,10.52,-5.48,30.66,0.34,-0.46,0.65,-0.50,61.42,0.67,157
1970-01-01 00:01:35.348,-16.01,20.58,-0.69,20.26,-5.46,1.02,-7.79,2.05,1.02,6.23,10.52,-5.48,30.66,0.34,-0.46,0.65,-0.50,61.48,0.61,156
1970-01-01 00:01:35.381,-16.01,20.58,-0.69,20.26,-5.46,1.02,-7.79,2.05,1.02,6.23,10.52,-5.48,30.66,0.34,-0.46,0.65,-0.50,61.29,0.67,158
1970-01-01 00:01:35.414,-16.01,20.58,-0.69,20.26,-5.46,1.02,-7.79,2.05,1.02,6.23,10.52,-5.48,30.66,0.34,-0.46,0.65,-0.50,61.23,0.73,158
1970-01-01 00:01:35.447,-16.01,20.58,-0.69,20.26,-5.46,1.02,-7.79,2.05,1.02,6.23,10.52,-5.48,30.66,0.34,-0.46,0.65,-0.50,61.36,0.67,158
1970-01-01 00:01:35.480,-16.01,20.58,-0.69,20.26,-5.46,1.02,-7.79,2.05,1.02,6.23,10.52,-5.48,30.66,0.34,-0.46,0.65,-0.50,61.29,0.73,147
1970-01-01 00:01:35.512,-16.01,20.58,-0.69,20.26,-5.46,1.02,-7.79,2.05,1.02,6.23,10.52,-5.48,30.66,0.34,-0.46,0.65,-0.50,61.36,0.67,158
1970-01-01 00:01:35.545,-16.01,20.58,-0.69,20.26,-5.46,1.02,-7.79,2.05,1.02,6.23,10.52,-5.48,30.66,0.34,-0.46,0.65,-0.50,61.36,0.61,157
1970-01-01 00:01:35.578,-16.01,20.58,-0.69,20.26,-5.46,1.02,-7.79,2.05,1.02,6.23,10.52,-5.48,30.66,0.34,-0.46,0.65,-0.50,61.11,0.73,157
1970-01-01 00:01:35.611,-16.01,20.58,-0.69,20.26,-5.46,1.02,-7.79,2.05,1.02,6.23,10.52,-5.48,30.66,0.34,-0.46,0.65,-0.50,61.17,0.67,157
1970-01-01 00:01:35.644,-16.01,20.58,-0.69,20.26,-5.46,1.02,-7.79,2.05,1.02,6.23,10.52,-5.48,30.66,0.34,-0.46,0.65,-0.50,61.42,0.67,159
1970-01-01 00:01:35.677,-16.01,20.58,-0.69,20.26,-5.46,1.02,-7.79,2.05,1.02,6.23,10.52,-5.48,30.66,0.34,-0.46,0.65,-0.50,61.42,0.67,159
1970-01-01 00:01:35.709,-16.01,20.58,-0.69,20.26,-5.46,1.02,-7.79,2.05,1.02,6.23,10.52,-5.48,30.66,0.34,-0.46,0.65,-0.50,61.11,0.73,150
1970-01-01 00:01:35.741,-16.01,20.58,-0.69,20.26,-5.46,1.02,-7.79,2.05,1.02,6.23,10.52,-5.48,30.66,0.34,-0.46,0.65,-0.50,61.23,0.61,160
1970-01-01 00:01:35.773,-16.01,20.58,-0.69,20.26,-5.46,1.02,-7.79,2.05,1.02,6.23,10.52,-5.48,30.66,0.34,-0.46,0.65,-0.50,61.42,0.55,152
1970-01-01 00:01:35.805,-16.01,20.58,-0.69,20.26,-5.46,1.02,-7.79,2.05,1.02,6.23,10.52,-5.48,30.66,0.34,-0.46,0.65,-0.50,61.23,0.67,164
1970-01-01 00:01:35.837,-16.01,20.58,-0.69,20.26,-5.46,1.02,-7.79,2.05,1.02,6.23,10.52,-5.48,30.66,0.34,-0.46,0.65,-0.50,61.29,0.73,178
1970-01-01 00:01:35.870,-16.01,20.58,-0.69,20.26,-5.46,1.02,-7.79,2.05,1.02,6.23,10.52,-5.48,30.66,0.34,-0.46,0.65,-0.50,61.29,0.61,168
1970-01-01 00:01:35.902,-16.01,20.58,-0.69,20.26,-5.46,1.02,-7.79,2.05,1.02,6.23,10.52,-5.48,30.66,0.34,-0.46,0.65,-0.50,61.42,0.67,167
1970-01-01 00:01:35.935,-16.01,20.58,-0.69,20.26,-5.46,1.02,-7.79,2.05,1.02,6.23,10.52,-5.48,30.66,0.34,-0.46,0.65,-0.50,61.23,0.73,166
1970-01-01 00:01:35.967,-16.01,20.58,-0.69,20.26,-5.46,1.02,-7.79,2.05,1.02,6.23,10.52,-5.48,30.66,0.34,-0.46,0.65,-0.50,61.36,0.61,167
1970-01-01 00:01:36.000,-16.01,20.58,-0.69,20.26,-5.46,1.02,-7.79,2.05,1.02,6.23,10.52,-5.48,30.66,0.34,-0.46,0.65,-0.50,61.17,0.67,169
1970-01-01 00:01:36.033,-16.01,20.58,-0.69,20.26,-5.46,1.02,-7.79,2.05,1.02,6.23,10.52,-5.48,30.66,0.34,-0.46,0.65,-0.50,61.36,0.73,166
1970-01-01 00:01:36.066,-16.01,20.58,-0.69,20.26,-5.46,1.02,-7.79,2.05,1.02,6.23,10.52,-5.48,30.66,0.34,-0.46,0.65,-0.50,61.36,0.67,169
1970-01-01 00:01:36.098,-16.01,20.58,-0.69,20.26,-5.46,1.02,-7.79,2.05,1.02,6.23,10.52,-5.48,30.66,0.34,-0.46,0.65,-0.50,61.29,0.73,172
1970-01-01 00:01:36.132,-16.01,20.58,-0.69,20.26,-5.46,1.02,-7.79,2.05,1.02,6.23,10.52,-5.48,30.66,0.34,-0.46,0.65,-0.50,61.36,0.61,172
1970-01-01 00:01:36.164,-16.01,20.58,-0.69,20.26,-5.46,1.02,-7.79,2.05,1.02,6.23,10.52,-5.48,30.66,0.34,-0.46,0.65,-0.50,61.29,0.67,165
1970-01-01 00:01:36.197,-16.01,20.58,-0.69,20.26,-5.46,1.02,-7.79,2.05,1.02,6.23,10.52,-5.48,30.66,0.34,-0.46,0.65,-0.50,61.29,0.73,184
1970-01-01 00:01:36.230,-16.01,20.58,-0.69,20.26,-5.46,1.02,-7.79,2.05,1.02,6.23,10.52,-5.48,30.66,0.34,-0.46,0.65,-0.50,61.23,0.73,174
1970-01-01 00:01:36.262,-16.01,20.58,-0.69,20.26,-5.46,1.02,-7.79,2.05,1.02,6.23,10.52,-5.48,30.66,0.34,-0.46,0.65,-0.50,61.42,0.61,171
1970-01-01 00:01:36.295,-16.01,20.58,-0.69,20.26,-5.46,1.02,-7.79,2.05,1.02,6.23,10.52,-5.48,30.66,0.34,-0.46,0.65,-0.50,61.23,0.73,174
1970-01-01 00:01:36.328,-16.01,20.58,-0.69,20.26,-5.46,1.02,-7.79,2.05,1.02,6.23,10.52,-5.48,30.66,0.34,-0.46,0.65,-0.50,61.36,0.67,170
1970-01-01 00:01:36.361,-16.01,20.58,-0.69,20.26,-5.46,1.02,-7.79,2.05,1.02,6.23,10.52,-5.48,30.66,0.34,-0.46,0.65,-0.50,61.29,0.67,172
1970-01-01 00:01:36.394,-16.01,20.58,-0.69,20.26,-5.46,1.02,-7.79,2.05,1.02,6.23,10.52,-5.48,30.66,0.34,-0.46,0.65,-0.50,61.17,0.73,173
1970-01-01 00:01:36.426,-16.01,20.58,-0.69,20.26,-5.46,1.02,-7.79,2.05,1.02,6.23,10.52,-5.48,30.66,0.34,-0.46,0.65,-0.50,61.36,0.61,174
1970-01-01 00:01:36.459,-16.01,20.58,-0.69,20.26,-5.46,1.02,-7.79,2.05,1.02,6.23,10.52,-5.48,30.66,0.34,-0.46,0.65,-0.50,61.23,0.67,172
1970-01-01 00:01:36.492,-16.01,20.58,-0.69,20.26,-5.46,1.02,-7.79,2.05,1.02,6.23,10.52,-5.48,30.66,0.34,-0.46,0.65,-0.50,61.36,0.67,172
1970-01-01 00:01:36.525,-16.01,20.58,-0.69,20.26,-5.46,1.02,-7.79,2.05,1.02,6.23,10.52,-5.48,30.66,0.34,-0.46,0.65,-0.50,61.11,0.73,173
1970-01-01 00:01:36.558,-16.01,20.58,-0.69,20.26,-5.46,1.02,-7.79,2.05,1.02,6.23,10.52,-5.48,30.66,0.34,-0.46,0.65,-0.50,61.36,0.67,175
1970-01-01 00:01:36.591,-16.01,20.58,-0.69,20.26,-5.46,1.02,-7.79,2.05,1.02,6.23,10.52,-5.48,30.66,0.34,-0.46,0.65,-0.50,61.42,0.67,171
1970-01-01 00:01:36.624,-16.01,20.58,-0.69,20.26,-5.46,1.02,-7.79,2.05,1.02,6.23,10.52,-5.48,30.66,0.34,-0.46,0.65,-0.50,61.36,0.67,178
1970-01-01 00:01:36.657,-16.01,20.58,-0.69,20.26,-5.46,1.02,-7.79,2.05,1.02,6.23,10.52,-5.48,30.66,0.34,-0.46,0.65,-0.50,61.42,0.61,170
1970-01-01 00:01:36.689,-16.01,20.58,-0.69,20.26,-5.46,1.02,-7.79,2.05,1.02,6.23,10.52,-5.48,30.66,0.34,-0.46,0.65,-0.50,61.36,0.67,175
1970-01-01 00:01:36.721,-16.01,20.58,-0.69,20.26,-5.46,1.02,-7.79,2.05,1.02,6.23,10.52,-5.48,30.66,0.34,-0.46,0.65,-0.50,61.17,0.67,173
1970-01-01 00:01:36.753,-16.01,20.58,-0.69,20.26,-5.46,1.02,-7.79,2.05,1.02,6.23,10.52,-5.48,30.66,0.34,-0.46,0.65,-0.50,61.36,0.67,173
1970-01-01 00:01:36.785,-16.01,20.58,-0.69,20.26,-5.46,1.02,-7.79,2.05,1.02,6.23,10.52,-5.48,30.66,0.34,-0.46,0.65,-0.50,61.23,0.79,174
1970-01-01 00:01:36.818,-16.01,20.58,-0.69,20.26,-5.46,1.02,-7.79,2.05,1.02,6.23,10.52,-5.48,30.66,0.34,-0.46,0.65,-0.50,61.42,0.67,171
1970-01-01 00:01:36.850,-16.01,20.58,-0.69,20.26,-5.46,1.02,-7.79,2.05,1.02,6.23,10.52,-5.48,30.66,0.34,-0.46,0.65,-0.50,61.36,0.73,172
1970-01-01 00:01:36.883,-16.01,20.58,-0.69,20.26,-5.46,1.02,-7.79,2.05,1.02,6.23,10.52,-5.48,30.66,0.34,-0.46,0.65,-0.50,61.36,0.61,175
1970-01-01 00:01:36.915,-16.01,20.58,-0.69,20.26,-5.46,1.02,-7.79,2.05,1.02,6.23,10.52,-5.48,30.66,0.34,-0.46,0.65,-0.50,61.23,0.67,172
1970-01-01 00:01:36.948,-16.01,20.58,-0.69,20.26,-5.46,1.02,-7.79,2.05,1.02,6.23,10.52,-5.48,30.66,0.34,-0.46,0.65,-0.50,61.29,0.73,173
1970-01-01 00:01:36.981,-16.01,20.58,-0.69,20.26,-5.46,1.02,-7.79,2.05,1.02,6.23,10.52,-5.48,30.66,0.34,-0.46,0.65,-0.50,61.29,0.61,174
1970-01-01 00:01:37.013,-16.01,20.58,-0.69,20.26,-5.46,1.02,-7.79,2.05,1.02,6.23,10.52,-5.48,30.66,0.34,-0.46,0.65,-0.50,61.36,0.73,166
1970-01-01 00:01:37.046,-16.01,20.58,-0.69,20.26,-5.46,1.02,-7.79,2.05,1.02,6.23,10.52,-5.48,30.66,0.34,-0.46,0.65,-0.50,61.17,0.73,175
1970-01-01 00:01:37.079,-16.01,20.58,-0.69,20.26,-5.46,1.02,-7.79,2.05,1.02,6.23,10.52,-5.48,30.66,0.34,-0.46,0.65,-0.50,61.17,0.67,173
1970-01-01 00:01:37.112,-16.01,20.58,-0.69,20.26,-5.46,1.02,-7.79,2.05,1.02,6.23,10.52,-5.48,30.66,0.34,-0.46,0.65,-0.50,61.36,0.73,158
1970-01-01 00:01:37.145,-16.01,20.58,-0.69,20.26,-5.46,1.02,-7.79,2.05,1.02,6.23,10.52,-5.48,30.66,0.34,-0.46,0.65,-0.50,61.42,0.67,172
1970-01-01 00:01:37.178,-16.01,20.58,-0.69,20.26,-5.46,1.02,-7.79,2.05,1.02,6.23,10.52,-5.48,30.66,0.34,-0.46,0.65,-0.50,61.29,0.61,173
1970-01-01 00:01:37.210,-16.01,20.58,-0.69,20.26,-5.46,1.02,-7.79,2.05,1.02,6.23,10.52,-5.48,30.66,0.34,-0.46,0.65,-0.50,61.17,0.67,165
1970-01-01 00:01:37.243,-16.01,20.58,-0.69,20.26,-5.46,1.02,-7.79,2.05,1.02,6.23,10.52,-5.48,30.66,0.34,-0.46,0.65,-0.50,61.29,0.61,161
1970-01-01 00:01:37.276,-16.01,20.58,-0.69,20.26,-5.46,1.02,-7.79,2.05,1.02,6.23,10.52,-5.48,30.66,0.34,-0.46,0.65,-0.50,61.23,0.73,158
1970-01-01 00:01:37.309,-16.01,20.58,-0.69,20.26,-5.46,1.02,-7.79,2.05,1.02,6.23,10.52,-5.48,30.66,0.34,-0.46,0.65,-0.50,61.29,0.67,161
1970-01-01 00:01:37.341,-16.01,20.58,-0.69,20.26,-5.46,1.02,-7.79,2.05,1.02,6.23,10.52,-5.48,30.66,0.34,-0.46,0.65,-0.50,61.23,0.67,157
1970-01-01 00:01:37.374,-16.01,20.58,-0.69,20.26,-5.46,1.02,-7.79,2.05,1.02,6.23,10.52,-5.48,30.66,0.34,-0.46,0.65,-0.50,61.29,0.61,155
1970-01-01 00:01:37.407,-16.01,20.58,-0.69,20.26,-5.46,1.02,-7.79,2.05,1.02,6.23,10.52,-5.48,30.66,0.34,-0.46,0.65,-0.50,61.29,0.67,156
1970-01-01 00:01:37.440,-16.01,20.58,-0.69,20.26,-5.46,1.02,-7.79,2.05,1.02,6.23,10.52,-5.48,30.66,0.34,-0.46,0.65,-0.50,61.29,0.61,156
1970-01-01 00:01:37.473,-16.01,20.58,-0.69,20.26,-5.46,1.02,-7.79,2.05,1.02,6.23,10.52,-5.48,30.66,0.34,-0.46,0.65,-0.50,61.17,0.73,157
1970-01-01 00:01:37.506,-16.01,20.58,-0.69,20.26,-5.46,1.02,-7.79,2.05,1.02,6.23,10.52,-5.48,30.66,0.34,-0.46,0.65,-0.50,61.29,0.61,155
1970-01-01 00:01:37.538,-16.01,20.58,-0.69,20.26,-5.46,1.02,-7.79,2.05,1.02,6.23,10.52,-5.48,30.66,0.34,-0.46,0.65,-0.50,61.36,0.67,154
1970-01-01 00:01:37.571,-16.01,20.58,-0.69,20.26,-5.46,1.02,-7.79,2.05,1.02,6.23,10.52,-5.48,30.66,0.34,-0.46,0.65,-0.50,61.29,0.61,154
1970-01-01 00:01:37.604,-16.01,20.58,-0.69,20.26,-5.46,1.02,-7.79,2.05,1.02,6.23,10.52,-5.48,30.66,0.34,-0.46,0.65,-0.50,61.29,0.73,160
1970-01-01 00:01:37.637,-16.01,20.58,-0.69,20.26,-5.46,1.02,-7.79,2.05,1.02,6.23,10.52,-5.48,30.66,0.34,-0.46,0.65,-0.50,61.36,0.61,158
1970-01-01 00:01:37.669,-16.01,20.58,-0.69,20.26,-5.46,1.02,-7.79,2.05,1.02,6.23,10.52,-5.48,30.66,0.34,-0.46,0.65,-0.50,61.42,0.61,155
1970-01-01 00:01:37.701,-16.01,20.58,-0.69,20.26,-5.46,1.02,-7.79,2.05,1.02,6.23,10.52,-5.48,30.66,0.34,-0.46,0.65,-0.50,61.29,0.67,155
1970-01-01 00:01:37.733,-16.01,20.58,-0.69,20.26,-5.46,1.02,-7.79,2.05,1.02,6.23,10.52,-5.48,30.66,0.34,-0.46,0.65,-0.50,61.36,0.67,155
1970-01-01 00:01:37.766,-16.01,20.58,-0.69,20.26,-5.46,1.02,-7.79,2.05,1.02,6.23,10.52,-5.48,30.66,0.34,-0.46,0.65,-0.50,61.29,0.73,129
1970-01-01 00:01:37.798,-16.01,20.58,-0.69,20.26,-5.46,1.02,-7.79,2.05,1.02,6.23,10.52,-5.48,30.66,0.34,-0.46,0.65,-0.50,61.29,0.61,155
1970-01-01 00:01:37.830,-16.01,20.58,-0.69,20.26,-5.46,1.02,-7.79,2.05,1.02,6.23,10.52,-5.48,30.66,0.34,-0.46,0.65,-0.50,61.29,0.67,155
1970-01-01 00:01:37.863,-16.01,20.58,-0.69,20.26,-5.46,1.02,-7.79,2.05,1.02,6.23,10.52,-5.48,30.66,0.34,-0.46,0.65,-0.50,61.36,0.49,162
1970-01-01 00:01:37.895,-16.01,20.58,-0.69,20.26,-5.46,1.02,-7.79,2.05,1.02,6.23,10.52,-5.48,30.66,0.34,-0.46,0.65,-0.50,61.23,0.67,156
1970-01-01 00:01:37.928,-16.01,20.58,-0.69,20.26,-5.46,1.02,-7.79,2.05,1.02,6.23,10.52,-5.48,30.66,0.34,-0.46,0.65,-0.50,61.17,0.73,159
1970-01-01 00:01:37.960,-16.01,20.58,-0.69,20.26,-5.46,1.02,-7.79,2.05,1.02,6.23,10.52,-5.48,30.66,0.34,-0.46,0.65,-0.50,61.36,0.61,157
1970-01-01 00:01:37.993,-16.01,20.58,-0.69,20.26,-5.46,1.02,-7.79,2.05,1.02,6.23,10.52,-5.48,30.66,0.34,-0.46,0.65,-0.50,61.23,0.73,161
1970-01-01 00:01:38.026,-16.01,20.58,-0.69,20.26,-5.46,1.02,-7.79,2.05,1.02,6.23,10.52,-5.48,30.66,0.34,-0.46,0.65,-0.50,61.42,0.67,151
1970-01-01 00:01:38.059,-16.01,20.58,-0.69,20.26,-5.46,1.02,-7.79,2.05,1.02,6.23,10.52,-5.48,30.66,0.34,-0.46,0.65,-0.50,61.29,0.61,156
1970-01-01 00:01:38.092,-16.01,20.58,-0.69,20.26,-5.46,1.02,-7.79,2.05,1.02,6.23,10.52,-5.48,30.66,0.34,-0.46,0.65,-0.50,61.05,0.73,167
1970-01-01 00:01:38.125,-16.01,20.58,-0.69,20.26,-5.46,1.02,-7.79,2.05,1.02,6.23,10.52,-5.48,30.66,0.34,-0.46,0.65,-0.50,61.23,0.73,156
1970-01-01 00:01:38.157,-16.01,20.58,-0.69,20.26,-5.46,1.02,-7.79,2.05,1.02,6.23,10.52,-5.48,30.66,0.34,-0.46,0.65,-0.50,61.36,0.61,155
1970-01-01 00:01:38.191,-16.01,20.58,-0.69,20.26,-5.46,1.02,-7.79,2.05,1.02,6.23,10.52,-5.48,30.66,0.34,-0.46,0.65,-0.50,61.36,0.67,159
1970-01-01 00:01:38.223,-16.01,20.58,-0.69,20.26,-5.46,1.02,-7.79,2.05,1.02,6.23,10.52,-5.48,30.66,0.34,-0.46,0.65,-0.50,61.17,0.73,160
1970-01-01 00:01:38.256,-16.01,20.58,-0.69,20.26,-5.46,1.02,-7.79,2.05,1.02,6.23,10.52,-5.48,30.66,0.34,-0.46,0.65,-0.50,61.17,0.73,155
1970-01-01 00:01:38.289,-16.01,20.58,-0.69,20.26,-5.46,1.02,-7.79,2.05,1.02,6.23,10.52,-5.48,30.66,0.34,-0.46,0.65,-0.50,61.36,0.67,154
1970-01-01 00:01:38.321,-16.01,20.58,-0.69,20.26,-5.46,1.02,-7.79,2.05,1.02,6.23,10.52,-5.48,30.66,0.34,-0.46,0.65,-0.50,61.42,0.61,164
1970-01-01 00:01:38.354,-16.01,20.58,-0.69,20.26,-5.46,1.02,-7.79,2.05,1.02,6.23,10.52,-5.48,30.66,0.34,-0.46,0.65,-0.50,61.17,0.73,154
1970-01-01 00:01:38.387,-16.01,20.58,-0.69,20.26,-5.46,1.02,-7.79,2.05,1.02,6.23,10.52,-5.48,30.66,0.34,-0.46,0.65,-0.50,61.17,0.73,160
1970-01-01 00:01:38.420,-16.01,20.58,-0.69,20.26,-5.46,1.02,-7.79,2.05,1.02,6.23,10.52,-5.48,30.66,0.34,-0.46,0.65,-0.50,61.17,0.67,150
1970-01-01 00:01:38.453,-16.01,20.58,-0.69,20.26,-5.46,1.02,-7.79,2.05,1.02,6.23,10.52,-5.48,30.66,0.34,-0.46,0.65,-0.50,61.36,0.67,155
1970-01-01 00:01:38.485,-16.01,20.58,-0.69,20.26,-5.46,1.02,-7.79,2.05,1.02,6.23,10.52,-5.48,30.66,0.34,-0.46,0.65,-0.50,61.29,0.61,158
1970-01-01 00:01:38.518,-16.01,20.58,-0.69,20.26,-5.46,1.02,-7.79,2.05,1.02,6.23,10.52,-5.48,30.66,0.34,-0.46,0.65,-0.50,61.36,0.67,155
1970-01-01 00:01:38.551,-16.01,20.58,-0.69,20.26,-5.46,1.02,-7.79,2.05,1.02,6.23,10.52,-5.48,30.66,0.34,-0.46,0.65,-0.50,61.17,0.67,159
1970-01-01 00:01:38.584,-16.01,20.58,-0.69,20.26,-5.46,1.02,-7.79,2.05,1.02,6.23,10.52,-5.48,30.66,0.34,-0.46,0.65,-0.50,61.23,0.67,158
1970-01-01 00:01:38.617,-16.01,20.58,-0.69,20.26,-5.46,1.02,-7.79,2.05,1.02,6.23,10.52,-5.48,30.66,0.34,-0.46,0.65,-0.50,61.36,0.61,161
1970-01-01 00:01:38.649,-16.01,20.58,-0.69,20.26,-5.46,1.02,-7.79,2.05,1.02,6.23,10.52,-5.48,30.66,0.34,-0.46,0.65,-0.50,61.29,0.73,120
1970-01-01 00:01:38.681,-16.01,20.58,-0.69,20.26,-5.46,1.02,-7.79,2.05,1.02,6.23,10.52,-5.48,30.66,0.34,-0.46,0.65,-0.50,61.36,0.61,157
1970-01-01 00:01:38.714,-16.01,20.58,-0.69,20.26,-5.46,1.02,-7.79,2.05,1.02,6.23,10.52,-5.48,30.66,0.34,-0.46,0.65,-0.50,61.36,0.61,155
1970-01-01 00:01:38.746,-16.01,20.58,-0.69,20.26,-5.46,1.02,-7.79,2.05,1.02,6.23,10.52,-5.48,30.66,0.34,-0.46,0.65,-0.50,61.36,0.67,155
1970-01-01 00:01:38.778,-16.01,20.58,-0.69,20.26,-5.46,1.02,-7.79,2.05,1.02,6.23,10.52,-5.48,30.66,0.34,-0.46,0.65,-0.50,61.36,0.73,153
1970-01-01 00:01:38.811,-16.01,20.58,-0.69,20.26,-5.46,1.02,-7.79,2.05,1.02,6.23,10.52,-5.48,30.66,0.34,-0.46,0.65,-0.50,61.17,0.79,124
1970-01-01 00:01:38.843,-16.01,20.58,-0.69,20.26,-5.46,1.02,-7.79,2.05,1.02,6.23,10.52,-5.48,30.66,0.34,-0.46,0.65,-0.50,61.36,0.61,158
1970-01-01 00:01:38.876,-16.01,20.58,-0.69,20.26,-5.46,1.02,-7.79,2.05,1.02,6.23,10.52,-5.48,30.66,0.34,-0.46,0.65,-0.50,61.29,0.67,155
1970-01-01 00:01:38.908,-16.01,20.58,-0.69,20.26,-5.46,1.02,-7.79,2.05,1.02,6.23,10.52,-5.48,30.66,0.34,-0.46,0.65,-0.50,61.23,0.73,156
1970-01-01 00:01:38.941,-16.01,20.58,-0.69,20.26,-5.46,1.02,-7.79,2.05,1.02,6.23,10.52,-5.48,30.66,0.34,-0.46,0.65,-0.50,61.42,0.61,157
1970-01-01 00:01:38.974,-16.01,20.58,-0.69,20.26,-5.46,1.02,-7.79,2.05,1.02,6.23,10.52,-5.48,30.66,0.34,-0.46,0.65,-0.50,61.48,0.67,138
1970-01-01 00:01:39.007,-16.01,20.58,-0.69,20.26,-5.46,1.02,-7.79,2.05,1.02,6.23,10.52,-5.48,30.66,0.34,-0.46,0.65,-0.50,61.17,0.61,158
1970-01-01 00:01:39.040,-16.01,20.58,-0.69,20.26,-5.46,1.02,-7.79,2.05,1.02,6.23,10.52,-5.48,30.66,0.34,-0.46,0.65,-0.50,61.23,0.73,155
1970-01-01 00:01:39.073,-16.01,20.58,-0.69,20.26,-5.46,1.02,-7.79,2.05,1.02,6.23,10.52,-5.48,30.66,0.34,-0.46,0.65,-0.50,61.36,0.61,157
1970-01-01 00:01:39.105,-16.01,20.58,-0.69,20.26,-5.46,1.02,-7.79,2.05,1.02,6.23,10.52,-5.48,30.66,0.34,-0.46,0.65,-0.50,61.29,0.67,159
1970-01-01 00:01:39.138,-16.01,20.58,-0.69,20.26,-5.46,1.02,-7.79,2.05,1.02,6.23,10.52,-5.48,30.66,0.34,-0.46,0.65,-0.50,61.48,0.67,136
1970-01-01 00:01:39.171,-16.01,20.58,-0.69,20.26,-5.46,1.02,-7.79,2.05,1.02,6.23,10.52,-5.48,30.66,0.34,-0.46,0.65,-0.50,61.42,0.67,162
1970-01-01 00:01:39.204,-16.01,20.58,-0.69,20.26,-5.46,1.02,-7.79,2.05,1.02,6.23,10.52,-5.48,30.66,0.34,-0.46,0.65,-0.50,61.23,0.73,157
1970-01-01 00:01:39.237,-16.01,20.58,-0.69,20.26,-5.46,1.02,-7.79,2.05,1.02,6.23,10.52,-5.48,30.66,0.34,-0.46,0.65,-0.50,61.23,0.67,158
1970-01-01 00:01:39.270,-16.01,20.58,-0.69,20.26,-5.46,1.02,-7.79,2.05,1.02,6.23,10.52,-5.48,30.66,0.34,-0.46,0.65,-0.50,61.11,0.73,156
1970-01-01 00:01:39.302,-16.01,20.58,-0.69,20.26,-5.46,1.02,-7.79,2.05,1.02,6.23,10.52,-5.48,30.66,0.34,-0.46,0.65,-0.50,61.29,0.67,155
1970-01-01 00:01:39.335,-16.01,20.58,-0.69,20.26,-5.46,1.02,-7.79,2.05,1.02,6.23,10.52,-5.48,30.66,0.34,-0.46,0.65,-0.50,60.99,0.73,179
1970-01-01 00:01:39.369,-16.01,20.58,-0.69,20.26,-5.46,1.02,-7.79,2.05,1.02,6.23,10.52,-5.48,30.66,0.34,-0.46,0.65,-0.50,61.29,0.73,148
1970-01-01 00:01:39.402,-16.01,20.58,-0.69,20.26,-5.46,1.02,-7.79,2.05,1.02,6.23,10.52,-5.48,30.66,0.34,-0.46,0.65,-0.50,61.23,0.67,156
1970-01-01 00:01:39.435,-16.01,20.58,-0.69,20.26,-5.46,1.02,-7.79,2.05,1.02,6.23,10.52,-5.48,30.66,0.34,-0.46,0.65,-0.50,61.23,0.67,158
1970-01-01 00:01:39.468,-16.01,20.58,-0.69,20.26,-5.46,1.02,-7.79,2.05,1.02,6.23,10.52,-5.48,30.66,0.34,-0.46,0.65,-0.50,61.23,0.67,157
1970-01-01 00:01:39.501,-16.01,20.58,-0.69,20.26,-5.46,1.02,-7.79,2.05,1.02,6.23,10.52,-5.48,30.66,0.34,-0.46,0.65,-0.50,61.29,0.67,187
1970-01-01 00:01:39.534,-16.01,20.58,-0.69,20.26,-5.46,1.02,-7.79,2.05,1.02,6.23,10.52,-5.48,30.66,0.34,-0.46,0.65,-0.50,61.42,0.67,158
1970-01-01 00:01:39.566,-16.01,20.58,-0.69,20.26,-5.46,1.02,-7.79,2.05,1.02,6.23,10.52,-5.48,30.66,0.34,-0.46,0.65,-0.50,61.42,0.55,158
1970-01-01 00:01:39.599,-16.01,20.58,-0.69,20.26,-5.46,1.02,-7.79,2.05,1.02,6.23,10.52,-5.48,30.66,0.34,-0.46,0.65,-0.50,61.23,0.73,160
1970-01-01 00:01:39.632,-16.01,20.58,-0.69,20.26,-5.46,1.02,-7.79,2.05,1.02,6.23,10.52,-5.48,30.66,0.34,-0.46,0.65,-0.50,61.36,0.49,156
1970-01-01 00:01:39.664,-16.01,20.58,-0.69,20.26,-5.46,1.02,-7.79,2.05,1.02,6.23,10.52,-5.48,30.66,0.34,-0.46,0.65,-0.50,60.99,0.79,124
1970-01-01 00:01:39.696,-16.01,20.58,-0.69,20.26,-5.46,1.02,-7.79,2.05,1.02,6.23,10.52,-5.48,30.66,0.34,-0.46,0.65,-0.50,61.23,0.61,155
1970-01-01 00:01:39.728,-16.01,20.58,-0.69,20.26,-5.46,1.02,-7.79,2.05,1.02,6.23,10.52,-5.48,30.66,0.34,-0.46,0.65,-0.50,61.42,0.55,159
1970-01-01 00:01:39.762,-16.01,20.58,-0.69,20.26,-5.46,1.02,-7.79,2.05,1.02,6.23,10.52,-5.48,30.66,0.34,-0.46,0.65,-0.50,61.29,0.73,134
1970-01-01 00:01:39.795,-16.01,20.58,-0.69,20.26,-5.46,1.02,-7.79,2.05,1.02,6.23,10.52,-5.48,30.66,0.34,-0.46,0.65,-0.50,61.23,0.67,157
1970-01-01 00:01:39.827,-16.01,20.58,-0.69,20.26,-5.46,1.02,-7.79,2.05,1.02,6.23,10.52,-5.48,30.66,0.34,-0.46,0.65,-0.50,61.17,0.67,152
1970-01-01 00:01:39.860,-16.01,20.58,-0.69,20.26,-5.46,1.02,-7.79,2.05,1.02,6.23,10.52,-5.48,30.66,0.34,-0.46,0.65,-0.50,61.36,0.61,159
1970-01-01 00:01:39.892,-16.01,20.58,-0.69,20.26,-5.46,1.02,-7.79,2.05,1.02,6.23,10.52,-5.48,30.66,0.34,-0.46,0.65,-0.50,61.36,0.55,134
1970-01-01 00:01:39.925,-16.01,20.58,-0.69,20.26,-5.46,1.02,-7.79,2.05,1.02,6.23,10.52,-5.48,30.66,0.34,-0.46,0.65,-0.50,61.23,0.67,156
1970-01-01 00:01:39.958,-16.01,20.58,-0.69,20.26,-5.46,1.02,-7.79,2.05,1.02,6.23,10.52,-5.48,30.66,0.34,-0.46,0.65,-0.50,61.17,0.73,159
1970-01-01 00:01:39.991,-16.01,20.58,-0.69,20.26,-5.46,1.02,-7.79,2.05,1.02,6.23,10.52,-5.48,30.66,0.34,-0.46,0.65,-0.50,61.17,0.73,157
1970-01-01 00:01:40.024,-16.01,20.58,-0.69,20.26,-5.46,1.02,-7.79,2.05,1.02,6.23,10.52,-5.48,30.66,0.34,-0.46,0.65,-0.50,61.17,0.73,160
1970-01-01 00:01:40.056,-16.01,20.58,-0.69,20.26,-5.46,1.02,-7.79,2.05,1.02,6.23,10.52,-5.48,30.66,0.34,-0.46,0.65,-0.50,61.36,0.73,151
1970-01-01 00:01:40.089,-16.01,20.58,-0.69,20.26,-5.46,1.02,-7.79,2.05,1.02,6.23,10.52,-5.48,30.66,0.34,-0.46,0.65,-0.50,61.17,0.67,150
1970-01-01 00:01:40.122,-16.01,20.58,-0.69,20.26,-5.46,1.02,-7.79,2.05,1.02,6.23,10.52,-5.48,30.66,0.34,-0.46,0.65,-0.50,61.29,0.73,174
1970-01-01 00:01:40.155,-16.01,20.58,-0.69,20.26,-5.46,1.02,-7.79,2.05,1.02,6.23,10.52,-5.48,30.66,0.34,-0.46,0.65,-0.50,61.36,0.67,157
1970-01-01 00:01:40.188,-16.01,20.58,-0.69,20.26,-5.46,1.02,-7.79,2.05,1.02,6.23,10.52,-5.48,30.66,0.34,-0.46,0.65,-0.50,61.36,0.67,155
1970-01-01 00:01:40.221,-16.01,20.58,-0.69,20.26,-5.46,1.02,-7.79,2.05,1.02,6.23,10.52,-5.48,30.66,0.34,-0.46,0.65,-0.50,61.42,0.67,160
1970-01-01 00:01:40.254,-16.01,20.58,-0.69,20.26,-5.46,1.02,-7.79,2.05,1.02,6.23,10.52,-5.48,30.66,0.34,-0.46,0.65,-0.50,61.23,0.73,154
1970-01-01 00:01:40.286,-16.01,20.58,-0.69,20.26,-5.46,1.02,-7.79,2.05,1.02,6.23,10.52,-5.48,30.66,0.34,-0.46,0.65,-0.50,61.42,0.67,149
1970-01-01 00:01:40.319,-16.01,20.58,-0.69,20.26,-5.46,1.02,-7.79,2.05,1.02,6.23,10.52,-5.48,30.66,0.34,-0.46,0.65,-0.50,61.11,0.67,154
1970-01-01 00:01:40.352,-16.01,20.58,-0.69,20.26,-5.46,1.02,-7.79,2.05,1.02,6.23,10.52,-5.48,30.66,0.34,-0.46,0.65,-0.50,61.17,0.67,157
1970-01-01 00:01:40.385,-16.01,20.58,-0.69,20.26,-5.46,1.02,-7.79,2.05,1.02,6.23,10.52,-5.48,30.66,0.34,-0.46,0.65,-0.50,61.29,0.61,156
1970-01-01 00:01:40.418,-16.01,20.58,-0.69,20.26,-5.46,1.02,-7.79,2.05,1.02,6.23,10.52,-5.48,30.66,0.34,-0.46,0.65,-0.50,61.36,0.67,158
1970-01-01 00:01:40.450,-16.01,20.58,-0.69,20.26,-5.46,1.02,-7.79,2.05,1.02,6.23,10.52,-5.48,30.66,0.34,-0.46,0.65,-0.50,61.17,0.67,154
1970-01-01 00:01:40.483,-16.01,20.58,-0.69,20.26,-5.46,1.02,-7.79,2.05,1.02,6.23,10.52,-5.48,30.66,0.34,-0.46,0.65,-0.50,61.42,0.61,167
1970-01-01 00:01:40.516,-16.01,20.58,-0.69,20.26,-5.46,1.02,-7.79,2.05,1.02,6.23,10.52,-5.48,30.66,0.34,-0.46,0.65,-0.50,61.23,0.61,158
1970-01-01 00:01:40.549,-16.01,20.58,-0.69,20.26,-5.46,1.02,-7.79,2.05,1.02,6.23,10.52,-5.48,30.66,0.34,-0.46,0.65,-0.50,61.29,0.67,154
1970-01-01 00:01:40.582,-16.01,20.58,-0.69,20.26,-5.46,1.02,-7.79,2.05,1.02,6.23,10.52,-5.48,30.66,0.34,-0.46,0.65,-0.50,61.17,0.67,159
1970-01-01 00:01:40.614,-16.01,20.58,-0.69,20.26,-5.46,1.02,-7.79,2.05,1.02,6.23,10.52,-5.48,30.66,0.34,-0.46,0.65,-0.50,61.36,0.67,156
1970-01-01 00:01:40.646,-16.01,20.58,-0.69,20.26,-5.46,1.02,-7.79,2.05,1.02,6.23,10.52,-5.48,30.66,0.34,-0.46,0.65,-0.50,61.29,0.67,156
1970-01-01 00:01:40.678,-16.01,20.58,-0.69,20.26,-5.46,1.02,-7.79,2.05,1.02,6.23,10.52,-5.48,30.66,0.34,-0.46,0.65,-0.50,61.23,0.67,153
1970-01-01 00:01:40.711,-16.01,20.58,-0.69,20.26,-5.46,1.02,-7.79,2.05,1.02,6.23,10.52,-5.48,30.66,0.34,-0.46,0.65,-0.50,61.17,0.67,156
1970-01-01 00:01:40.744,-16.01,20.58,-0.69,20.26,-5.46,1.02,-7.79,2.05,1.02,6.23,10.52,-5.48,30.66,0.34,-0.46,0.65,-0.50,61.23,0.61,155
1970-01-01 00:01:40.776,-16.01,20.58,-0.69,20.26,-5.46,1.02,-7.79,2.05,1.02,6.23,10.52,-5.48,30.66,0.34,-0.46,0.65,-0.50,61.17,0.67,157
1970-01-01 00:01:40.808,-16.01,20.58,-0.69,20.26,-5.46,1.02,-7.79,2.05,1.02,6.23,10.52,-5.48,30.66,0.34,-0.46,0.65,-0.50,61.17,0.67,158
1970-01-01 00:01:40.841,-16.01,20.58,-0.69,20.26,-5.46,1.02,-7.79,2.05,1.02,6.23,10.52,-5.48,30.66,0.34,-0.46,0.65,-0.50,61.29,0.61,156
1970-01-01 00:01:40.873,-16.01,20.58,-0.69,20.26,-5.46,1.02,-7.79,2.05,1.02,6.23,10.52,-5.48,30.66,0.34,-0.46,0.65,-0.50,61.29,0.79,125
1970-01-01 00:01:40.907,-16.01,20.58,-0.69,20.26,-5.46,1.02,-7.79,2.05,1.02,6.23,10.52,-5.48,30.66,0.34,-0.46,0.65,-0.50,61.29,0.67,156
1970-01-01 00:01:40.940,-16.01,20.58,-0.69,20.26,-5.46,1.02,-7.79,2.05,1.02,6.23,10.52,-5.48,30.66,0.34,-0.46,0.65,-0.50,61.29,0.61,156
1970-01-01 00:01:40.973,-16.01,20.58,-0.69,20.26,-5.46,1.02,-7.79,2.05,1.02,6.23,10.52,-5.48,30.66,0.34,-0.46,0.65,-0.50,61.29,0.67,156
1970-01-01 00:01:41.005,-16.01,20.58,-0.69,20.26,-5.46,1.02,-7.79,2.05,1.02,6.23,10.52,-5.48,30.66,0.34,-0.46,0.65,-0.50,61.36,0.61,156
1970-01-01 00:01:41.038,-16.01,20.58,-0.69,20.26,-5.46,1.02,-7.79,2.05,1.02,6.23,10.52,-5.48,30.66,0.34,-0.46,0.65,-0.50,61.23,0.73,154
1970-01-01 00:01:41.071,-16.01,20.58,-0.69,20.26,-5.46,1.02,-7.79,2.05,1.02,6.23,10.52,-5.48,30.66,0.34,-0.46,0.65,-0.50,61.42,0.61,154
1970-01-01 00:01:41.104,-16.01,20.58,-0.69,20.26,-5.46,1.02,-7.79,2.05,1.02,6.23,10.52,-5.48,30.66,0.34,-0.46,0.65,-0.50,61.29,0.67,155
1970-01-01 00:01:41.137,-16.01,20.58,-0.69,20.26,-5.46,1.02,-7.79,2.05,1.02,6.23,10.52,-5.48,30.66,0.34,-0.46,0.65,-0.50,61.17,0.67,154
1970-01-01 00:01:41.170,-16.01,20.58,-0.69,20.26,-5.46,1.02,-7.79,2.05,1.02,6.23,10.52,-5.48,30.66,0.34,-0.46,0.65,-0.50,61.36,0.67,157
1970-01-01 00:01:41.202,-16.01,20.58,-0.69,20.26,-5.46,1.02,-7.79,2.05,1.02,6.23,10.52,-5.48,30.66,0.34,-0.46,0.65,-0.50,61.42,0.67,155
1970-01-01 00:01:41.235,-16.01,20.58,-0.69,20.26,-5.46,1.02,-7.79,2.05,1.02,6.23,10.52,-5.48,30.66,0.34,-0.46,0.65,-0.50,61.42,0.61,157
1970-01-01 00:01:41.268,-16.01,20.58,-0.69,20.26,-5.46,1.02,-7.79,2.05,1.02,6.23,10.52,-5.48,30.66,0.34,-0.46,0.65,-0.50,61.36,0.67,157
1970-01-01 00:01:41.301,-16.01,20.58,-0.69,20.26,-5.46,1.02,-7.79,2.05,1.02,6.23,10.52,-5.48,30.66,0.34,-0.46,0.65,-0.50,61.36,0.61,157
1970-01-01 00:01:41.334,-16.01,20.58,-0.69,20.26,-5.46,1.02,-7.79,2.05,1.02,6.23,10.52,-5.48,30.66,0.34,-0.46,0.65,-0.50,61.17,0.73,155
1970-01-01 00:01:41.367,-16.01,20.58,-0.69,20.26,-5.46,1.02,-7.79,2.05,1.02,6.23,10.52,-5.48,30.66,0.34,-0.46,0.65,-0.50,61.29,0.61,151
1970-01-01 00:01:41.400,-16.01,20.58,-0.69,20.26,-5.46,1.02,-7.79,2.05,1.02,6.23,10.52,-5.48,30.66,0.34,-0.46,0.65,-0.50,61.29,0.61,160
1970-01-01 00:01:41.433,-16.01,20.58,-0.69,20.26,-5.46,1.02,-7.79,2.05,1.02,6.23,10.52,-5.48,30.66,0.34,-0.46,0.65,-0.50,61.17,0.73,163
1970-01-01 00:01:41.466,-16.01,20.58,-0.69,20.26,-5.46,1.02,-7.79,2.05,1.02,6.23,10.52,-5.48,30.66,0.34,-0.46,0.65,-0.50,61.29,0.61,158
1970-01-01 00:01:41.499,-16.01,20.58,-0.69,20.26,-5.46,1.02,-7.79,2.05,1.02,6.23,10.52,-5.48,30.66,0.34,-0.46,0.65,-0.50,61.42,0.73,154
1970-01-01 00:01:41.531,-16.01,20.58,-0.69,20.26,-5.46,1.02,-7.79,2.05,1.02,6.23,10.52,-5.48,30.66,0.34,-0.46,0.65,-0.50,61.36,0.67,156
1970-01-01 00:01:41.564,-16.01,20.58,-0.69,20.26,-5.46,1.02,-7.79,2.05,1.02,6.23,10.52,-5.48,30.66,0.34,-0.46,0.65,-0.50,61.17,0.67,158
1970-01-01 00:01:41.596,-16.01,20.58,-0.69,20.26,-5.46,1.02,-7.79,2.05,1.02,6.23,10.52,-5.48,30.66,0.34,-0.46,0.65,-0.50,61.29,0.67,157
1970-01-01 00:01:41.629,-16.01,20.58,-0.69,20.26,-5.46,1.02,-7.79,2.05,1.02,6.23,10.52,-5.48,30.66,0.34,-0.46,0.65,-0.50,61.29,0.73,156
1970-01-01 00:01:41.661,-16.01,20.58,-0.69,20.26,-5.46,1.02,-7.79,2.05,1.02,6.23,10.52,-5.48,30.66,0.34,-0.46,0.65,-0.50,61.23,0.67,157
1970-01-01 00:01:41.693,-16.01,20.58,-0.69,20.26,-5.46,1.02,-7.79,2.05,1.02,6.23,10.52,-5.48,30.66,0.34,-0.46,0.65,-0.50,61.42,0.61,159
1970-01-01 00:01:41.726,-16.01,20.58,-0.69,20.26,-5.46,1.02,-7.79,2.05,1.02,6.23,10.52,-5.48,30.66,0.34,-0.46,0.65,-0.50,61.23,0.67,159
1970-01-01 00:01:41.758,-16.01,20.58,-0.69,20.26,-5.46,1.02,-7.79,2.05,1.02,6.23,10.52,-5.48,30.66,0.34,-0.46,0.65,-0.50,61.23,0.79,126
1970-01-01 00:01:41.791,-16.01,20.58,-0.69,20.26,-5.46,1.02,-7.79,2.05,1.02,6.23,10.52,-5.48,30.66,0.34,-0.46,0.65,-0.50,61.17,0.67,159
1970-01-01 00:01:41.823,-16.01,20.58,-0.69,20.26,-5.46,1.02,-7.79,2.05,1.02,6.23,10.52,-5.48,30.66,0.34,-0.46,0.65,-0.50,61.29,0.73,158
1970-01-01 00:01:41.856,-16.01,20.58,-0.69,20.26,-5.46,1.02,-7.79,2.05,1.02,6.23,10.52,-5.48,30.66,0.34,-0.46,0.65,-0.50,61.11,0.67,156
1970-01-01 00:01:41.889,-16.01,20.58,-0.69,20.26,-5.46,1.02,-7.79,2.05,1.02,6.23,10.52,-5.48,30.66,0.34,-0.46,0.65,-0.50,61.29,0.61,155
1970-01-01 00:01:41.921,-16.01,20.58,-0.69,20.26,-5.46,1.02,-7.79,2.05,1.02,6.23,10.52,-5.48,30.66,0.34,-0.46,0.65,-0.50,61.23,0.67,150
1970-01-01 00:01:41.954,-16.01,20.58,-0.69,20.26,-5.46,1.02,-7.79,2.05,1.02,6.23,10.52,-5.48,30.66,0.34,-0.46,0.65,-0.50,61.23,0.67,161
1970-01-01 00:01:41.987,-16.01,20.58,-0.69,20.26,-5.46,1.02,-7.79,2.05,1.02,6.23,10.52,-5.48,30.66,0.34,-0.46,0.65,-0.50,61.36,0.61,157
1970-01-01 00:01:42.020,-16.01,20.58,-0.69,20.26,-5.46,1.02,-7.79,2.05,1.02,6.23,10.52,-5.48,30.66,0.34,-0.46,0.65,-0.50,61.29,0.61,159
1970-01-01 00:01:42.053,-16.01,20.58,-0.69,20.26,-5.46,1.02,-7.79,2.05,1.02,6.23,10.52,-5.48,30.66,0.34,-0.46,0.65,-0.50,61.17,0.73,153
1970-01-01 00:01:42.086,-16.01,20.58,-0.69,20.26,-5.46,1.02,-7.79,2.05,1.02,6.23,10.52,-5.48,30.66,0.34,-0.46,0.65,-0.50,61.23,0.67,156
1970-01-01 00:01:42.119,-16.01,20.58,-0.69,20.26,-5.46,1.02,-7.79,2.05,1.02,6.23,10.52,-5.48,30.66,0.34,-0.46,0.65,-0.50,61.17,0.67,156
1970-01-01 00:01:42.151,-16.01,20.58,-0.69,20.26,-5.46,1.02,-7.79,2.05,1.02,6.23,10.52,-5.48,30.66,0.34,-0.46,0.65,-0.50,61.11,0.67,183
1970-01-01 00:01:42.184,-16.01,20.58,-0.69,20.26,-5.46,1.02,-7.79,2.05,1.02,6.23,10.52,-5.48,30.66,0.34,-0.46,0.65,-0.50,61.42,0.67,156
1970-01-01 00:01:42.217,-16.01,20.58,-0.69,20.26,-5.46,1.02,-7.79,2.05,1.02,6.23,10.52,-5.48,30.66,0.34,-0.46,0.65,-0.50,61.36,0.67,156
1970-01-01 00:01:42.250,-16.01,20.58,-0.69,20.26,-5.46,1.02,-7.79,2.05,1.02,6.23,10.52,-5.48,30.66,0.34,-0.46,0.65,-0.50,61.29,0.61,161
1970-01-01 00:01:42.283,-16.01,20.58,-0.69,20.26,-5.46,1.02,-7.79,2.05,1.02,6.23,10.52,-5.48,30.66,0.34,-0.46,0.65,-0.50,61.36,0.67,154
1970-01-01 00:01:42.316,-16.01,20.58,-0.69,20.26,-5.46,1.02,-7.79,2.05,1.02,6.23,10.52,-5.48,30.66,0.34,-0.46,0.65,-0.50,61.42,0.61,160
1970-01-01 00:01:42.348,-16.01,20.58,-0.69,20.26,-5.46,1.02,-7.79,2.05,1.02,6.23,10.52,-5.48,30.66,0.34,-0.46,0.65,-0.50,61.29,0.67,158
1970-01-01 00:01:42.381,-16.01,20.58,-0.69,20.26,-5.46,1.02,-7.79,2.05,1.02,6.23,10.52,-5.48,30.66,0.34,-0.46,0.65,-0.50,61.36,0.67,156
1970-01-01 00:01:42.414,-16.01,20.58,-0.69,20.26,-5.46,1.02,-7.79,2.05,1.02,6.23,10.52,-5.48,30.66,0.34,-0.46,0.65,-0.50,61.29,0.73,153
1970-01-01 00:01:42.447,-16.01,20.58,-0.69,20.26,-5.46,1.02,-7.79,2.05,1.02,6.23,10.52,-5.48,30.66,0.34,-0.46,0.65,-0.50,61.17,0.67,159
1970-01-01 00:01:42.480,-16.01,20.58,-0.69,20.26,-5.46,1.02,-7.79,2.05,1.02,6.23,10.52,-5.48,30.66,0.34,-0.46,0.65,-0.50,61.29,0.73,149
1970-01-01 00:01:42.512,-16.01,20.58,-0.69,20.26,-5.46,1.02,-7.79,2.05,1.02,6.23,10.52,-5.48,30.66,0.34,-0.46,0.65,-0.50,61.29,0.67,134
1970-01-01 00:01:42.545,-16.01,20.58,-0.69,20.26,-5.46,1.02,-7.79,2.05,1.02,6.23,10.52,-5.48,30.66,0.34,-0.46,0.65,-0.50,61.23,0.67,160
1970-01-01 00:01:42.577,-16.01,20.58,-0.69,20.26,-5.46,1.02,-7.79,2.05,1.02,6.23,10.52,-5.48,30.66,0.34,-0.46,0.65,-0.50,61.29,0.67,156
1970-01-01 00:01:42.610,-16.01,20.58,-0.69,20.26,-5.46,1.02,-7.79,2.05,1.02,6.23,10.52,-5.48,30.66,0.34,-0.46,0.65,-0.50,61.05,0.67,183
1970-01-01 00:01:42.642,-16.01,20.58,-0.69,20.26,-5.46,1.02,-7.79,2.05,1.02,6.23,10.52,-5.48,30.66,0.34,-0.46,0.65,-0.50,61.23,0.73,156
1970-01-01 00:01:42.675,-16.01,20.58,-0.69,20.26,-5.46,1.02,-7.79,2.05,1.02,6.23,10.52,-5.48,30.66,0.34,-0.46,0.65,-0.50,61.29,0.67,161
1970-01-01 00:01:42.707,-16.01,20.58,-0.69,20.26,-5.46,1.02,-7.79,2.05,1.02,6.23,10.52,-5.48,30.66,0.34,-0.46,0.65,-0.50,61.11,0.67,154
1970-01-01 00:01:42.740,-16.01,20.58,-0.69,20.26,-5.46,1.02,-7.79,2.05,1.02,6.23,10.52,-5.48,30.66,0.34,-0.46,0.65,-0.50,61.29,0.67,157
1970-01-01 00:01:42.772,-16.01,20.58,-0.69,20.26,-5.46,1.02,-7.79,2.05,1.02,6.23,10.52,-5.48,30.66,0.34,-0.46,0.65,-0.50,61.17,0.67,154
1970-01-01 00:01:42.805,-16.01,20.58,-0.69,20.26,-5.46,1.02,-7.79,2.05,1.02,6.23,10.52,-5.48,30.66,0.34,-0.46,0.65,-0.50,61.17,0.67,156
1970-01-01 00:01:42.837,-16.01,20.58,-0.69,20.26,-5.46,1.02,-7.79,2.05,1.02,6.23,10.52,-5.48,30.66,0.34,-0.46,0.65,-0.50,61.36,0.67,155
1970-01-01 00:01:42.870,-16.01,20.58,-0.69,20.26,-5.46,1.02,-7.79,2.05,1.02,6.23,10.52,-5.48,30.66,0.34,-0.46,0.65,-0.50,61.23,0.73,156
1970-01-01 00:01:42.903,-16.01,20.58,-0.69,20.26,-5.46,1.02,-7.79,2.05,1.02,6.23,10.52,-5.48,30.66,0.34,-0.46,0.65,-0.50,61.42,0.61,156
1970-01-01 00:01:42.936,-16.01,20.58,-0.69,20.26,-5.46,1.02,-7.79,2.05,1.02,6.23,10.52,-5.48,30.66,0.34,-0.46,0.65,-0.50,61.42,0.67,160
1970-01-01 00:01:42.968,-16.01,20.58,-0.69,20.26,-5.46,1.02,-7.79,2.05,1.02,6.23,10.52,-5.48,30.66,0.34,-0.46,0.65,-0.50,61.17,0.67,162
1970-01-01 00:01:43.001,-16.01,20.58,-0.69,20.26,-5.46,1.02,-7.79,2.05,1.02,6.23,10.52,-5.48,30.66,0.34,-0.46,0.65,-0.50,61.42,0.61,157
1970-01-01 00:01:43.034,-16.01,20.58,-0.69,20.26,-5.46,1.02,-7.79,2.05,1.02,6.23,10.52,-5.48,30.66,0.34,-0.46,0.65,-0.50,61.36,0.61,157
1970-01-01 00:01:43.067,-16.01,20.58,-0.69,20.26,-5.46,1.02,-7.79,2.05,1.02,6.23,10.52,-5.48,30.66,0.34,-0.46,0.65,-0.50,61.42,0.61,159
1970-01-01 00:01:43.100,-16.01,20.58,-0.69,20.26,-5.46,1.02,-7.79,2.05,1.02,6.23,10.52,-5.48,30.66,0.34,-0.46,0.65,-0.50,61.23,0.67,157
1970-01-01 00:01:43.133,-16.01,20.58,-0.69,20.26,-5.46,1.02,-7.79,2.05,1.02,6.23,10.52,-5.48,30.66,0.34,-0.46,0.65,-0.50,61.42,0.61,151
1970-01-01 00:01:43.166,-16.01,20.58,-0.69,20.26,-5.46,1.02,-7.79,2.05,1.02,6.23,10.52,-5.48,30.66,0.34,-0.46,0.65,-0.50,61.36,0.61,156
1970-01-01 00:01:43.198,-16.01,20.58,-0.69,20.26,-5.46,1.02,-7.79,2.05,1.02,6.23,10.52,-5.48,30.66,0.34,-0.46,0.65,-0.50,61.23,0.67,152
1970-01-01 00:01:43.231,-16.01,20.58,-0.69,20.26,-5.46,1.02,-7.79,2.05,1.02,6.23,10.52,-5.48,30.66,0.34,-0.46,0.65,-0.50,61.36,0.67,156
1970-01-01 00:01:43.264,-16.01,20.58,-0.69,20.26,-5.46,1.02,-7.79,2.05,1.02,6.23,10.52,-5.48,30.66,0.34,-0.46,0.65,-0.50,61.36,0.67,158
1970-01-01 00:01:43.297,-16.01,20.58,-0.69,20.26,-5.46,1.02,-7.79,2.05,1.02,6.23,10.52,-5.48,30.66,0.34,-0.46,0.65,-0.50,61.11,0.67,157
1970-01-01 00:01:43.330,-16.01,20.58,-0.69,20.26,-5.46,1.02,-7.79,2.05,1.02,6.23,10.52,-5.48,30.66,0.34,-0.46,0.65,-0.50,61.42,0.67,156
1970-01-01 00:01:43.363,-16.01,20.58,-0.69,20.26,-5.46,1.02,-7.79,2.05,1.02,6.23,10.52,-5.48,30.66,0.34,-0.46,0.65,-0.50,61.05,0.67,180
1970-01-01 00:01:43.395,-16.01,20.58,-0.69,20.26,-5.46,1.02,-7.79,2.05,1.02,6.23,10.52,-5.48,30.66,0.34,-0.46,0.65,-0.50,61.42,0.67,163
1970-01-01 00:01:43.428,-16.01,20.58,-0.69,20.26,-5.46,1.02,-7.79,2.05,1.02,6.23,10.52,-5.48,30.66,0.34,-0.46,0.65,-0.50,61.36,0.61,155
1970-01-01 00:01:43.463,-16.01,20.58,-0.69,20.26,-5.46,1.02,-7.79,2.05,1.02,6.23,10.52,-5.48,30.66,0.34,-0.46,0.65,-0.50,61.36,0.67,157
1970-01-01 00:01:43.496,-16.01,20.58,-0.69,20.26,-5.46,1.02,-7.79,2.05,1.02,6.23,10.52,-5.48,30.66,0.34,-0.46,0.65,-0.50,61.17,0.73,154
1970-01-01 00:01:43.529,-16.01,20.58,-0.69,20.26,-5.46,1.02,-7.79,2.05,1.02,6.23,10.52,-5.48,30.66,0.34,-0.46,0.65,-0.50,61.42,0.61,157
1970-01-01 00:01:43.561,-16.01,20.58,-0.69,20.26,-5.46,1.02,-7.79,2.05,1.02,6.23,10.52,-5.48,30.66,0.34,-0.46,0.65,-0.50,61.17,0.67,157
1970-01-01 00:01:43.593,-16.01,20.58,-0.69,20.26,-5.46,1.02,-7.79,2.05,1.02,6.23,10.52,-5.48,30.66,0.34,-0.46,0.65,-0.50,61.42,0.61,156
1970-01-01 00:01:43.625,-16.01,20.58,-0.69,20.26,-5.46,1.02,-7.79,2.05,1.02,6.23,10.52,-5.48,30.66,0.34,-0.46,0.65,-0.50,61.36,0.67,157
1970-01-01 00:01:43.658,-16.01,20.58,-0.69,20.26,-5.46,1.02,-7.79,2.05,1.02,6.23,10.52,-5.48,30.66,0.34,-0.46,0.65,-0.50,61.11,0.67,155
1970-01-01 00:01:43.690,-16.01,20.58,-0.69,20.26,-5.46,1.02,-7.79,2.05,1.02,6.23,10.52,-5.48,30.66,0.34,-0.46,0.65,-0.50,61.23,0.67,151
1970-01-01 00:01:43.723,-16.01,20.58,-0.69,20.26,-5.46,1.02,-7.79,2.05,1.02,6.23,10.52,-5.48,30.66,0.34,-0.46,0.65,-0.50,61.42,0.55,158
1970-01-01 00:01:43.755,-16.01,20.58,-0.69,20.26,-5.46,1.02,-7.79,2.05,1.02,6.23,10.52,-5.48,30.66,0.34,-0.46,0.65,-0.50,61.17,0.67,158
1970-01-01 00:01:43.788,-16.01,20.58,-0.69,20.26,-5.46,1.02,-7.79,2.05,1.02,6.23,10.52,-5.48,30.66,0.34,-0.46,0.65,-0.50,61.42,0.67,154
1970-01-01 00:01:43.821,-16.01,20.58,-0.69,20.26,-5.46,1.02,-7.79,2.05,1.02,6.23,10.52,-5.48,30.66,0.34,-0.46,0.65,-0.50,61.36,0.73,158
1970-01-01 00:01:43.853,-16.01,20.58,-0.69,20.26,-5.46,1.02,-7.79,2.05,1.02,6.23,10.52,-5.48,30.66,0.34,-0.46,0.65,-0.50,61.36,0.61,158
1970-01-01 00:01:43.886,-16.01,20.58,-0.69,20.26,-5.46,1.02,-7.79,2.05,1.02,6.23,10.52,-5.48,30.66,0.34,-0.46,0.65,-0.50,61.36,0.61,157
1970-01-01 00:01:43.919,-16.01,20.58,-0.69,20.26,-5.46,1.02,-7.79,2.05,1.02,6.23,10.52,-5.48,30.66,0.34,-0.46,0.65,-0.50,61.42,0.61,149
1970-01-01 00:01:43.952,-16.01,20.58,-0.69,20.26,-5.46,1.02,-7.79,2.05,1.02,6.23,10.52,-5.48,30.66,0.34,-0.46,0.65,-0.50,61.29,0.61,156
1970-01-01 00:01:43.984,-16.01,20.58,-0.69,20.26,-5.46,1.02,-7.79,2.05,1.02,6.23,10.52,-5.48,30.66,0.34,-0.46,0.65,-0.50,61.17,0.67,158
1970-01-01 00:01:44.017,-16.01,20.58,-0.69,20.26,-5.46,1.02,-7.79,2.05,1.02,6.23,10.52,-5.48,30.66,0.34,-0.46,0.65,-0.50,61.29,0.79,157
1970-01-01 00:01:44.050,-16.01,20.58,-0.69,20.26,-5.46,1.02,-7.79,2.05,1.02,6.23,10.52,-5.48,30.66,0.34,-0.46,0.65,-0.50,61.11,0.73,137
1970-01-01 00:01:44.083,-16.01,20.58,-0.69,20.26,-5.46,1.02,-7.79,2.05,1.02,6.23,10.52,-5.48,30.66,0.34,-0.46,0.65,-0.50,61.29,0.73,159
1970-01-01 00:01:44.116,-16.01,20.58,-0.69,20.26,-5.46,1.02,-7.79,2.05,1.02,6.23,10.52,-5.48,30.66,0.34,-0.46,0.65,-0.50,61.42,0.61,161
1970-01-01 00:01:44.149,-16.01,20.58,-0.69,20.26,-5.46,1.02,-7.79,2.05,1.02,6.23,10.52,-5.48,30.66,0.34,-0.46,0.65,-0.50,61.42,0.61,156
1970-01-01 00:01:44.181,-16.01,20.58,-0.69,20.26,-5.46,1.02,-7.79,2.05,1.02,6.23,10.52,-5.48,30.66,0.34,-0.46,0.65,-0.50,61.29,0.67,138
1970-01-01 00:01:44.214,-16.01,20.58,-0.69,20.26,-5.46,1.02,-7.79,2.05,1.02,6.23,10.52,-5.48,30.66,0.34,-0.46,0.65,-0.50,61.36,0.67,155
1970-01-01 00:01:44.247,-16.01,20.58,-0.69,20.26,-5.46,1.02,-7.79,2.05,1.02,6.23,10.52,-5.48,30.66,0.34,-0.46,0.65,-0.50,61.17,0.67,158
1970-01-01 00:01:44.280,-16.01,20.58,-0.69,20.26,-5.46,1.02,-7.79,2.05,1.02,6.23,10.52,-5.48,30.66,0.34,-0.46,0.65,-0.50,61.23,0.67,152
1970-01-01 00:01:44.313,-16.01,20.58,-0.69,20.26,-5.46,1.02,-7.79,2.05,1.02,6.23,10.52,-5.48,30.66,0.34,-0.46,0.65,-0.50,61.17,0.73,157
1970-01-01 00:01:44.346,-16.01,20.58,-0.69,20.26,-5.46,1.02,-7.79,2.05,1.02,6.23,10.52,-5.48,30.66,0.34,-0.46,0.65,-0.50,61.23,0.73,158
1970-01-01 00:01:44.379,-16.01,20.58,-0.69,20.26,-5.46,1.02,-7.79,2.05,1.02,6.23,10.52,-5.48,30.66,0.34,-0.46,0.65,-0.50,61.42,0.67,155
1970-01-01 00:01:44.411,-16.01,20.58,-0.69,20.26,-5.46,1.02,-7.79,2.05,1.02,6.23,10.52,-5.48,30.66,0.34,-0.46,0.65,-0.50,61.23,0.73,157
1970-01-01 00:01:44.444,-16.01,20.58,-0.69,20.26,-5.46,1.02,-7.79,2.05,1.02,6.23,10.52,-5.48,30.66,0.34,-0.46,0.65,-0.50,61.29,0.61,157
1970-01-01 00:01:44.477,-16.01,20.58,-0.69,20.26,-5.46,1.02,-7.79,2.05,1.02,6.23,10.52,-5.48,30.66,0.34,-0.46,0.65,-0.50,61.17,0.67,155
1970-01-01 00:01:44.510,-16.01,20.58,-0.69,20.26,-5.46,1.02,-7.79,2.05,1.02,6.23,10.52,-5.48,30.66,0.34,-0.46,0.65,-0.50,61.48,0.67,154
1970-01-01 00:01:44.542,-16.01,20.58,-0.69,20.26,-5.46,1.02,-7.79,2.05,1.02,6.23,10.52,-5.48,30.66,0.34,-0.46,0.65,-0.50,61.29,0.73,151
1970-01-01 00:01:44.574,-16.01,20.58,-0.69,20.26,-5.46,1.02,-7.79,2.05,1.02,6.23,10.52,-5.48,30.66,0.34,-0.46,0.65,-0.50,61.36,0.67,156
1970-01-01 00:01:44.606,-16.01,20.58,-0.69,20.26,-5.46,1.02,-7.79,2.05,1.02,6.23,10.52,-5.48,30.66,0.34,-0.46,0.65,-0.50,61.17,0.73,160
1970-01-01 00:01:44.638,-16.01,20.58,-0.69,20.26,-5.46,1.02,-7.79,2.05,1.02,6.23,10.52,-5.48,30.66,0.34,-0.46,0.65,-0.50,61.29,0.67,158
1970-01-01 00:01:44.671,-16.01,20.58,-0.69,20.26,-5.46,1.02,-7.79,2.05,1.02,6.23,10.52,-5.48,30.66,0.34,-0.46,0.65,-0.50,61.23,0.67,153
1970-01-01 00:01:44.704,-16.01,20.58,-0.69,20.26,-5.46,1.02,-7.79,2.05,1.02,6.23,10.52,-5.48,30.66,0.34,-0.46,0.65,-0.50,61.29,0.61,144
1970-01-01 00:01:44.736,-16.01,20.58,-0.69,20.26,-5.46,1.02,-7.79,2.05,1.02,6.23,10.52,-5.48,30.66,0.34,-0.46,0.65,-0.50,61.29,0.67,161
1970-01-01 00:01:44.768,-16.01,20.58,-0.69,20.26,-5.46,1.02,-7.79,2.05,1.02,6.23,10.52,-5.48,30.66,0.34,-0.46,0.65,-0.50,61.17,0.67,154
1970-01-01 00:01:44.801,-16.01,20.58,-0.69,20.26,-5.46,1.02,-7.79,2.05,1.02,6.23,10.52,-5.48,30.66,0.34,-0.46,0.65,-0.50,61.36,0.61,158
1970-01-01 00:01:44.834,-16.01,20.58,-0.69,20.26,-5.46,1.02,-7.79,2.05,1.02,6.23,10.52,-5.48,30.66,0.34,-0.46,0.65,-0.50,61.36,0.55,157
1970-01-01 00:01:44.867,-16.01,20.58,-0.69,20.26,-5.46,1.02,-7.79,2.05,1.02,6.23,10.52,-5.48,30.66,0.34,-0.46,0.65,-0.50,61.05,0.67,155
1970-01-01 00:01:44.900,-16.01,20.58,-0.69,20.26,-5.46,1.02,-7.79,2.05,1.02,6.23,10.52,-5.48,30.66,0.34,-0.46,0.65,-0.50,61.23,0.67,162
1970-01-01 00:01:44.933,-16.01,20.58,-0.69,20.26,-5.46,1.02,-7.79,2.05,1.02,6.23,10.52,-5.48,30.66,0.34,-0.46,0.65,-0.50,61.29,0.67,154
1970-01-01 00:01:44.965,-16.01,20.58,-0.69,20.26,-5.46,1.02,-7.79,2.05,1.02,6.23,10.52,-5.48,30.66,0.34,-0.46,0.65,-0.50,61.42,0.67,158
1970-01-01 00:01:44.998,-16.01,20.58,-0.69,20.26,-5.46,1.02,-7.79,2.05,1.02,6.23,10.52,-5.48,30.66,0.34,-0.46,0.65,-0.50,61.42,0.67,136
1970-01-01 00:01:45.031,-16.01,20.58,-0.69,20.26,-5.46,1.02,-7.79,2.05,1.02,6.23,10.52,-5.48,30.66,0.34,-0.46,0.65,-0.50,61.23,0.67,153
1970-01-01 00:01:45.064,-16.01,20.58,-0.69,20.26,-5.46,1.02,-7.79,2.05,1.02,6.23,10.52,-5.48,30.66,0.34,-0.46,0.65,-0.50,61.23,0.73,158
1970-01-01 00:01:45.097,-16.01,20.58,-0.69,20.26,-5.46,1.02,-7.79,2.05,1.02,6.23,10.52,-5.48,30.66,0.34,-0.46,0.65,-0.50,61.48,0.49,185
1970-01-01 00:01:45.129,-16.01,20.58,-0.69,20.26,-5.46,1.02,-7.79,2.05,1.02,6.23,10.52,-5.48,30.66,0.34,-0.46,0.65,-0.50,61.17,0.73,156
1970-01-01 00:01:45.162,-16.01,20.58,-0.69,20.26,-5.46,1.02,-7.79,2.05,1.02,6.23,10.52,-5.48,30.66,0.34,-0.46,0.65,-0.50,61.23,0.61,155
1970-01-01 00:01:45.195,-16.01,20.58,-0.69,20.26,-5.46,1.02,-7.79,2.05,1.02,6.23,10.52,-5.48,30.66,0.34,-0.46,0.65,-0.50,61.36,0.61,157
1970-01-01 00:01:45.228,-16.01,20.58,-0.69,20.26,-5.46,1.02,-7.79,2.05,1.02,6.23,10.52,-5.48,30.66,0.34,-0.46,0.65,-0.50,61.23,0.67,157
1970-01-01 00:01:45.261,-16.01,20.58,-0.69,20.26,-5.46,1.02,-7.79,2.05,1.02,6.23,10.52,-5.48,30.66,0.34,-0.46,0.65,-0.50,61.42,0.67,156
1970-01-01 00:01:45.294,-16.01,20.58,-0.69,20.26,-5.46,1.02,-7.79,2.05,1.02,6.23,10.52,-5.48,30.66,0.34,-0.46,0.65,-0.50,61.36,0.61,154
1970-01-01 00:01:45.326,-16.01,20.58,-0.69,20.26,-5.46,1.02,-7.79,2.05,1.02,6.23,10.52,-5.48,30.66,0.34,-0.46,0.65,-0.50,61.29,0.61,131
1970-01-01 00:01:45.359,-16.01,20.58,-0.69,20.26,-5.46,1.02,-7.79,2.05,1.02,6.23,10.52,-5.48,30.66,0.34,-0.46,0.65,-0.50,61.17,0.67,156
1970-01-01 00:01:45.392,-16.01,20.58,-0.69,20.26,-5.46,1.02,-7.79,2.05,1.02,6.23,10.52,-5.48,30.66,0.34,-0.46,0.65,-0.50,61.11,0.61,158
1970-01-01 00:01:45.425,-16.01,20.58,-0.69,20.26,-5.46,1.02,-7.79,2.05,1.02,6.23,10.52,-5.48,30.66,0.34,-0.46,0.65,-0.50,61.36,0.73,156
1970-01-01 00:01:45.458,-16.01,20.58,-0.69,20.26,-5.46,1.02,-7.79,2.05,1.02,6.23,10.52,-5.48,30.66,0.34,-0.46,0.65,-0.50,61.23,0.67,157
1970-01-01 00:01:45.490,-16.01,20.58,-0.69,20.26,-5.46,1.02,-7.79,2.05,1.02,6.23,10.52,-5.48,30.66,0.34,-0.46,0.65,-0.50,61.42,0.55,147
1970-01-01 00:01:45.522,-16.01,20.58,-0.69,20.26,-5.46,1.02,-7.79,2.05,1.02,6.23,10.52,-5.48,30.66,0.34,-0.46,0.65,-0.50,61.42,0.67,155
1970-01-01 00:01:45.554,-16.01,20.58,-0.69,20.26,-5.46,1.02,-7.79,2.05,1.02,6.23,10.52,-5.48,30.66,0.34,-0.46,0.65,-0.50,61.23,0.67,155
1970-01-01 00:01:45.586,-16.01,20.58,-0.69,20.26,-5.46,1.02,-7.79,2.05,1.02,6.23,10.52,-5.48,30.66,0.34,-0.46,0.65,-0.50,61.29,0.61,161
1970-01-01 00:01:45.618,-16.01,20.58,-0.69,20.26,-5.46,1.02,-7.79,2.05,1.02,6.23,10.52,-5.48,30.66,0.34,-0.46,0.65,-0.50,61.17,0.73,160
1970-01-01 00:01:45.651,-16.01,20.58,-0.69,20.26,-5.46,1.02,-7.79,2.05,1.02,6.23,10.52,-5.48,30.66,0.34,-0.46,0.65,-0.50,61.36,0.67,157
1970-01-01 00:01:45.683,-16.01,20.58,-0.69,20.26,-5.46,1.02,-7.79,2.05,1.02,6.23,10.52,-5.48,30.66,0.34,-0.46,0.65,-0.50,61.36,0.61,152
1970-01-01 00:01:45.716,-16.01,20.58,-0.69,20.26,-5.46,1.02,-7.79,2.05,1.02,6.23,10.52,-5.48,30.66,0.34,-0.46,0.65,-0.50,61.42,0.67,157
1970-01-01 00:01:45.748,-16.01,20.58,-0.69,20.26,-5.46,1.02,-7.79,2.05,1.02,6.23,10.52,-5.48,30.66,0.34,-0.46,0.65,-0.50,61.36,0.67,156
1970-01-01 00:01:45.781,-16.01,20.58,-0.69,20.26,-5.46,1.02,-7.79,2.05,1.02,6.23,10.52,-5.48,30.66,0.34,-0.46,0.65,-0.50,61.29,0.67,156
1970-01-01 00:01:45.814,-16.01,20.58,-0.69,20.26,-5.46,1.02,-7.79,2.05,1.02,6.23,10.52,-5.48,30.66,0.34,-0.46,0.65,-0.50,61.17,0.61,158
1970-01-01 00:01:45.847,-16.01,20.58,-0.69,20.26,-5.46,1.02,-7.79,2.05,1.02,6.23,10.52,-5.48,30.66,0.34,-0.46,0.65,-0.50,60.99,0.73,158
1970-01-01 00:01:45.880,-16.01,20.58,-0.69,20.26,-5.46,1.02,-7.79,2.05,1.02,6.23,10.52,-5.48,30.66,0.34,-0.46,0.65,-0.50,61.29,0.61,158
1970-01-01 00:01:45.913,-16.01,20.58,-0.69,20.26,-5.46,1.02,-7.79,2.05,1.02,6.23,10.52,-5.48,30.66,0.34,-0.46,0.65,-0.50,61.23,0.67,156
1970-01-01 00:01:45.945,-16.01,20.58,-0.69,20.26,-5.46,1.02,-7.79,2.05,1.02,6.23,10.52,-5.48,30.66,0.34,-0.46,0.65,-0.50,61.23,0.67,155
1970-01-01 00:01:45.978,-16.01,20.58,-0.69,20.26,-5.46,1.02,-7.79,2.05,1.02,6.23,10.52,-5.48,30.66,0.34,-0.46,0.65,-0.50,61.29,0.61,156
1970-01-01 00:01:46.011,-16.01,20.58,-0.69,20.26,-5.46,1.02,-7.79,2.05,1.02,6.23,10.52,-5.48,30.66,0.34,-0.46,0.65,-0.50,61.05,0.73,154
1970-01-01 00:01:46.044,-16.01,20.58,-0.69,20.26,-5.46,1.02,-7.79,2.05,1.02,6.23,10.52,-5.48,30.66,0.34,-0.46,0.65,-0.50,61.36,0.73,159
1970-01-01 00:01:46.077,-16.01,20.58,-0.69,20.26,-5.46,1.02,-7.79,2.05,1.02,6.23,10.52,-5.48,30.66,0.34,-0.46,0.65,-0.50,61.36,0.67,153
1970-01-01 00:01:46.109,-16.01,20.58,-0.69,20.26,-5.46,1.02,-7.79,2.05,1.02,6.23,10.52,-5.48,30.66,0.34,-0.46,0.65,-0.50,61.23,0.67,158
1970-01-01 00:01:46.142,-16.01,20.58,-0.69,20.26,-5.46,1.02,-7.79,2.05,1.02,6.23,10.52,-5.48,30.66,0.34,-0.46,0.65,-0.50,61.23,0.67,157
1970-01-01 00:01:46.175,-16.01,20.58,-0.69,20.26,-5.46,1.02,-7.79,2.05,1.02,6.23,10.52,-5.48,30.66,0.34,-0.46,0.65,-0.50,61.42,0.67,157
1970-01-01 00:01:46.208,-16.01,20.58,-0.69,20.26,-5.46,1.02,-7.79,2.05,1.02,6.23,10.52,-5.48,30.66,0.34,-0.46,0.65,-0.50,61.23,0.73,154
1970-01-01 00:01:46.241,-16.01,20.58,-0.69,20.26,-5.46,1.02,-7.79,2.05,1.02,6.23,10.52,-5.48,30.66,0.34,-0.46,0.65,-0.50,61.36,0.67,154
1970-01-01 00:01:46.274,-16.01,20.58,-0.69,20.26,-5.46,1.02,-7.79,2.05,1.02,6.23,10.52,-5.48,30.66,0.34,-0.46,0.65,-0.50,61.29,0.73,159
1970-01-01 00:01:46.307,-16.01,20.58,-0.69,20.26,-5.46,1.02,-7.79,2.05,1.02,6.23,10.52,-5.48,30.66,0.34,-0.46,0.65,-0.50,61.36,0.61,157
1970-01-01 00:01:46.339,-16.01,20.58,-0.69,20.26,-5.46,1.02,-7.79,2.05,1.02,6.23,10.52,-5.48,30.66,0.34,-0.46,0.65,-0.50,61.29,0.61,158
1970-01-01 00:01:46.372,-16.01,20.58,-0.69,20.26,-5.46,1.02,-7.79,2.05,1.02,6.23,10.52,-5.48,30.66,0.34,-0.46,0.65,-0.50,61.29,0.61,154
1970-01-01 00:01:46.405,-16.01,20.58,-0.69,20.26,-5.46,1.02,-7.79,2.05,1.02,6.23,10.52,-5.48,30.66,0.34,-0.46,0.65,-0.50,61.29,0.67,155
1970-01-01 00:01:46.438,-16.01,20.58,-0.69,20.26,-5.46,1.02,-7.79,2.05,1.02,6.23,10.52,-5.48,30.66,0.34,-0.46,0.65,-0.50,61.05,0.79,114
1970-01-01 00:01:46.470,-16.01,20.58,-0.69,20.26,-5.46,1.02,-7.79,2.05,1.02,6.23,10.52,-5.48,30.66,0.34,-0.46,0.65,-0.50,61.42,0.61,155
1970-01-01 00:01:46.502,-16.01,20.58,-0.69,20.26,-5.46,1.02,-7.79,2.05,1.02,6.23,10.52,-5.48,30.66,0.34,-0.46,0.65,-0.50,61.11,0.73,159
1970-01-01 00:01:46.534,-16.01,20.58,-0.69,20.26,-5.46,1.02,-7.79,2.05,1.02,6.23,10.52,-5.48,30.66,0.34,-0.46,0.65,-0.50,61.36,0.67,157
1970-01-01 00:01:46.566,-16.01,20.58,-0.69,20.26,-5.46,1.02,-7.79,2.05,1.02,6.23,10.52,-5.48,30.66,0.34,-0.46,0.65,-0.50,61.23,0.67,155
1970-01-01 00:01:46.599,-16.01,20.58,-0.69,20.26,-5.46,1.02,-7.79,2.05,1.02,6.23,10.52,-5.48,30.66,0.34,-0.46,0.65,-0.50,61.23,0.67,156
1970-01-01 00:01:46.632,-16.01,20.58,-0.69,20.26,-5.46,1.02,-7.79,2.05,1.02,6.23,10.52,-5.48,30.66,0.34,-0.46,0.65,-0.50,61.17,0.67,157
1970-01-01 00:01:46.664,-16.01,20.58,-0.69,20.26,-5.46,1.02,-7.79,2.05,1.02,6.23,10.52,-5.48,30.66,0.34,-0.46,0.65,-0.50,61.42,0.67,158
1970-01-01 00:01:46.696,-16.01,20.58,-0.69,20.26,-5.46,1.02,-7.79,2.05,1.02,6.23,10.52,-5.48,30.66,0.34,-0.46,0.65,-0.50,61.11,0.67,157
1970-01-01 00:01:46.729,-16.01,20.58,-0.69,20.26,-5.46,1.02,-7.79,2.05,1.02,6.23,10.52,-5.48,30.66,0.34,-0.46,0.65,-0.50,61.36,0.61,157
1970-01-01 00:01:46.762,-16.01,20.58,-0.69,20.26,-5.46,1.02,-7.79,2.05,1.02,6.23,10.52,-5.48,30.66,0.34,-0.46,0.65,-0.50,61.23,0.67,157
1970-01-01 00:01:46.795,-16.01,20.58,-0.69,20.26,-5.46,1.02,-7.79,2.05,1.02,6.23,10.52,-5.48,30.66,0.34,-0.46,0.65,-0.50,61.29,0.67,153
1970-01-01 00:01:46.828,-16.01,20.58,-0.69,20.26,-5.46,1.02,-7.79,2.05,1.02,6.23,10.52,-5.48,30.66,0.34,-0.46,0.65,-0.50,61.29,0.61,157
1970-01-01 00:01:46.860,-16.01,20.58,-0.69,20.26,-5.46,1.02,-7.79,2.05,1.02,6.23,10.52,-5.48,30.66,0.34,-0.46,0.65,-0.50,61.36,0.67,157
1970-01-01 00:01:46.893,-16.01,20.58,-0.69,20.26,-5.46,1.02,-7.79,2.05,1.02,6.23,10.52,-5.48,30.66,0.34,-0.46,0.65,-0.50,61.17,0.67,157
1970-01-01 00:01:46.926,-16.01,20.58,-0.69,20.26,-5.46,1.02,-7.79,2.05,1.02,6.23,10.52,-5.48,30.66,0.34,-0.46,0.65,-0.50,61.42,0.55,163
1970-01-01 00:01:46.959,-16.01,20.58,-0.69,20.26,-5.46,1.02,-7.79,2.05,1.02,6.23,10.52,-5.48,30.66,0.34,-0.46,0.65,-0.50,61.05,0.73,158
1970-01-01 00:01:46.992,-16.01,20.58,-0.69,20.26,-5.46,1.02,-7.79,2.05,1.02,6.23,10.52,-5.48,30.66,0.34,-0.46,0.65,-0.50,61.36,0.61,157
1970-01-01 00:01:47.025,-16.01,20.58,-0.69,20.26,-5.46,1.02,-7.79,2.05,1.02,6.23,10.52,-5.48,30.66,0.34,-0.46,0.65,-0.50,61.17,0.73,158
1970-01-01 00:01:47.057,-16.01,20.58,-0.69,20.26,-5.46,1.02,-7.79,2.05,1.02,6.23,10.52,-5.48,30.66,0.34,-0.46,0.65,-0.50,61.36,0.61,156
1970-01-01 00:01:47.090,-16.01,20.58,-0.69,20.26,-5.46,1.02,-7.79,2.05,1.02,6.23,10.52,-5.48,30.66,0.34,-0.46,0.65,-0.50,61.11,0.67,156
